56.9547	29.2261	8.5391	27.7286	8.96038
56.9547	29.2261	8.5391	27.7286	8.96038
59.1098	21.2481	11.0009	37.8618	6.49856
59.1098	21.2481	11.0009	37.8618	6.49856
57.0884	30.7195	8.1392	26.3689	9.36029
57.0884	30.7195	8.1392	26.3689	9.36029
61.2731	18.7929	11.8452	42.4802	5.65429
61.2731	18.7929	11.8452	42.4802	5.65429
158.541	1.48484	16.3852	157.056	1.11433
158.541	1.48484	16.3852	157.056	1.11433
75.6503	11.7599	14.2553	63.8904	3.24419
75.6503	11.7599	14.2553	63.8904	3.24419
96.3479	7.47577	15.4715	88.8721	2.02801
96.3479	7.47577	15.4715	88.8721	2.02801
95.4127	87.7945	2.06244	7.61819	15.4371
95.4127	87.7945	2.06244	7.61819	15.4371
69.5077	55.6133	3.94957	13.8944	13.5499
69.5077	55.6133	3.94957	13.8944	13.5499
85.121	75.6802	2.54335	9.44083	14.9561
85.121	75.6802	2.54335	9.44083	14.9561
59.1657	37.9979	6.47142	21.1679	11.0281
59.1657	37.9979	6.47142	21.1679	11.0281
58.8187	21.6887	10.8525	37.13	6.64699
58.8187	21.6887	10.8525	37.13	6.64699
67.637	14.7173	13.2682	52.9197	4.2313
67.637	14.7173	13.2682	52.9197	4.2313
56.9383	28.6939	8.68651	28.2444	8.81298
56.9383	28.6939	8.68651	28.2444	8.81298
103.186	96.6657	1.81031	6.52038	15.6892
103.186	96.6657	1.81031	6.52038	15.6892
68.9171	54.7742	4.03421	14.1429	13.4653
68.9171	54.7742	4.03421	14.1429	13.4653
60.9493	19.0974	11.7392	41.8519	5.76026
60.9493	19.0974	11.7392	41.8519	5.76026
72.681	12.7034	13.949	59.9776	3.5505
72.681	12.7034	13.949	59.9776	3.5505
65.1154	49.0866	4.68687	16.0289	12.8126
65.1154	49.0866	4.68687	16.0289	12.8126
66.9974	51.9723	4.33761	15.025	13.1619
66.9974	51.9723	4.33761	15.025	13.1619
56.9391	28.1933	8.82749	28.7459	8.67199
56.9391	28.1933	8.82749	28.7459	8.67199
82.4726	72.4638	2.70692	10.0088	14.7926
82.4726	72.4638	2.70692	10.0088	14.7926
61.1497	42.2426	5.69405	18.9071	11.8054
61.1497	42.2426	5.69405	18.9071	11.8054
63.7979	46.9557	4.97158	16.8422	12.5279
63.7979	46.9557	4.97158	16.8422	12.5279
66.8946	15.0759	13.1443	51.8187	4.35522
66.8946	15.0759	13.1443	51.8187	4.35522
60.0702	40.0514	6.07903	20.0188	11.4205
60.0702	40.0514	6.07903	20.0188	11.4205
61.3728	42.6704	5.62273	18.7024	11.8768
61.3728	42.6704	5.62273	18.7024	11.8768
85.9309	76.6541	2.49724	9.27682	15.0023
85.9309	76.6541	2.49724	9.27682	15.0023
58.8929	37.3203	6.60798	21.5726	10.8915
58.8929	37.3203	6.60798	21.5726	10.8915
56.9676	27.5026	9.02571	29.4649	8.47377
56.9676	27.5026	9.02571	29.4649	8.47377
57.0051	27.0418	9.16033	29.9633	8.33916
57.0051	27.0418	9.16033	29.9633	8.33916
71.1545	57.9059	3.73172	13.2487	13.7678
71.1545	57.9059	3.73172	13.2487	13.7678
57.7467	33.9147	7.35102	23.832	10.1485
57.7467	33.9147	7.35102	23.832	10.1485
94.8422	7.70666	15.4154	87.1355	2.08407
94.8422	7.70666	15.4154	87.1355	2.08407
57.304	32.0403	7.80235	25.2637	9.69714
57.304	32.0403	7.80235	25.2637	9.69714
63.5915	46.6115	5.01986	16.98	12.4796
63.5915	46.6115	5.01986	16.98	12.4796
58.2191	35.4662	7.00052	22.7529	10.499
58.2191	35.4662	7.00052	22.7529	10.499
63.5694	46.5745	5.0251	16.9949	12.4744
63.5694	46.5745	5.0251	16.9949	12.4744
67.5441	14.7611	13.2531	52.783	4.2464
67.5441	14.7611	13.2531	52.783	4.2464
57.9307	34.5548	7.20391	23.3759	10.2956
57.9307	34.5548	7.20391	23.3759	10.2956
67.2393	52.3324	4.29674	14.9069	13.2027
67.2393	52.3324	4.29674	14.9069	13.2027
80.0732	10.5713	14.6251	69.5019	2.87443
80.0732	10.5713	14.6251	69.5019	2.87443
72.641	12.7171	13.9445	59.924	3.55502
72.641	12.7171	13.9445	59.924	3.55502
58.7942	37.0666	6.66003	21.7276	10.8395
58.7942	37.0666	6.66003	21.7276	10.8395
61.1978	18.8623	11.821	42.3355	5.67845
61.1978	18.8623	11.821	42.3355	5.67845
146.058	2.39953	16.3213	143.659	1.1782
146.058	2.39953	16.3213	143.659	1.1782
57.7696	33.9975	7.3318	23.7721	10.1677
57.7696	33.9975	7.3318	23.7721	10.1677
70.3634	56.8126	3.83323	13.5507	13.6663
70.3634	56.8126	3.83323	13.5507	13.6663
67.3357	52.4753	4.28068	14.8604	13.2188
67.3357	52.4753	4.28068	14.8604	13.2188
67.3478	14.8546	13.2208	52.4932	4.27868
67.3478	14.8546	13.2208	52.4932	4.27868
61.0357	42.021	5.73147	19.0146	11.768
61.0357	42.021	5.73147	19.0146	11.768
132.923	3.45109	16.2119	129.472	1.2876
132.923	3.45109	16.2119	129.472	1.2876
97.6224	7.28665	15.5164	90.3357	1.98307
97.6224	7.28665	15.5164	90.3357	1.98307
61.4727	42.8596	5.59156	18.613	11.9079
61.4727	42.8596	5.59156	18.613	11.9079
61.6734	18.4375	11.9692	43.2359	5.53028
61.6734	18.4375	11.9692	43.2359	5.53028
68.532	54.2218	4.09145	14.3103	13.408
68.532	54.2218	4.09145	14.3103	13.408
68.1636	53.6889	4.14783	14.4747	13.3517
68.1636	53.6889	4.14783	14.4747	13.3517
94.5825	7.74732	15.4054	86.8352	2.09407
94.5825	7.74732	15.4054	86.8352	2.09407
59.3166	38.359	6.4001	20.9576	11.0994
59.3166	38.359	6.4001	20.9576	11.0994
58.8024	21.7146	10.8438	37.0878	6.65567
58.8024	21.7146	10.8438	37.0878	6.65567
57.0404	30.319	8.24446	26.7215	9.25503
57.0404	30.319	8.24446	26.7215	9.25503
66.6354	15.2061	13.0992	51.4293	4.40034
66.6354	15.2061	13.0992	51.4293	4.40034
73.7398	12.3507	14.0646	61.3891	3.43486
73.7398	12.3507	14.0646	61.3891	3.43486
57.1739	25.8655	9.51243	31.3084	7.98706
57.1739	25.8655	9.51243	31.3084	7.98706
113.163	5.33633	15.9246	107.827	1.57488
113.163	5.33633	15.9246	107.827	1.57488
56.9693	27.4758	9.03349	29.4935	8.466
56.9693	27.4758	9.03349	29.4935	8.466
72.1044	12.9039	13.8827	59.2004	3.61683
72.1044	12.9039	13.8827	59.2004	3.61683
146.585	144.225	1.17479	2.35955	16.3247
146.585	144.225	1.17479	2.35955	16.3247
58.6716	36.7439	6.72702	21.9277	10.7725
58.6716	36.7439	6.72702	21.9277	10.7725
56.9418	28.0708	8.86234	28.8711	8.63714
56.9418	28.0708	8.86234	28.8711	8.63714
65.2479	15.9527	12.8392	49.2951	4.66028
65.2479	15.9527	12.8392	49.2951	4.66028
58.0157	34.8335	7.14098	23.1823	10.3585
58.0157	34.8335	7.14098	23.1823	10.3585
77.4155	66.1568	3.08584	11.2586	14.4136
77.4155	66.1568	3.08584	11.2586	14.4136
132.649	129.175	1.29045	3.47435	16.209
132.649	129.175	1.29045	3.47435	16.209
98.2079	7.20159	15.5363	91.0063	1.96315
98.2079	7.20159	15.5363	91.0063	1.96315
67.2447	14.9042	13.2037	52.3405	4.29583
67.2447	14.9042	13.2037	52.3405	4.29583
60.6576	41.2709	5.86064	19.3866	11.6388
60.6576	41.2709	5.86064	19.3866	11.6388
143.128	2.62464	16.3011	140.503	1.19842
143.128	2.62464	16.3011	140.503	1.19842
60.071	20.018	11.4208	40.053	6.07874
60.071	20.018	11.4208	40.053	6.07874
58.3228	35.773	6.93362	22.5498	10.5659
58.3228	35.773	6.93362	22.5498	10.5659
72.2533	59.4018	3.59946	12.8515	13.9
72.2533	59.4018	3.59946	12.8515	13.9
94.751	7.72091	15.4119	87.0301	2.08757
94.751	7.72091	15.4119	87.0301	2.08757
66.9163	51.8512	4.35148	15.0651	13.148
66.9163	51.8512	4.35148	15.0651	13.148
90.2009	8.47597	15.2197	81.725	2.27982
90.2009	8.47597	15.2197	81.725	2.27982
91.8575	83.6669	2.20564	8.19059	15.2939
91.8575	83.6669	2.20564	8.19059	15.2939
57.7223	33.8257	7.37175	23.8966	10.1277
57.7223	33.8257	7.37175	23.8966	10.1277
56.9367	28.5088	8.73838	28.428	8.76111
56.9367	28.5088	8.73838	28.428	8.76111
56.9427	28.9056	8.62756	28.0371	8.87193
56.9427	28.9056	8.62756	28.0371	8.87193
57.0096	30.0122	8.32607	26.9974	9.17342
57.0096	30.0122	8.32607	26.9974	9.17342
130.857	3.62817	16.1898	127.229	1.30971
130.857	3.62817	16.1898	127.229	1.30971
57.997	23.2241	10.3449	34.7729	7.15461
57.997	23.2241	10.3449	34.7729	7.15461
57.7875	23.726	10.1825	34.0614	7.31699
57.7875	23.726	10.1825	34.0614	7.31699
131.508	3.57199	16.1969	127.936	1.30259
131.508	3.57199	16.1969	127.936	1.30259
102.195	6.65048	15.6609	95.544	1.83855
102.195	6.65048	15.6609	95.544	1.83855
57.029	30.2107	8.27316	26.8183	9.22633
57.029	30.2107	8.27316	26.8183	9.22633
71.3233	13.186	13.7887	58.1373	3.71077
71.3233	13.186	13.7887	58.1373	3.71077
88.1264	79.2739	2.38038	8.85245	15.1191
88.1264	79.2739	2.38038	8.85245	15.1191
59.7629	20.3816	11.2959	39.3813	6.2036
59.7629	20.3816	11.2959	39.3813	6.2036
75.6771	11.7519	14.2578	63.9252	3.24166
75.6771	11.7519	14.2578	63.9252	3.24166
65.618	49.8733	4.58769	15.7447	12.9118
65.618	49.8733	4.58769	15.7447	12.9118
60.6608	41.2775	5.8595	19.3833	11.64
60.6608	41.2775	5.8595	19.3833	11.64
57.2413	31.7054	7.88626	25.5359	9.61323
57.2413	31.7054	7.88626	25.5359	9.61323
66.6673	51.4774	4.39473	15.1899	13.1048
66.6673	51.4774	4.39473	15.1899	13.1048
74.9645	62.9988	3.31015	11.9657	14.1893
74.9645	62.9988	3.31015	11.9657	14.1893
72.1866	59.3117	3.60722	12.8749	13.8923
72.1866	59.3117	3.60722	12.8749	13.8923
72.9423	60.3278	3.52124	12.6145	13.9783
72.9423	60.3278	3.52124	12.6145	13.9783
83.5481	73.7761	2.63801	9.772	14.8615
83.5481	73.7761	2.63801	9.772	14.8615
62.347	17.8842	12.1627	44.4628	5.33678
62.347	17.8842	12.1627	44.4628	5.33678
72.8828	60.2482	3.52786	12.6346	13.9716
72.8828	60.2482	3.52786	12.6346	13.9716
75.6487	63.8884	3.24433	11.7603	14.2552
75.6487	63.8884	3.24433	11.7603	14.2552
96.8381	89.4358	2.01046	7.40236	15.489
96.8381	89.4358	2.01046	7.40236	15.489
56.9368	28.4124	8.76552	28.5244	8.73397
56.9368	28.4124	8.76552	28.5244	8.73397
64.984	48.8786	4.71361	16.1054	12.7859
64.984	48.8786	4.71361	16.1054	12.7859
106.664	6.08335	15.7807	100.581	1.71879
106.664	6.08335	15.7807	100.581	1.71879
58.7164	21.8536	10.7973	36.8629	6.70223
58.7164	21.8536	10.7973	36.8629	6.70223
102.357	6.62901	15.6656	95.7278	1.83386
102.357	6.62901	15.6656	95.7278	1.83386
58.3521	22.4942	10.5843	35.8579	6.91523
58.3521	22.4942	10.5843	35.8579	6.91523
62.0681	18.107	12.0847	43.9611	5.41476
62.0681	18.107	12.0847	43.9611	5.41476
88.7051	8.74517	15.1481	79.9599	2.35142
88.7051	8.74517	15.1481	79.9599	2.35142
59.0157	21.3862	10.9543	37.6295	6.54522
59.0157	21.3862	10.9543	37.6295	6.54522
70.0776	56.4141	3.8713	13.6635	13.6282
70.0776	56.4141	3.8713	13.6635	13.6282
58.7946	37.0676	6.65984	21.727	10.8396
58.7946	37.0676	6.65984	21.727	10.8396
58.6269	22.0028	10.7474	36.6241	6.75209
58.6269	22.0028	10.7474	36.6241	6.75209
57.1951	31.4384	7.95389	25.7567	9.5456
57.1951	31.4384	7.95389	25.7567	9.5456
103.912	6.42672	15.7092	97.4855	1.79025
103.912	6.42672	15.7092	97.4855	1.79025
64.6529	16.3024	12.717	48.3505	4.78251
64.6529	16.3024	12.717	48.3505	4.78251
58.0714	35.0112	7.10119	23.0602	10.3983
58.0714	35.0112	7.10119	23.0602	10.3983
62.142	44.0948	5.39382	18.0471	12.1057
62.142	44.0948	5.39382	18.0471	12.1057
69.3735	55.4234	3.96848	13.95	13.531
69.3735	55.4234	3.96848	13.95	13.531
56.9399	28.7873	8.66044	28.1526	8.83905
56.9399	28.7873	8.66044	28.1526	8.83905
112.381	106.959	1.59056	5.42201	15.9089
112.381	106.959	1.59056	5.42201	15.9089
57.623	24.1734	10.0394	33.4496	7.46013
57.623	24.1734	10.0394	33.4496	7.46013
59.2181	38.1243	6.44633	21.0938	11.0532
59.2181	38.1243	6.44633	21.0938	11.0532
143.36	2.60657	16.3028	140.754	1.19674
143.36	2.60657	16.3028	140.754	1.19674
109.513	103.767	1.65176	5.74577	15.8477
109.513	103.767	1.65176	5.74577	15.8477
76.8516	65.437	3.13473	11.4145	14.3648
76.8516	65.437	3.13473	11.4145	14.3648
57.0768	30.6291	8.16282	26.4477	9.33667
57.0768	30.6291	8.16282	26.4477	9.33667
57.8463	23.5784	10.2301	34.2679	7.26942
57.8463	23.5784	10.2301	34.2679	7.26942
59.9007	20.2159	11.3527	39.6848	6.14678
59.9007	20.2159	11.3527	39.6848	6.14678
74.7	12.0469	14.1632	62.653	3.33632
74.7	12.0469	14.1632	62.653	3.33632
65.2602	15.9457	12.8417	49.3145	4.65781
65.2602	15.9457	12.8417	49.3145	4.65781
66.2935	15.382	13.0381	50.9115	4.46142
66.2935	15.382	13.0381	50.9115	4.46142
68.039	53.5077	4.16727	14.5313	13.3322
68.039	53.5077	4.16727	14.5313	13.3322
93.4	7.9359	15.3585	85.4641	2.14098
93.4	7.9359	15.3585	85.4641	2.14098
57.2926	31.9814	7.81703	25.3112	9.68246
57.2926	31.9814	7.81703	25.3112	9.68246
56.9808	27.318	9.07943	29.6628	8.42006
56.9808	27.318	9.07943	29.6628	8.42006
78.8379	10.8816	14.5305	67.9564	2.96899
78.8379	10.8816	14.5305	67.9564	2.96899
57.1484	26.0036	9.47047	31.1448	8.02902
57.1484	26.0036	9.47047	31.1448	8.02902
66.7164	51.5513	4.38613	15.1651	13.1134
66.7164	51.5513	4.38613	15.1651	13.1134
70.0265	13.6838	13.6213	56.3426	3.87819
70.0265	13.6838	13.6213	56.3426	3.87819
57.494	32.9243	7.58563	24.5698	9.91386
57.494	32.9243	7.58563	24.5698	9.91386
58.0055	23.2051	10.3511	34.8004	7.14841
58.0055	23.2051	10.3511	34.8004	7.14841
97.4046	7.31856	15.5089	90.0861	1.99059
97.4046	7.31856	15.5089	90.0861	1.99059
56.9393	28.1842	8.83007	28.7551	8.66942
56.9393	28.1842	8.83007	28.7551	8.66942
100.61	6.86395	15.6136	93.746	1.88588
100.61	6.86395	15.6136	93.746	1.88588
66.2353	15.4124	13.0275	50.823	4.47199
66.2353	15.4124	13.0275	50.823	4.47199
62.8084	17.5329	12.2858	45.2755	5.21371
62.8084	17.5329	12.2858	45.2755	5.21371
58.1518	35.2616	7.04558	22.8902	10.4539
58.1518	35.2616	7.04558	22.8902	10.4539
75.1557	11.9076	14.208	63.2481	3.29149
75.1557	11.9076	14.208	63.2481	3.29149
63.0171	45.6366	5.16029	17.3805	12.3392
63.0171	45.6366	5.16029	17.3805	12.3392
72.9029	60.2751	3.52562	12.6278	13.9739
72.9029	60.2751	3.52562	12.6278	13.9739
57.8517	23.565	10.2344	34.2867	7.26509
57.8517	23.565	10.2344	34.2867	7.26509
57.898	34.445	7.22891	23.4531	10.2706
57.898	34.445	7.22891	23.4531	10.2706
59.1128	21.2439	11.0024	37.8689	6.49713
59.1128	21.2439	11.0024	37.8689	6.49713
75.6215	63.8532	3.2469	11.7684	14.2526
75.6215	63.8532	3.2469	11.7684	14.2526
56.9432	28.0228	8.87602	28.9203	8.62347
56.9432	28.0228	8.87602	28.9203	8.62347
65.9076	15.5866	12.9669	50.321	4.5326
65.9076	15.5866	12.9669	50.321	4.5326
72.5325	59.7781	3.56735	12.7544	13.9321
72.5325	59.7781	3.56735	12.7544	13.9321
60.0278	20.0674	11.4037	39.9604	6.09576
60.0278	20.0674	11.4037	39.9604	6.09576
56.9841	27.2759	9.09173	29.7083	8.40776
56.9841	27.2759	9.09173	29.7083	8.40776
58.5806	22.082	10.721	36.4986	6.77848
58.5806	22.082	10.721	36.4986	6.77848
76.6298	11.4769	14.3451	65.1529	3.15438
76.6298	11.4769	14.3451	65.1529	3.15438
58.284	22.6247	10.5412	35.6593	6.95831
58.284	22.6247	10.5412	35.6593	6.95831
75.0554	63.1174	3.30125	11.938	14.1982
75.0554	63.1174	3.30125	11.938	14.1982
61.4853	42.8836	5.58764	18.6018	11.9119
61.4853	42.8836	5.58764	18.6018	11.9119
58.5499	22.1352	10.7033	36.4146	6.79621
58.5499	22.1352	10.7033	36.4146	6.79621
127.052	3.96444	16.1449	123.088	1.35455
127.052	3.96444	16.1449	123.088	1.35455
81.4938	10.2323	14.7266	71.2614	2.77284
81.4938	10.2323	14.7266	71.2614	2.77284
60.033	39.9715	6.09371	20.0615	11.4058
60.033	39.9715	6.09371	20.0615	11.4058
69.5979	13.8573	13.5625	55.7406	3.93697
69.5979	13.8573	13.5625	55.7406	3.93697
57.5806	33.282	7.49989	24.2986	9.9996
57.5806	33.282	7.49989	24.2986	9.9996
58.5152	36.319	6.81647	22.1962	10.683
58.5152	36.319	6.81647	22.1962	10.683
65.3027	49.3813	4.64935	15.9215	12.8501
65.3027	49.3813	4.64935	15.9215	12.8501
97.4642	90.1544	1.98853	7.30982	15.511
97.4642	90.1544	1.98853	7.30982	15.511
61.0121	19.0371	11.7602	41.975	5.73929
61.0121	19.0371	11.7602	41.975	5.73929
56.9367	28.4518	8.75441	28.4849	8.74508
56.9367	28.4518	8.75441	28.4849	8.74508
62.4239	44.5998	5.31575	17.8241	12.1837
62.4239	44.5998	5.31575	17.8241	12.1837
57.0105	30.0223	8.32337	26.9882	9.17612
57.0105	30.0223	8.32337	26.9882	9.17612
56.947	29.0389	8.59064	27.908	8.90885
56.947	29.0389	8.59064	27.908	8.90885
58.4882	22.2441	10.6671	36.244	6.83241
58.4882	22.2441	10.6671	36.244	6.83241
59.9875	39.8735	6.11179	20.1141	11.3877
59.9875	39.8735	6.11179	20.1141	11.3877
58.002	34.7891	7.15095	23.2129	10.3485
58.002	34.7891	7.15095	23.2129	10.3485
57.8529	23.5623	10.2353	34.2906	7.26421
57.8529	23.5623	10.2353	34.2906	7.26421
82.0176	10.1117	14.7623	71.9058	2.73717
82.0176	10.1117	14.7623	71.9058	2.73717
59.8943	39.6709	6.14937	20.2234	11.3501
59.8943	39.6709	6.14937	20.2234	11.3501
58.7271	21.8361	10.8031	36.891	6.69638
58.7271	21.8361	10.8031	36.891	6.69638
57.0789	30.646	8.15841	26.433	9.34108
57.0789	30.646	8.15841	26.433	9.34108
63.7737	46.9154	4.97719	16.8582	12.5223
63.7737	46.9154	4.97719	16.8582	12.5223
56.9493	27.847	8.92634	29.1023	8.57315
56.9493	27.847	8.92634	29.1023	8.57315
115.98	5.03621	15.9778	110.944	1.5217
115.98	5.03621	15.9778	110.944	1.5217
99.8122	92.8381	1.91077	6.97413	15.5887
99.8122	92.8381	1.91077	6.97413	15.5887
61.8602	43.5814	5.47483	18.2788	12.0247
61.8602	43.5814	5.47483	18.2788	12.0247
83.3651	9.81168	14.85	73.5534	2.64948
83.3651	9.81168	14.85	73.5534	2.64948
82.1581	72.0783	2.72776	10.0798	14.7717
82.1581	72.0783	2.72776	10.0798	14.7717
73.9519	12.2824	14.0869	61.6695	3.4126
73.9519	12.2824	14.0869	61.6695	3.4126
71.2405	13.2167	13.7785	58.0238	3.72102
71.2405	13.2167	13.7785	58.0238	3.72102
58.0778	35.0314	7.09669	23.0464	10.4028
58.0778	35.0314	7.09669	23.0464	10.4028
69.421	13.9302	13.5377	55.4908	3.96176
69.421	13.9302	13.5377	55.4908	3.96176
61.4286	18.6522	11.8943	42.7764	5.60524
61.4286	18.6522	11.8943	42.7764	5.60524
80.1089	10.5626	14.6277	69.5463	2.87179
80.1089	10.5626	14.6277	69.5463	2.87179
57.943	34.5958	7.19463	23.3473	10.3049
57.943	34.5958	7.19463	23.3473	10.3049
61.6851	18.4274	11.9727	43.2578	5.52675
61.6851	18.4274	11.9727	43.2578	5.52675
70.671	13.4316	13.7064	57.2394	3.7931
70.671	13.4316	13.7064	57.2394	3.7931
57.7841	34.0495	7.31974	23.7346	10.1797
57.7841	34.0495	7.31974	23.7346	10.1797
74.1083	61.8759	3.39636	12.2324	14.1031
74.1083	61.8759	3.39636	12.2324	14.1031
122.595	118.217	1.41467	4.37756	16.0848
122.595	118.217	1.41467	4.37756	16.0848
61.5699	18.5273	11.9378	43.0425	5.56167
61.5699	18.5273	11.9378	43.0425	5.56167
57.7881	23.7243	10.1831	34.0638	7.31644
57.7881	23.7243	10.1831	34.0638	7.31644
56.9475	27.8946	8.91271	29.0529	8.58678
56.9475	27.8946	8.91271	29.0529	8.58678
58.8672	37.2548	6.62138	21.6124	10.8781
58.8672	37.2548	6.62138	21.6124	10.8781
73.1745	60.6379	3.49565	12.5366	14.0038
73.1745	60.6379	3.49565	12.5366	14.0038
93.9723	7.84394	15.3815	86.1284	2.118
93.9723	7.84394	15.3815	86.1284	2.118
63.6858	16.9166	12.5018	46.7692	4.99766
63.6858	16.9166	12.5018	46.7692	4.99766
148.385	146.161	1.16365	2.22398	16.3358
148.385	146.161	1.16365	2.22398	16.3358
114.884	5.15154	15.9577	109.732	1.54181
114.884	5.15154	15.9577	109.732	1.54181
56.9498	27.8355	8.92965	29.1143	8.56984
56.9498	27.8355	8.92965	29.1143	8.56984
64.6249	16.3194	12.711	48.3055	4.78845
64.6249	16.3194	12.711	48.3055	4.78845
59.8683	20.2544	11.3395	39.614	6.15997
59.8683	20.2544	11.3395	39.614	6.15997
84.1539	9.6424	14.8988	74.5115	2.60072
84.1539	9.6424	14.8988	74.5115	2.60072
65.6982	49.9977	4.57229	15.7005	12.9272
65.6982	49.9977	4.57229	15.7005	12.9272
57.3947	24.9122	9.80643	32.4825	7.69306
57.3947	24.9122	9.80643	32.4825	7.69306
59.5367	38.8711	6.30067	20.6655	11.1988
59.5367	38.8711	6.30067	20.6655	11.1988
75.1166	63.1972	3.29529	11.9195	14.2042
75.1166	63.1972	3.29529	11.9195	14.2042
85.2784	75.8697	2.53426	9.40863	14.9652
85.2784	75.8697	2.53426	9.40863	14.9652
58.7144	36.8575	6.70334	21.8569	10.7961
58.7144	36.8575	6.70334	21.8569	10.7961
63.6772	46.7548	4.99968	16.9224	12.4998
63.6772	46.7548	4.99968	16.9224	12.4998
56.9559	27.7042	8.96743	29.2517	8.53206
56.9559	27.7042	8.96743	29.2517	8.53206
121.167	4.5148	16.0636	116.652	1.43586
121.167	4.5148	16.0636	116.652	1.43586
60.264	40.4619	6.00433	19.8021	11.4952
60.264	40.4619	6.00433	19.8021	11.4952
69.6714	55.8441	3.92676	13.8272	13.5727
69.6714	55.8441	3.92676	13.8272	13.5727
71.1539	57.905	3.7318	13.2489	13.7677
71.1539	57.905	3.7318	13.2489	13.7677
62.5684	17.7131	12.2227	44.8553	5.27684
62.5684	17.7131	12.2227	44.8553	5.27684
98.7153	7.12878	15.5533	91.5866	1.94624
98.7153	7.12878	15.5533	91.5866	1.94624
78.1457	11.0623	14.4748	67.0834	3.02473
78.1457	11.0623	14.4748	67.0834	3.02473
69.7462	55.9494	3.91642	13.7967	13.5831
69.7462	55.9494	3.91642	13.7967	13.5831
59.026	21.3709	10.9595	37.6552	6.54004
59.026	21.3709	10.9595	37.6552	6.54004
67.3835	52.5461	4.27276	14.8375	13.2267
67.3835	52.5461	4.27276	14.8375	13.2267
65.3238	49.4143	4.64517	15.9095	12.8543
65.3238	49.4143	4.64517	15.9095	12.8543
56.9935	29.828	8.37548	27.1655	9.12401
56.9935	29.828	8.37548	27.1655	9.12401
57.088	26.3714	9.35953	30.7166	8.13995
57.088	26.3714	9.35953	30.7166	8.13995
58.1782	22.8358	10.4718	35.3425	7.02772
58.1782	22.8358	10.4718	35.3425	7.02772
60.2285	19.8412	11.4817	40.3873	6.01782
60.2285	19.8412	11.4817	40.3873	6.01782
57.8158	34.1618	7.29383	23.6541	10.2057
57.8158	34.1618	7.29383	23.6541	10.2057
59.9578	39.809	6.12371	20.1487	11.3758
59.9578	39.809	6.12371	20.1487	11.3758
134.709	131.408	1.26968	3.30098	16.2298
134.709	131.408	1.26968	3.30098	16.2298
59.117	21.2378	11.0044	37.8792	6.49507
59.117	21.2378	11.0044	37.8792	6.49507
67.2308	14.911	13.2013	52.3198	4.29816
67.2308	14.911	13.2013	52.3198	4.29816
170.408	169.749	1.08231	0.659221	16.4172
170.408	169.749	1.08231	0.659221	16.4172
57.768	23.7762	10.1664	33.9917	7.33312
57.768	23.7762	10.1664	33.9917	7.33312
77.5356	66.3097	3.07562	11.2259	14.4239
77.5356	66.3097	3.07562	11.2259	14.4239
74.7465	62.714	3.33168	12.0326	14.1678
74.7465	62.714	3.33168	12.0326	14.1678
66.316	50.9457	4.45735	15.3703	13.0421
66.316	50.9457	4.45735	15.3703	13.0421
72.0326	12.9293	13.8742	59.1032	3.62527
72.0326	12.9293	13.8742	59.1032	3.62527
118.483	4.77996	16.021	113.703	1.47846
118.483	4.77996	16.021	113.703	1.47846
57.0474	26.6655	9.27167	30.3819	8.22781
57.0474	26.6655	9.27167	30.3819	8.22781
61.425	42.7695	5.60637	18.6555	11.8931
61.425	42.7695	5.60637	18.6555	11.8931
59.6991	20.4601	11.269	39.239	6.23048
59.6991	20.4601	11.269	39.239	6.23048
76.3891	11.5453	14.3235	64.8438	3.17599
76.3891	11.5453	14.3235	64.8438	3.17599
62.7086	45.1014	5.23974	17.6072	12.2597
62.7086	45.1014	5.23974	17.6072	12.2597
82.0946	10.0942	14.7675	72.0004	2.732
82.0946	10.0942	14.7675	72.0004	2.732
94.5713	7.74909	15.405	86.8222	2.09451
94.5713	7.74909	15.405	86.8222	2.09451
78.4372	10.9856	14.4985	67.4516	3.00101
78.4372	10.9856	14.4985	67.4516	3.00101
63.0909	45.7633	5.14174	17.3276	12.3578
63.0909	45.7633	5.14174	17.3276	12.3578
56.9443	27.9857	8.88662	28.9586	8.61287
56.9443	27.9857	8.88662	28.9586	8.61287
70.71	13.4166	13.7114	57.2933	3.78808
70.71	13.4166	13.7114	57.2933	3.78808
58.4903	22.2405	10.6683	36.2498	6.83119
58.4903	22.2405	10.6683	36.2498	6.83119
143.662	141.079	1.19457	2.58321	16.3049
143.662	141.079	1.19457	2.58321	16.3049
57.9918	34.7559	7.15843	23.2359	10.3411
57.9918	34.7559	7.15843	23.2359	10.3411
177.132	0.200911	16.4243	176.931	1.07516
177.132	0.200911	16.4243	176.931	1.07516
57.6769	33.6562	7.41143	24.0207	10.0881
57.6769	33.6562	7.41143	24.0207	10.0881
138.536	135.548	1.23472	2.98758	16.2648
138.536	135.548	1.23472	2.98758	16.2648
93.0488	85.0558	2.15534	7.993	15.3441
93.0488	85.0558	2.15534	7.993	15.3441
60.7389	41.4344	5.83216	19.3045	11.6673
60.7389	41.4344	5.83216	19.3045	11.6673
58.7279	36.893	6.69597	21.8349	10.8035
58.7279	36.893	6.69597	21.8349	10.8035
57.4504	32.7348	7.6315	24.7156	9.86799
57.4504	32.7348	7.6315	24.7156	9.86799
57.7352	33.8728	7.36077	23.8624	10.1387
57.7352	33.8728	7.36077	23.8624	10.1387
68.5362	54.2278	4.09082	14.3084	13.4087
68.5362	54.2278	4.09082	14.3084	13.4087
69.9236	13.7251	13.6074	56.1985	3.89213
69.9236	13.7251	13.6074	56.1985	3.89213
60.579	41.1119	5.88852	19.4671	11.611
60.579	41.1119	5.88852	19.4671	11.611
70.7131	13.4154	13.7118	57.2977	3.78767
70.7131	13.4154	13.7118	57.2977	3.78767
63.6246	46.6669	5.01204	16.9577	12.4874
63.6246	46.6669	5.01204	16.9577	12.4874
56.9753	29.5847	8.44121	27.3906	9.05828
56.9753	29.5847	8.44121	27.3906	9.05828
64.4923	16.4003	12.6827	48.092	4.81677
64.4923	16.4003	12.6827	48.092	4.81677
60.8003	19.2433	11.6886	41.5569	5.81094
60.8003	19.2433	11.6886	41.5569	5.81094
62.5083	17.759	12.2065	44.7492	5.29295
62.5083	17.759	12.2065	44.7492	5.29295
81.5831	71.3715	2.76669	10.2116	14.7328
81.5831	71.3715	2.76669	10.2116	14.7328
57.3993	24.8956	9.81162	32.5037	7.68787
57.3993	24.8956	9.81162	32.5037	7.68787
65.6873	49.9807	4.57438	15.7065	12.9251
65.6873	49.9807	4.57438	15.7065	12.9251
81.7851	10.165	14.7466	71.6201	2.75289
81.7851	10.165	14.7466	71.6201	2.75289
56.9854	27.2607	9.09616	29.7247	8.40333
56.9854	27.2607	9.09616	29.7247	8.40333
58.0928	23.0143	10.4133	35.0785	7.08618
58.0928	23.0143	10.4133	35.0785	7.08618
58.7756	21.7575	10.8294	37.018	6.67007
58.7756	21.7575	10.8294	37.018	6.67007
57.0071	27.0215	9.16632	29.9857	8.33317
57.0071	27.0215	9.16632	29.9857	8.33317
60.3858	19.6702	11.5407	40.7156	5.95877
60.3858	19.6702	11.5407	40.7156	5.95877
62.8302	45.3134	5.20807	17.5168	12.2914
62.8302	45.3134	5.20807	17.5168	12.2914
57.9524	34.6266	7.18764	23.3257	10.3119
57.9524	34.6266	7.18764	23.3257	10.3119
88.0481	8.8671	15.1151	79.181	2.38435
88.0481	8.8671	15.1151	79.181	2.38435
60.126	40.1704	6.05726	19.9556	11.4422
60.126	40.1704	6.05726	19.9556	11.4422
60.8082	41.5727	5.80822	19.2355	11.6913
60.8082	41.5727	5.80822	19.2355	11.6913
110.855	105.263	1.62237	5.59233	15.8771
110.855	105.263	1.62237	5.59233	15.8771
157.396	155.829	1.11881	1.56633	16.3807
157.396	155.829	1.11881	1.56633	16.3807
76.1411	11.6165	14.3009	64.5246	3.19856
76.1411	11.6165	14.3009	64.5246	3.19856
75.3838	63.5447	3.26951	11.8391	14.23
75.3838	63.5447	3.26951	11.8391	14.23
65.9833	50.4374	4.51844	15.5459	12.981
65.9833	50.4374	4.51844	15.5459	12.981
76.469	64.9465	3.16878	11.5225	14.3307
76.469	64.9465	3.16878	11.5225	14.3307
58.9166	21.536	10.9038	37.3807	6.59566
58.9166	21.536	10.9038	37.3807	6.59566
57.0545	30.4439	8.21147	26.6106	9.28802
57.0545	30.4439	8.21147	26.6106	9.28802
103.899	97.4705	1.79062	6.42842	15.7089
103.899	97.4705	1.79062	6.42842	15.7089
67.6507	14.7108	13.2704	52.9399	4.22908
67.6507	14.7108	13.2704	52.9399	4.22908
63.4567	46.3851	5.05199	17.0716	12.4475
63.4567	46.3851	5.05199	17.0716	12.4475
74.0252	12.2589	14.0945	61.7664	3.40496
74.0252	12.2589	14.0945	61.7664	3.40496
126.628	4.00277	16.1396	122.626	1.3599
126.628	4.00277	16.1396	122.626	1.3599
119.856	115.213	1.45619	4.64311	16.0433
119.856	115.213	1.45619	4.64311	16.0433
57.054	26.6141	9.28697	30.4399	8.21252
57.054	26.6141	9.28697	30.4399	8.21252
85.4245	76.0456	2.52587	9.37888	14.9736
85.4245	76.0456	2.52587	9.37888	14.9736
57.128	26.1205	9.43509	31.0075	8.0644
57.128	26.1205	9.43509	31.0075	8.0644
86.8472	9.09625	15.0524	77.7509	2.44707
86.8472	9.09625	15.0524	77.7509	2.44707
57.6832	33.6801	7.40582	24.0031	10.0937
57.6832	33.6801	7.40582	24.0031	10.0937
100.535	93.6613	1.88817	6.87416	15.6113
100.535	93.6613	1.88817	6.87416	15.6113
67.6304	14.7204	13.2671	52.91	4.23237
67.6304	14.7204	13.2671	52.91	4.23237
72.7308	60.0444	3.54489	12.6863	13.9546
72.7308	60.0444	3.54489	12.6863	13.9546
59.5639	38.9335	6.28871	20.6305	11.2108
59.5639	38.9335	6.28871	20.6305	11.2108
71.332	58.1492	3.7097	13.1828	13.7898
71.332	58.1492	3.7097	13.1828	13.7898
63.467	46.4024	5.04952	17.0646	12.45
63.467	46.4024	5.04952	17.0646	12.45
59.8435	39.5595	6.17016	20.284	11.3293
59.8435	39.5595	6.17016	20.284	11.3293
64.6679	16.2933	12.7202	48.3746	4.77933
64.6679	16.2933	12.7202	48.3746	4.77933
57.5047	24.535	9.92481	32.9697	7.57468
57.5047	24.535	9.92481	32.9697	7.57468
64.364	47.8844	4.84452	16.4796	12.655
64.364	47.8844	4.84452	16.4796	12.655
59.963	39.8204	6.1216	20.1426	11.3779
59.963	39.8204	6.1216	20.1426	11.3779
60.9584	41.8698	5.75721	19.0887	11.7423
60.9584	41.8698	5.75721	19.0887	11.7423
101.223	6.78059	15.6322	94.4419	1.86726
101.223	6.78059	15.6322	94.4419	1.86726
72.227	59.3663	3.60252	12.8607	13.897
72.227	59.3663	3.60252	12.8607	13.897
58.1705	22.8515	10.4666	35.319	7.03289
58.1705	22.8515	10.4666	35.319	7.03289
56.9668	29.4525	8.47716	27.5143	9.02233
56.9668	29.4525	8.47716	27.5143	9.02233
104.726	6.32326	15.7311	98.4031	1.76838
104.726	6.32326	15.7311	98.4031	1.76838
61.2485	42.433	5.66215	18.8155	11.8373
61.2485	42.433	5.66215	18.8155	11.8373
57.552	33.1662	7.52754	24.3858	9.97195
57.552	33.1662	7.52754	24.3858	9.97195
56.9788	29.6346	8.42768	27.3441	9.07181
56.9788	29.6346	8.42768	27.3441	9.07181
62.2609	17.9521	12.1389	44.3088	5.36055
62.2609	17.9521	12.1389	44.3088	5.36055
57.2694	25.4106	9.65178	31.8588	7.84771
57.2694	25.4106	9.65178	31.8588	7.84771
58.1596	35.2855	7.04028	22.8741	10.4592
58.1596	35.2855	7.04028	22.8741	10.4592
59.6	39.0156	6.27298	20.5844	11.2265
59.6	39.0156	6.27298	20.5844	11.2265
58.4218	22.3643	10.6272	36.0575	6.87227
58.4218	22.3643	10.6272	36.0575	6.87227
57.6711	24.0368	10.0829	33.6343	7.41657
57.6711	24.0368	10.0829	33.6343	7.41657
90.573	82.1622	2.26271	8.41075	15.2368
90.573	82.1622	2.26271	8.41075	15.2368
93.0634	7.99061	15.3447	85.0728	2.15474
93.0634	7.99061	15.3447	85.0728	2.15474
58.2166	22.7579	10.4973	35.4588	7.00215
58.2166	22.7579	10.4973	35.4588	7.00215
60.6866	19.3572	11.6491	41.3294	5.85042
60.6866	19.3572	11.6491	41.3294	5.85042
62.3015	44.3815	5.34931	17.92	12.1502
62.3015	44.3815	5.34931	17.92	12.1502
101.349	6.76347	15.636	94.5858	1.86345
101.349	6.76347	15.636	94.5858	1.86345
57.0109	30.027	8.3221	26.9839	9.17739
57.0109	30.027	8.3221	26.9839	9.17739
68.7817	14.2013	13.4453	54.5804	4.05415
68.7817	14.2013	13.4453	54.5804	4.05415
60.0075	20.0909	11.3957	39.9167	6.10381
60.0075	20.0909	11.3957	39.9167	6.10381
87.209	9.02633	15.0717	78.1827	2.42782
87.209	9.02633	15.0717	78.1827	2.42782
88.3307	8.81437	15.1294	79.5163	2.37007
88.3307	8.81437	15.1294	79.5163	2.37007
58.211	22.7693	10.4936	35.4416	7.00591
58.211	22.7693	10.4936	35.4416	7.00591
57.1742	31.3102	7.9866	25.864	9.51289
57.1742	31.3102	7.9866	25.864	9.51289
58.192	35.3842	7.01853	22.8078	10.481
58.192	35.3842	7.01853	22.8078	10.481
62.0174	18.1484	12.0702	43.8689	5.42926
62.0174	18.1484	12.0702	43.8689	5.42926
58.8685	37.2581	6.62069	21.6104	10.8788
58.8685	37.2581	6.62069	21.6104	10.8788
81.7783	10.1665	14.7461	71.6118	2.75335
81.7783	10.1665	14.7461	71.6118	2.75335
63.5873	46.6045	5.02086	16.9828	12.4786
63.5873	46.6045	5.02086	16.9828	12.4786
57.0748	30.613	8.16703	26.4618	9.33246
57.0748	30.613	8.16703	26.4618	9.33246
61.2461	18.8177	11.8366	42.4284	5.66292
61.2461	18.8177	11.8366	42.4284	5.66292
74.1247	12.2272	14.1048	61.8975	3.39466
74.1247	12.2272	14.1048	61.8975	3.39466
58.8821	37.2927	6.61361	21.5893	10.8859
58.8821	37.2927	6.61361	21.5893	10.8859
77.4327	66.1787	3.08437	11.2539	14.4151
77.4327	66.1787	3.08437	11.2539	14.4151
100.59	93.7237	1.88648	6.86664	15.613
100.59	93.7237	1.88648	6.86664	15.613
58.688	21.9006	10.7816	36.7874	6.71794
58.688	21.9006	10.7816	36.7874	6.71794
69.1979	14.0235	13.506	55.1744	3.9935
69.1979	14.0235	13.506	55.1744	3.9935
57.8536	34.2933	7.26359	23.5603	10.2359
57.8536	34.2933	7.26359	23.5603	10.2359
60.4878	40.9258	5.92138	19.562	11.5781
60.4878	40.9258	5.92138	19.562	11.5781
138.673	135.697	1.23354	2.97648	16.2659
138.673	135.697	1.23354	2.97648	16.2659
76.0273	11.6494	14.2905	64.3779	3.20902
76.0273	11.6494	14.2905	64.3779	3.20902
56.9441	28.9515	8.61482	27.9926	8.88467
56.9441	28.9515	8.61482	27.9926	8.88467
65.3124	15.916	12.852	49.3964	4.64744
65.3124	15.916	12.852	49.3964	4.64744
62.6931	17.6188	12.2557	45.0743	5.24381
62.6931	17.6188	12.2557	45.0743	5.24381
124.272	4.21946	16.1085	120.053	1.39102
124.272	4.21946	16.1085	120.053	1.39102
58.0938	35.0817	7.08548	23.0121	10.414
58.0938	35.0817	7.08548	23.0121	10.414
133.61	130.217	1.28059	3.39306	16.2189
133.61	130.217	1.28059	3.39306	16.2189
81.6177	71.4141	2.76432	10.2036	14.7352
81.6177	71.4141	2.76432	10.2036	14.7352
74.8313	12.0065	14.1762	62.8249	3.32327
74.8313	12.0065	14.1762	62.8249	3.32327
57.2799	25.3649	9.66586	31.915	7.83363
57.2799	25.3649	9.66586	31.915	7.83363
59.5198	20.6874	11.1914	38.8324	6.30813
59.5198	20.6874	11.1914	38.8324	6.30813
91.1456	82.8339	2.23689	8.31166	15.2626
91.1456	82.8339	2.23689	8.31166	15.2626
83.926	9.69085	14.8849	74.2351	2.61462
83.926	9.69085	14.8849	74.2351	2.61462
60.2663	19.7996	11.496	40.4666	6.00348
60.2663	19.7996	11.496	40.4666	6.00348
56.9376	28.3031	8.79638	28.6345	8.70311
56.9376	28.3031	8.79638	28.6345	8.70311
64.4941	48.095	4.81637	16.3992	12.6831
64.4941	48.095	4.81637	16.3992	12.6831
60.1475	19.9314	11.4506	40.2162	6.0489
60.1475	19.9314	11.4506	40.2162	6.0489
67.8281	14.6282	13.2989	53.1999	4.20061
67.8281	14.6282	13.2989	53.1999	4.20061
59.8566	39.5882	6.16479	20.2684	11.3347
59.8566	39.5882	6.16479	20.2684	11.3347
59.0993	37.8359	6.50373	21.2634	10.9958
59.0993	37.8359	6.50373	21.2634	10.9958
61.0112	19.038	11.7599	41.9732	5.7396
61.0112	19.038	11.7599	41.9732	5.7396
58.0949	23.0098	10.4148	35.0851	7.08472
58.0949	23.0098	10.4148	35.0851	7.08472
70.2858	56.7046	3.84349	13.5811	13.656
70.2858	56.7046	3.84349	13.5811	13.656
97.4754	90.1672	1.98814	7.30817	15.5113
97.4754	90.1672	1.98814	7.30817	15.5113
64.1098	47.47	4.90064	16.6398	12.5988
64.1098	47.47	4.90064	16.6398	12.5988
79.703	10.6628	14.5973	69.0402	2.90214
79.703	10.6628	14.5973	69.0402	2.90214
73.4268	60.9738	3.46825	12.453	14.0312
73.4268	60.9738	3.46825	12.453	14.0312
80.4084	10.4897	14.6497	69.9188	2.8498
80.4084	10.4897	14.6497	69.9188	2.8498
57.0784	26.4364	9.34006	30.6421	8.15943
57.0784	26.4364	9.34006	30.6421	8.15943
127.327	123.388	1.35112	3.93962	16.1484
127.327	123.388	1.35112	3.93962	16.1484
83.4239	73.625	2.64579	9.79891	14.8537
83.4239	73.625	2.64579	9.79891	14.8537
67.6449	52.9314	4.23002	14.7135	13.2695
67.6449	52.9314	4.23002	14.7135	13.2695
57.0266	30.1873	8.27938	26.8393	9.22011
57.0266	30.1873	8.27938	26.8393	9.22011
63.6416	16.9463	12.4914	46.6953	5.00805
63.6416	16.9463	12.4914	46.6953	5.00805
65.5897	49.8293	4.59316	15.7604	12.9063
65.5897	49.8293	4.59316	15.7604	12.9063
70.5929	13.4616	13.6963	57.1313	3.8032
70.5929	13.4616	13.6963	57.1313	3.8032
57.0729	30.5974	8.17113	26.4755	9.32836
57.0729	30.5974	8.17113	26.4755	9.32836
57.5191	33.0302	7.56013	24.4889	9.93935
57.5191	33.0302	7.56013	24.4889	9.93935
63.7446	46.8672	4.98393	16.8775	12.5156
63.7446	46.8672	4.98393	16.8775	12.5156
68.2288	14.4452	13.3618	53.7836	4.13773
68.2288	14.4452	13.3618	53.7836	4.13773
62.0613	18.1125	12.0828	43.9487	5.4167
62.0613	18.1125	12.0828	43.9487	5.4167
57.649	33.5501	7.43638	24.0989	10.0631
57.649	33.5501	7.43638	24.0989	10.0631
57.6915	23.9802	10.101	33.7113	7.3985
57.6915	23.9802	10.101	33.7113	7.3985
58.4809	22.2571	10.6628	36.2238	6.83672
58.4809	22.2571	10.6628	36.2238	6.83672
137.946	3.03519	16.2597	134.911	1.23982
137.946	3.03519	16.2597	134.911	1.23982
58.2636	35.5991	6.97144	22.6645	10.528
58.2636	35.5991	6.97144	22.6645	10.528
124.491	120.291	1.38803	4.19913	16.1115
124.491	120.291	1.38803	4.19913	16.1115
56.9668	27.5143	9.02232	29.4525	8.47717
56.9668	27.5143	9.02232	29.4525	8.47717
56.9597	29.3272	8.51137	27.6325	8.98811
56.9597	29.3272	8.51137	27.6325	8.98811
63.1383	45.8445	5.12989	17.2938	12.3696
63.1383	45.8445	5.12989	17.2938	12.3696
58.026	34.8664	7.13358	23.1595	10.3659
58.026	34.8664	7.13358	23.1595	10.3659
77.1101	65.7676	3.11212	11.3426	14.3874
77.1101	65.7676	3.11212	11.3426	14.3874
59.5998	20.5848	11.2264	39.015	6.2731
59.5998	20.5848	11.2264	39.015	6.2731
58.1482	22.8977	10.4515	35.2505	7.04801
58.1482	22.8977	10.4515	35.2505	7.04801
60.3517	40.645	5.97142	19.7068	11.5281
60.3517	40.645	5.97142	19.7068	11.5281
83.7702	74.046	2.62421	9.72418	14.8753
83.7702	74.046	2.62421	9.72418	14.8753
57.1779	25.8444	9.51884	31.3335	7.98065
57.1779	25.8444	9.51884	31.3335	7.98065
57.2412	25.5363	9.6131	31.7049	7.88639
57.2412	25.5363	9.6131	31.7049	7.88639
79.7701	69.124	2.89708	10.6461	14.6024
79.7701	69.124	2.89708	10.6461	14.6024
61.9389	18.2131	12.0476	43.7258	5.45189
61.9389	18.2131	12.0476	43.7258	5.45189
79.2004	10.789	14.5589	68.4114	2.94061
79.2004	10.789	14.5589	68.4114	2.94061
85.3934	76.0082	2.52765	9.3852	14.9718
85.3934	76.0082	2.52765	9.3852	14.9718
89.0269	80.3407	2.33562	8.68627	15.1639
89.0269	80.3407	2.33562	8.68627	15.1639
61.1793	42.2999	5.68443	18.8795	11.8151
61.1793	42.2999	5.68443	18.8795	11.8151
121.753	117.294	1.42705	4.4582	16.0724
121.753	117.294	1.42705	4.4582	16.0724
77.9058	11.1261	14.4549	66.7797	3.04454
77.9058	11.1261	14.4549	66.7797	3.04454
62.5371	17.7369	12.2143	44.8002	5.2852
62.5371	17.7369	12.2143	44.8002	5.2852
79.0387	10.8301	14.5463	68.2086	2.95321
79.0387	10.8301	14.5463	68.2086	2.95321
57.4688	32.8157	7.61188	24.6531	9.88761
57.4688	32.8157	7.61188	24.6531	9.88761
84.8685	9.49284	14.9414	75.3757	2.55808
84.8685	9.49284	14.9414	75.3757	2.55808
61.3363	18.7353	11.8653	42.601	5.63422
61.3363	18.7353	11.8653	42.601	5.63422
111.393	5.53176	15.8885	105.862	1.61096
111.393	5.53176	15.8885	105.862	1.61096
57.952	34.6254	7.18792	23.3266	10.3116
57.952	34.6254	7.18792	23.3266	10.3116
135.326	3.24974	16.2357	132.076	1.26374
135.326	3.24974	16.2357	132.076	1.26374
60.0308	39.9667	6.09459	20.0641	11.4049
60.0308	39.9667	6.09459	20.0641	11.4049
57.0174	30.0953	8.30387	26.9221	9.19561
57.0174	30.0953	8.30387	26.9221	9.19561
79.7763	10.6446	14.6029	69.1317	2.89661
79.7763	10.6446	14.6029	69.1317	2.89661
56.9724	27.4319	9.04626	29.5405	8.45323
56.9724	27.4319	9.04626	29.5405	8.45323
57.2076	31.5124	7.9351	25.6952	9.56439
57.2076	31.5124	7.9351	25.6952	9.56439
56.9493	27.8478	8.92611	29.1015	8.57338
56.9493	27.8478	8.92611	29.1015	8.57338
122.622	4.37496	16.0852	118.247	1.41428
122.622	4.37496	16.0852	118.247	1.41428
56.9526	29.1796	8.55186	27.7729	8.94763
56.9526	29.1796	8.55186	27.7729	8.94763
57.0748	26.4619	9.33242	30.6129	8.16707
57.0748	26.4619	9.33242	30.6129	8.16707
63.274	17.1981	12.4032	46.076	5.09633
63.274	17.1981	12.4032	46.076	5.09633
80.5519	70.0968	2.83938	10.4551	14.6601
80.5519	70.0968	2.83938	10.4551	14.6601
57.711	33.7838	7.38153	23.9272	10.118
57.711	33.7838	7.38153	23.9272	10.118
112.337	5.4269	15.908	106.91	1.59146
112.337	5.4269	15.908	106.91	1.59146
57.3261	32.1524	7.77448	25.1738	9.725
57.3261	32.1524	7.77448	25.1738	9.725
60.1237	19.9582	11.4413	40.1654	6.05816
60.1237	19.9582	11.4413	40.1654	6.05816
72.0679	12.9168	13.8784	59.151	3.62112
72.0679	12.9168	13.8784	59.151	3.62112
58.1565	35.2762	7.04234	22.8803	10.4571
58.1565	35.2762	7.04234	22.8803	10.4571
140.187	137.331	1.22099	2.85553	16.2785
140.187	137.331	1.22099	2.85553	16.2785
75.7292	11.7366	14.2627	63.9926	3.23677
75.7292	11.7366	14.2627	63.9926	3.23677
62.0262	43.885	5.42672	18.1412	12.0728
62.0262	43.885	5.42672	18.1412	12.0728
56.9785	29.6314	8.42857	27.3472	9.07092
56.9785	29.6314	8.42857	27.3472	9.07092
87.1438	9.03886	15.0682	78.105	2.43127
87.1438	9.03886	15.0682	78.105	2.43127
58.3032	35.7158	6.94603	22.5874	10.5535
58.3032	35.7158	6.94603	22.5874	10.5535
58.6454	36.6739	6.74165	21.9716	10.7578
58.6454	36.6739	6.74165	21.9716	10.7578
86.9313	77.8514	2.44257	9.07991	15.0569
86.9313	77.8514	2.44257	9.07991	15.0569
58.2714	22.6492	10.5331	35.6222	6.9664
58.2714	22.6492	10.5331	35.6222	6.9664
64.4545	48.031	4.8249	16.4235	12.6746
64.4545	48.031	4.8249	16.4235	12.6746
95.2649	87.624	2.06799	7.64098	15.4315
95.2649	87.624	2.06799	7.64098	15.4315
60.6713	19.3727	11.6437	41.2985	5.85582
60.6713	19.3727	11.6437	41.2985	5.85582
57.0104	26.9894	9.17579	30.021	8.3237
57.0104	26.9894	9.17579	30.021	8.3237
62.6923	17.6194	12.2555	45.073	5.24401
62.6923	17.6194	12.2555	45.073	5.24401
65.69	15.705	12.9256	49.985	4.57385
65.69	15.705	12.9256	49.985	4.57385
166.153	0.951992	16.4086	165.201	1.09085
166.153	0.951992	16.4086	165.201	1.09085
57.4782	32.8565	7.60201	24.6218	9.89748
57.4782	32.8565	7.60201	24.6218	9.89748
63.4395	17.0834	12.4434	46.3561	5.05613
63.4395	17.0834	12.4434	46.3561	5.05613
56.9612	29.3542	8.50398	27.6069	8.99551
56.9612	29.3542	8.50398	27.6069	8.99551
60.1617	40.2462	6.04343	19.9155	11.4561
60.1617	40.2462	6.04343	19.9155	11.4561
76.253	11.5842	14.3112	64.6688	3.18833
76.253	11.5842	14.3112	64.6688	3.18833
78.8221	10.8857	14.5292	67.9365	2.97024
78.8221	10.8857	14.5292	67.9365	2.97024
77.951	11.1141	14.4587	66.8369	3.0408
77.951	11.1141	14.4587	66.8369	3.0408
75.815	64.1036	3.22873	11.7114	14.2708
75.815	64.1036	3.22873	11.7114	14.2708
66.0308	15.5206	12.9899	50.5103	4.5096
66.0308	15.5206	12.9899	50.5103	4.5096
67.4687	52.6719	4.25873	14.7968	13.2408
67.4687	52.6719	4.25873	14.7968	13.2408
75.305	11.8627	14.2224	63.4423	3.27707
75.305	11.8627	14.2224	63.4423	3.27707
76.0266	64.3769	3.20909	11.6497	14.2904
76.0266	64.3769	3.20909	11.6497	14.2904
67.4059	14.8268	13.2304	52.5791	4.26907
67.4059	14.8268	13.2304	52.5791	4.26907
60.0486	20.0436	11.4119	40.005	6.08756
60.0486	20.0436	11.4119	40.005	6.08756
60.1299	40.1786	6.05576	19.9512	11.4437
60.1299	40.1786	6.05576	19.9512	11.4437
75.0621	63.1261	3.3006	11.936	14.1989
75.0621	63.1261	3.3006	11.936	14.1989
57.4421	24.7441	9.85904	32.698	7.64045
57.4421	24.7441	9.85904	32.698	7.64045
69.5624	55.6905	3.94192	13.8719	13.5576
69.5624	55.6905	3.94192	13.8719	13.5576
84.8698	9.49257	14.9415	75.3772	2.558
84.8698	9.49257	14.9415	75.3772	2.558
57.7622	23.7912	10.1616	33.9711	7.33792
57.7622	23.7912	10.1616	33.9711	7.33792
60.6906	19.3531	11.6505	41.3375	5.84901
60.6906	19.3531	11.6505	41.3375	5.84901
58.0747	35.0217	7.09885	23.0531	10.4006
58.0747	35.0217	7.09885	23.0531	10.4006
57.1553	31.1899	8.01743	25.9654	9.48206
57.1553	31.1899	8.01743	25.9654	9.48206
159.89	158.501	1.10937	1.38928	16.3901
159.89	158.501	1.10937	1.38928	16.3901
122.402	118.006	1.41748	4.39598	16.082
122.402	118.006	1.41748	4.39598	16.082
60.6858	41.3279	5.8507	19.358	11.6488
60.6858	41.3279	5.8507	19.358	11.6488
59.3939	38.5408	6.36458	20.8531	11.1349
59.3939	38.5408	6.36458	20.8531	11.1349
58.3583	22.4824	10.5882	35.876	6.91133
58.3583	22.4824	10.5882	35.876	6.91133
57.5261	24.4667	9.94635	33.0593	7.55314
57.5261	24.4667	9.94635	33.0593	7.55314
60.5963	41.147	5.88236	19.4493	11.6171
60.5963	41.147	5.88236	19.4493	11.6171
63.2218	17.2347	12.3903	45.9871	5.10918
63.2218	17.2347	12.3903	45.9871	5.10918
109.475	5.75015	15.8469	103.724	1.65261
109.475	5.75015	15.8469	103.724	1.65261
56.9807	29.6622	8.42021	27.3185	9.07927
56.9807	29.6622	8.42021	27.3185	9.07927
95.2989	7.63573	15.4328	87.6632	2.06671
95.2989	7.63573	15.4328	87.6632	2.06671
125.924	4.06689	16.1305	121.857	1.36895
125.924	4.06689	16.1305	121.857	1.36895
76.8582	65.4456	3.13414	11.4127	14.3653
76.8582	65.4456	3.13414	11.4127	14.3653
108.31	5.88624	15.8202	102.424	1.67926
108.31	5.88624	15.8202	102.424	1.67926
57.9882	34.7442	7.16108	23.244	10.3384
57.9882	34.7442	7.16108	23.244	10.3384
57.7035	33.7559	7.38805	23.9475	10.1114
57.7035	33.7559	7.38805	23.9475	10.1114
70.0476	56.3722	3.87534	13.6754	13.6242
70.0476	56.3722	3.87534	13.6754	13.6242
57.0261	30.1824	8.28067	26.8436	9.21882
57.0261	30.1824	8.28067	26.8436	9.21882
67.3496	14.8537	13.2211	52.4958	4.27838
67.3496	14.8537	13.2211	52.4958	4.27838
62.557	44.8353	5.27988	17.7217	12.2196
62.557	44.8353	5.27988	17.7217	12.2196
57.7953	34.0892	7.31057	23.7061	10.1889
57.7953	34.0892	7.31057	23.7061	10.1889
67.7909	53.1455	4.20654	14.6454	13.2929
67.7909	53.1455	4.20654	14.6454	13.2929
58.1859	35.3659	7.02256	22.82	10.4769
58.1859	35.3659	7.02256	22.82	10.4769
61.1865	42.3137	5.68212	18.8728	11.8174
61.1865	42.3137	5.68212	18.8728	11.8174
73.4658	12.4401	14.0354	61.0257	3.46405
73.4658	12.4401	14.0354	61.0257	3.46405
76.293	64.7202	3.1847	11.5728	14.3148
76.293	64.7202	3.1847	11.5728	14.3148
63.9363	16.7516	12.5597	47.1848	4.9398
63.9363	16.7516	12.5597	47.1848	4.9398
70.2312	13.6026	13.6488	56.6286	3.85074
70.2312	13.6026	13.6488	56.6286	3.85074
56.9373	28.6111	8.70966	28.3262	8.78983
56.9373	28.6111	8.70966	28.3262	8.78983
62.8524	17.5005	12.2971	45.3519	5.20234
62.8524	17.5005	12.2971	45.3519	5.20234
67.1066	14.9714	13.1804	52.1352	4.31905
67.1066	14.9714	13.1804	52.1352	4.31905
96.6947	7.42375	15.4839	89.271	2.01556
96.6947	7.42375	15.4839	89.271	2.01556
57.6178	24.1885	10.0346	33.4293	7.46492
57.6178	24.1885	10.0346	33.4293	7.46492
57.8414	23.5906	10.2261	34.2508	7.27334
57.8414	23.5906	10.2261	34.2508	7.27334
58.2169	35.4596	7.00196	22.7573	10.4975
58.2169	35.4596	7.00196	22.7573	10.4975
59.1779	38.0273	6.46557	21.1506	11.0339
59.1779	38.0273	6.46557	21.1506	11.0339
87.8763	8.89938	15.1064	78.9769	2.39312
87.8763	8.89938	15.1064	78.9769	2.39312
57.0343	26.7721	9.24	30.2622	8.25949
57.0343	26.7721	9.24	30.2622	8.25949
71.0306	57.7355	3.74726	13.2951	13.7522
71.0306	57.7355	3.74726	13.2951	13.7522
58.8107	21.7013	10.8483	37.1094	6.65122
58.8107	21.7013	10.8483	37.1094	6.65122
56.999	29.8928	8.35807	27.1062	9.14142
56.999	29.8928	8.35807	27.1062	9.14142
61.2315	42.4003	5.66762	18.8312	11.8319
61.2315	42.4003	5.66762	18.8312	11.8319
77.9713	66.8626	3.03911	11.1086	14.4604
77.9713	66.8626	3.03911	11.1086	14.4604
57.1093	30.8754	8.09862	26.2339	9.40087
57.1093	30.8754	8.09862	26.2339	9.40087
88.5128	79.7322	2.36096	8.78061	15.1385
88.5128	79.7322	2.36096	8.78061	15.1385
62.8725	45.3868	5.19716	17.4857	12.3023
62.8725	45.3868	5.19716	17.4857	12.3023
57.0558	26.6003	9.2911	30.4556	8.20839
57.0558	26.6003	9.2911	30.4556	8.20839
84.2598	9.62002	14.9052	74.6397	2.59431
84.2598	9.62002	14.9052	74.6397	2.59431
57.0278	26.8283	9.22336	30.1995	8.27613
57.0278	26.8283	9.22336	30.1995	8.27613
66.1368	15.4643	13.0095	50.6725	4.49003
66.1368	15.4643	13.0095	50.6725	4.49003
59.6052	39.0274	6.27074	20.5778	11.2287
59.6052	39.0274	6.27074	20.5778	11.2287
62.0862	43.994	5.40961	18.0923	12.0899
62.0862	43.994	5.40961	18.0923	12.0899
61.4906	42.8935	5.58601	18.5971	11.9135
61.4906	42.8935	5.58601	18.5971	11.9135
61.9059	18.2405	12.038	43.6654	5.46147
61.9059	18.2405	12.038	43.6654	5.46147
66.2411	15.4094	13.0285	50.8317	4.47094
66.2411	15.4094	13.0285	50.8317	4.47094
85.7959	76.492	2.50481	9.30388	14.9947
85.7959	76.492	2.50481	9.30388	14.9947
107.081	6.03294	15.7909	101.048	1.70858
107.081	6.03294	15.7909	101.048	1.70858
57.1805	31.3492	7.97663	25.8313	9.52286
57.1805	31.3492	7.97663	25.8313	9.52286
116.691	4.96252	15.9904	111.728	1.50906
116.691	4.96252	15.9904	111.728	1.50906
150.126	2.09434	16.3459	148.032	1.1536
150.126	2.09434	16.3459	148.032	1.1536
58.2654	35.6043	6.9703	22.6611	10.5292
58.2654	35.6043	6.9703	22.6611	10.5292
58.8317	37.1636	6.64008	21.6681	10.8594
58.8317	37.1636	6.64008	21.6681	10.8594
59.2078	21.1083	11.0482	38.0995	6.45125
59.2078	21.1083	11.0482	38.0995	6.45125
58.1138	35.144	7.07162	22.9698	10.4279
58.1138	35.144	7.07162	22.9698	10.4279
56.9403	28.1337	8.84444	28.8067	8.65505
56.9403	28.1337	8.84444	28.8067	8.65505
94.883	87.1828	2.0825	7.70028	15.417
94.883	87.1828	2.0825	7.70028	15.417
152.102	1.94877	16.3565	150.154	1.14303
152.102	1.94877	16.3565	150.154	1.14303
57.9379	23.3593	10.301	34.5785	7.19853
57.9379	23.3593	10.301	34.5785	7.19853
59.4993	38.7853	6.31719	20.714	11.1823
59.4993	38.7853	6.31719	20.714	11.1823
67.9783	14.559	13.3227	53.4193	4.1768
67.9783	14.559	13.3227	53.4193	4.1768
115.177	110.057	1.53636	5.12048	15.9631
115.177	110.057	1.53636	5.12048	15.9631
64.0386	16.6854	12.5829	47.3532	4.91662
64.0386	16.6854	12.5829	47.3532	4.91662
59.0281	37.6603	6.539	21.3678	10.9605
59.0281	37.6603	6.539	21.3678	10.9605
87.1147	9.04448	15.0667	78.0702	2.43281
87.1147	9.04448	15.0667	78.0702	2.43281
70.8174	57.4418	3.7743	13.3756	13.7252
70.8174	57.4418	3.7743	13.3756	13.7252
90.8595	82.4986	2.24971	8.36097	15.2498
90.8595	82.4986	2.24971	8.36097	15.2498
60.662	41.2799	5.85908	19.3821	11.6404
60.662	41.2799	5.85908	19.3821	11.6404
77.7132	66.5353	3.06063	11.1779	14.4389
77.7132	66.5353	3.06063	11.1779	14.4389
110.771	105.169	1.62419	5.60189	15.8753
110.771	105.169	1.62419	5.60189	15.8753
64.2197	47.6497	4.87619	16.57	12.6233
64.2197	47.6497	4.87619	16.57	12.6233
61.8231	18.31	12.0137	43.5131	5.48574
61.8231	18.31	12.0137	43.5131	5.48574
62.7443	45.1639	5.23038	17.5805	12.2691
62.7443	45.1639	5.23038	17.5805	12.2691
73.7559	12.3455	14.0663	61.4104	3.43316
73.7559	12.3455	14.0663	61.4104	3.43316
62.3653	44.4954	5.33176	17.8699	12.1677
62.3653	44.4954	5.33176	17.8699	12.1677
57.9804	23.2615	10.3327	34.7189	7.16677
57.9804	23.2615	10.3327	34.7189	7.16677
107.989	5.92422	15.8127	102.065	1.68679
107.989	5.92422	15.8127	102.065	1.68679
88.2218	8.83463	15.1239	79.3872	2.37555
88.2218	8.83463	15.1239	79.3872	2.37555
60.1323	19.9485	11.4447	40.1838	6.05482
60.1323	19.9485	11.4447	40.1838	6.05482
74.9966	63.0407	3.307	11.9559	14.1925
74.9966	63.0407	3.307	11.9559	14.1925
88.5127	79.7321	2.36096	8.78062	15.1385
88.5127	79.7321	2.36096	8.78062	15.1385
89.1216	80.4525	2.33102	8.66906	15.1685
89.1216	80.4525	2.33102	8.66906	15.1685
91.5227	8.24724	15.2793	83.2755	2.22022
91.5227	8.24724	15.2793	83.2755	2.22022
58.1624	35.294	7.03841	22.8684	10.4611
58.1624	35.294	7.03841	22.8684	10.4611
62.5979	17.6906	12.2305	44.9073	5.26897
62.5979	17.6906	12.2305	44.9073	5.26897
89.9542	81.4347	2.29131	8.51958	15.2082
89.9542	81.4347	2.29131	8.51958	15.2082
83.0203	9.88713	14.8281	73.1331	2.67138
83.0203	9.88713	14.8281	73.1331	2.67138
61.0937	18.9596	11.7872	42.1341	5.71233
61.0937	18.9596	11.7872	42.1341	5.71233
57.2418	31.7082	7.88555	25.5336	9.61394
57.2418	31.7082	7.88555	25.5336	9.61394
57.9103	23.4239	10.28	34.4864	7.21947
57.9103	23.4239	10.28	34.4864	7.21947
57.428	24.7931	9.84368	32.6349	7.65581
57.428	24.7931	9.84368	32.6349	7.65581
68.2391	14.4406	13.3633	53.7984	4.13615
68.2391	14.4406	13.3633	53.7984	4.13615
61.9086	43.6704	5.46068	18.2383	12.0388
61.9086	43.6704	5.46068	18.2383	12.0388
57.2744	31.8857	7.84095	25.3887	9.65854
57.2744	31.8857	7.84095	25.3887	9.65854
75.3096	63.4483	3.27663	11.8613	14.2229
75.3096	63.4483	3.27663	11.8613	14.2229
57.6496	33.5524	7.43584	24.0972	10.0637
57.6496	33.5524	7.43584	24.0972	10.0637
60.8047	19.2389	11.6901	41.5658	5.80941
60.8047	19.2389	11.6901	41.5658	5.80941
63.4492	46.3725	5.05379	17.0767	12.4457
63.4492	46.3725	5.05379	17.0767	12.4457
59.1299	37.9109	6.48875	21.2191	11.0107
59.1299	37.9109	6.48875	21.2191	11.0107
64.6329	48.3185	4.78673	16.3145	12.7128
64.6329	48.3185	4.78673	16.3145	12.7128
63.4593	46.3894	5.05138	17.0699	12.4481
63.4593	46.3894	5.05138	17.0699	12.4481
62.4295	44.6096	5.31424	17.8198	12.1852
62.4295	44.6096	5.31424	17.8198	12.1852
75.0077	63.0552	3.30592	11.9525	14.1936
75.0077	63.0552	3.30592	11.9525	14.1936
57.6947	23.9715	10.1038	33.7232	7.39571
57.6947	23.9715	10.1038	33.7232	7.39571
59.2773	38.2659	6.41839	21.0114	11.0811
59.2773	38.2659	6.41839	21.0114	11.0811
98.6319	91.4912	1.949	7.1407	15.5505
98.6319	91.4912	1.949	7.1407	15.5505
60.0309	39.9669	6.09456	20.064	11.4049
60.0309	39.9669	6.09456	20.064	11.4049
62.3129	44.402	5.34614	17.9109	12.1533
62.3129	44.402	5.34614	17.9109	12.1533
57.0011	29.918	8.35129	27.0831	9.1482
57.0011	29.918	8.35129	27.0831	9.1482
58.7577	21.7864	10.8197	36.9713	6.67974
58.7577	21.7864	10.8197	36.9713	6.67974
71.5206	13.1136	13.8129	58.407	3.68658
71.5206	13.1136	13.8129	58.407	3.68658
60.6198	19.4252	11.6255	41.1946	5.874
60.6198	19.4252	11.6255	41.1946	5.874
65.8797	15.6017	12.9616	50.278	4.53785
65.8797	15.6017	12.9616	50.278	4.53785
57.204	25.7129	9.55897	31.491	7.94052
57.204	25.7129	9.55897	31.491	7.94052
61.491	18.5967	11.9136	42.8943	5.58588
61.491	18.5967	11.9136	42.8943	5.58588
60.5487	19.4985	11.6001	41.0502	5.89938
60.5487	19.4985	11.6001	41.0502	5.89938
56.9583	29.2989	8.51912	27.6593	8.98037
56.9583	29.2989	8.51912	27.6593	8.98037
57.7246	23.8905	10.1297	33.8341	7.36978
57.7246	23.8905	10.1297	33.8341	7.36978
57.7907	23.7178	10.1851	34.0729	7.31434
57.7907	23.7178	10.1851	34.0729	7.31434
63.0459	45.6861	5.15303	17.3598	12.3465
63.0459	45.6861	5.15303	17.3598	12.3465
91.0498	8.32812	15.2583	82.7217	2.24116
91.0498	8.32812	15.2583	82.7217	2.24116
98.4421	91.2742	1.9553	7.16789	15.5442
98.4421	91.2742	1.9553	7.16789	15.5442
57.0124	26.9702	9.18142	30.0421	8.31807
57.0124	26.9702	9.18142	30.0421	8.31807
62.4283	17.8207	12.1849	44.6076	5.31456
62.4283	17.8207	12.1849	44.6076	5.31456
63.3586	17.1392	12.4238	46.2194	5.07569
63.3586	17.1392	12.4238	46.2194	5.07569
67.946	14.5738	13.3176	53.3722	4.1819
67.946	14.5738	13.3176	53.3722	4.1819
87.0805	78.0294	2.43462	9.05107	15.0649
87.0805	78.0294	2.43462	9.05107	15.0649
57.0796	26.4282	9.34252	30.6515	8.15697
57.0796	26.4282	9.34252	30.6515	8.15697
61.5314	18.5611	11.926	42.9703	5.57345
61.5314	18.5611	11.926	42.9703	5.57345
90.1583	8.48348	15.2177	81.6748	2.2818
90.1583	8.48348	15.2177	81.6748	2.2818
57.9353	34.5699	7.20049	23.3654	10.299
57.9353	34.5699	7.20049	23.3654	10.299
63.0368	45.6705	5.15532	17.3663	12.3442
63.0368	45.6705	5.15532	17.3663	12.3442
59.2376	21.0665	11.0624	38.1711	6.43708
59.2376	21.0665	11.0624	38.1711	6.43708
57.1042	26.2657	9.39129	30.8385	8.1082
57.1042	26.2657	9.39129	30.8385	8.1082
63.5531	17.0059	12.4705	46.5471	5.02897
63.5531	17.0059	12.4705	46.5471	5.02897
66.5583	51.313	4.41395	15.2453	13.0855
66.5583	51.313	4.41395	15.2453	13.0855
69.7181	13.8082	13.5792	55.9099	3.9203
69.7181	13.8082	13.5792	55.9099	3.9203
74.0163	61.7546	3.40589	12.2617	14.0936
74.0163	61.7546	3.40589	12.2617	14.0936
57.6694	33.6278	7.41809	24.0415	10.0814
57.6694	33.6278	7.41809	24.0415	10.0814
57.361	32.323	7.73228	25.0379	9.76721
57.361	32.323	7.73228	25.0379	9.76721
98.5759	91.4272	1.95085	7.1487	15.5486
98.5759	91.4272	1.95085	7.1487	15.5486
57.0832	26.4038	9.34982	30.6794	8.14967
57.0832	26.4038	9.34982	30.6794	8.14967
56.975	29.5805	8.44235	27.3945	9.05714
56.975	29.5805	8.44235	27.3945	9.05714
59.9383	20.1716	11.3679	39.7666	6.13157
59.9383	20.1716	11.3679	39.7666	6.13157
75.0806	11.9304	14.2007	63.1502	3.2988
75.0806	11.9304	14.2007	63.1502	3.2988
58.3919	22.4196	10.6089	35.9723	6.89057
58.3919	22.4196	10.6089	35.9723	6.89057
58.922	21.5277	10.9066	37.3944	6.59288
58.922	21.5277	10.9066	37.3944	6.59288
65.4757	49.6519	4.61529	15.8239	12.8842
65.4757	49.6519	4.61529	15.8239	12.8842
70.0531	56.3799	3.87459	13.6732	13.6249
70.0531	56.3799	3.87459	13.6732	13.6249
58.1734	35.3278	7.03096	22.8456	10.4685
58.1734	35.3278	7.03096	22.8456	10.4685
79.0772	68.2569	2.9502	10.8203	14.5493
79.0772	68.2569	2.9502	10.8203	14.5493
86.8757	9.09071	15.0539	77.785	2.44554
86.8757	9.09071	15.0539	77.785	2.44554
69.9369	13.7197	13.6092	56.2171	3.89033
69.9369	13.7197	13.6092	56.2171	3.89033
62.8713	17.4866	12.302	45.3847	5.19747
62.8713	17.4866	12.302	45.3847	5.19747
76.3275	64.7646	3.18156	11.5629	14.3179
76.3275	64.7646	3.18156	11.5629	14.3179
60.9568	19.0902	11.7417	41.8666	5.75775
60.9568	19.0902	11.7417	41.8666	5.75775
58.0501	23.1064	10.3832	34.9438	7.11625
58.0501	23.1064	10.3832	34.9438	7.11625
109.487	5.7487	15.8472	103.738	1.65233
109.487	5.7487	15.8472	103.738	1.65233
116.248	111.239	1.51691	5.00841	15.9826
116.248	111.239	1.51691	5.00841	15.9826
62.2764	44.3366	5.35625	17.9398	12.1432
62.2764	44.3366	5.35625	17.9398	12.1432
60.1121	40.1408	6.06267	19.9713	11.4368
60.1121	40.1408	6.06267	19.9713	11.4368
101.174	94.3864	1.86873	6.78721	15.6308
101.174	94.3864	1.86873	6.78721	15.6308
76.9867	11.3768	14.3766	65.6099	3.12287
76.9867	11.3768	14.3766	65.6099	3.12287
59.4504	20.7779	11.1605	38.6725	6.339
59.4504	20.7779	11.1605	38.6725	6.339
67.24	14.9065	13.2029	52.3334	4.29663
67.24	14.9065	13.2029	52.3334	4.29663
56.9434	28.9295	8.62094	28.014	8.87855
56.9434	28.9295	8.62094	28.014	8.87855
93.0748	7.98876	15.3452	85.086	2.15427
93.0748	7.98876	15.3452	85.086	2.15427
58.4632	36.1742	6.84731	22.289	10.6522
58.4632	36.1742	6.84731	22.289	10.6522
136.59	3.14558	16.2476	133.444	1.25193
136.59	3.14558	16.2476	133.444	1.25193
59.2774	21.0113	11.0811	38.2661	6.41835
59.2774	21.0113	11.0811	38.2661	6.41835
102.535	95.9294	1.82874	6.60553	15.6707
102.535	95.9294	1.82874	6.60553	15.6707
70.9357	13.3308	13.7402	57.6049	3.75924
70.9357	13.3308	13.7402	57.6049	3.75924
70.0623	13.6695	13.6261	56.3928	3.87335
70.0623	13.6695	13.6261	56.3928	3.87335
58.2736	22.645	10.5345	35.6287	6.96499
58.2736	22.645	10.5345	35.6287	6.96499
98.7669	91.6455	1.94454	7.12142	15.555
98.7669	91.6455	1.94454	7.12142	15.555
97.1675	7.35351	15.5006	89.814	1.99886
97.1675	7.35351	15.5006	89.814	1.99886
99.6424	6.99783	15.5833	92.6446	1.91617
99.6424	6.99783	15.5833	92.6446	1.91617
73.3231	12.4872	14.02	60.836	3.47945
73.3231	12.4872	14.02	60.836	3.47945
57.8003	34.1068	7.30649	23.6934	10.193
57.8003	34.1068	7.30649	23.6934	10.193
61.4705	18.6149	11.9073	42.8556	5.59223
61.4705	18.6149	11.9073	42.8556	5.59223
61.3666	42.6586	5.62467	18.7079	11.8748
61.3666	42.6586	5.62467	18.7079	11.8748
58.4532	22.3072	10.6462	36.146	6.85333
58.4532	22.3072	10.6462	36.146	6.85333
59.1194	37.885	6.49391	21.2343	11.0056
59.1194	37.885	6.49391	21.2343	11.0056
57.1065	30.8548	8.10396	26.2517	9.39553
57.1065	30.8548	8.10396	26.2517	9.39553
59.9136	20.2007	11.3579	39.7129	6.14154
59.9136	20.2007	11.3579	39.7129	6.14154
102.111	95.4491	1.84099	6.6616	15.6585
102.111	95.4491	1.84099	6.6616	15.6585
58.4136	36.0343	6.87724	22.3793	10.6222
58.4136	36.0343	6.87724	22.3793	10.6222
61.0661	42.0804	5.72141	18.9857	11.7781
61.0661	42.0804	5.72141	18.9857	11.7781
59.6604	39.152	6.247	20.5084	11.2525
59.6604	39.152	6.247	20.5084	11.2525
73.0458	12.5796	13.9897	60.4662	3.50979
73.0458	12.5796	13.9897	60.4662	3.50979
64.0749	47.4128	4.90846	16.6621	12.591
64.0749	47.4128	4.90846	16.6621	12.591
69.673	55.8464	3.92654	13.8266	13.573
69.673	55.8464	3.92654	13.8266	13.573
57.6784	33.6619	7.41009	24.0165	10.0894
57.6784	33.6619	7.41009	24.0165	10.0894
56.9557	27.7081	8.96631	29.2476	8.53318
56.9557	27.7081	8.96631	29.2476	8.53318
57.4956	32.9308	7.58405	24.5647	9.91544
57.4956	32.9308	7.58405	24.5647	9.91544
60.6388	41.233	5.86728	19.4058	11.6322
60.6388	41.233	5.86728	19.4058	11.6322
58.83	37.1592	6.64098	21.6708	10.8585
58.83	37.1592	6.64098	21.6708	10.8585
61.0412	19.0093	11.7699	42.0319	5.72963
61.0412	19.0093	11.7699	42.0319	5.72963
59.1659	21.1676	11.0281	37.9983	6.47134
59.1659	21.1676	11.0281	37.9983	6.47134
68.2333	14.4432	13.3625	53.7901	4.13704
68.2333	14.4432	13.3625	53.7901	4.13704
81.1154	70.7945	2.7992	10.3209	14.7003
81.1154	70.7945	2.7992	10.3209	14.7003
89.0004	8.6911	15.1626	80.3093	2.33692
89.0004	8.6911	15.1626	80.3093	2.33692
62.3478	17.8836	12.1629	44.4642	5.33655
62.3478	17.8836	12.1629	44.4642	5.33655
59.2599	21.0355	11.0729	38.2244	6.42657
59.2599	21.0355	11.0729	38.2244	6.42657
66.4677	15.2917	13.0694	51.176	4.43006
66.4677	15.2917	13.0694	51.176	4.43006
61.1268	42.1983	5.70151	18.9285	11.798
61.1268	42.1983	5.70151	18.9285	11.798
67.9592	53.3915	4.17981	14.5677	13.3197
67.9592	53.3915	4.17981	14.5677	13.3197
59.0882	21.2795	10.9903	37.8088	6.50916
59.0882	21.2795	10.9903	37.8088	6.50916
65.9407	15.5688	12.9731	50.372	4.52639
65.9407	15.5688	12.9731	50.372	4.52639
62.7946	17.5431	12.2822	45.2515	5.21729
62.7946	17.5431	12.2822	45.2515	5.21729
97.7244	90.4526	1.97957	7.27175	15.5199
97.7244	90.4526	1.97957	7.27175	15.5199
57.1467	31.1338	8.03184	26.0129	9.46765
57.1467	31.1338	8.03184	26.0129	9.46765
58.9851	21.432	10.9388	37.5531	6.56066
58.9851	21.432	10.9388	37.5531	6.56066
75.0342	63.0897	3.30333	11.9445	14.1962
75.0342	63.0897	3.30333	11.9445	14.1962
68.1337	14.4882	13.347	53.6456	4.15247
68.1337	14.4882	13.347	53.6456	4.15247
57.3842	32.4333	7.70513	24.9509	9.79436
57.3842	32.4333	7.70513	24.9509	9.79436
65.8087	15.6401	12.9482	50.1686	4.55125
65.8087	15.6401	12.9482	50.1686	4.55125
57.2318	31.6519	7.89976	25.5798	9.59973
57.2318	31.6519	7.89976	25.5798	9.59973
58.4414	36.1129	6.86041	22.3285	10.6391
58.4414	36.1129	6.86041	22.3285	10.6391
56.9368	28.5175	8.73592	28.4192	8.76357
56.9368	28.5175	8.73592	28.4192	8.76357
63.5856	16.984	12.4782	46.6016	5.02126
63.5856	16.984	12.4782	46.6016	5.02126
79.4309	68.7001	2.92284	10.7308	14.5766
79.4309	68.7001	2.92284	10.7308	14.5766
82.8895	72.9735	2.67978	9.91598	14.8197
82.8895	72.9735	2.67978	9.91598	14.8197
57.4656	24.664	9.8842	32.8016	7.61529
57.4656	24.664	9.8842	32.8016	7.61529
59.2131	38.1123	6.44872	21.1009	11.0508
59.2131	38.1123	6.44872	21.1009	11.0508
70.0445	56.3678	3.87576	13.6767	13.6237
70.0445	56.3678	3.87576	13.6767	13.6237
62.5132	17.7553	12.2079	44.7579	5.29163
62.5132	17.7553	12.2079	44.7579	5.29163
63.9268	47.1691	4.94197	16.7577	12.5575
63.9268	47.1691	4.94197	16.7577	12.5575
77.552	11.2215	14.4253	66.3306	3.07423
77.552	11.2215	14.4253	66.3306	3.07423
60.6697	41.2955	5.85635	19.3743	11.6431
60.6697	41.2955	5.85635	19.3743	11.6431
58.258	35.5823	6.97511	22.6757	10.5244
58.258	35.5823	6.97511	22.6757	10.5244
60.9233	41.8007	5.76901	19.1226	11.7305
60.9233	41.8007	5.76901	19.1226	11.7305
65.4294	15.8498	12.8751	49.5796	4.62435
65.4294	15.8498	12.8751	49.5796	4.62435
62.5181	17.7515	12.2092	44.7666	5.2903
62.5181	17.7515	12.2092	44.7666	5.2903
57.7918	23.7149	10.1861	34.077	7.31339
57.7918	23.7149	10.1861	34.077	7.31339
58.3708	35.912	6.90356	22.4588	10.5959
58.3708	35.912	6.90356	22.4588	10.5959
65.6929	49.9895	4.5733	15.7034	12.9262
65.6929	49.9895	4.5733	15.7034	12.9262
98.0452	90.82	1.96864	7.22512	15.5308
98.0452	90.82	1.96864	7.22512	15.5308
64.8421	48.6531	4.74286	16.1891	12.7566
64.8421	48.6531	4.74286	16.1891	12.7566
83.0217	73.1349	2.67129	9.88681	14.8282
83.0217	73.1349	2.67129	9.88681	14.8282
67.2788	52.3911	4.29013	14.8878	13.2094
67.2788	52.3911	4.29013	14.8878	13.2094
77.6597	66.4675	3.06513	11.1923	14.4344
77.6597	66.4675	3.06513	11.1923	14.4344
65.9431	50.3755	4.52596	15.5675	12.9735
65.9431	50.3755	4.52596	15.5675	12.9735
73.6341	12.3851	14.0534	61.249	3.44607
73.6341	12.3851	14.0534	61.249	3.44607
124.742	120.566	1.38463	4.17581	16.1149
124.742	120.566	1.38463	4.17581	16.1149
69.9236	56.1985	3.89213	13.7251	13.6074
69.9236	56.1985	3.89213	13.7251	13.6074
89.0739	80.3962	2.33334	8.67772	15.1662
89.0739	80.3962	2.33334	8.67772	15.1662
58.2554	22.6808	10.5227	35.5745	6.9768
58.2554	22.6808	10.5227	35.5745	6.9768
71.0462	57.7571	3.74529	13.2892	13.7542
71.0462	57.7571	3.74529	13.2892	13.7542
60.0051	39.9115	6.10477	20.0937	11.3947
60.0051	39.9115	6.10477	20.0937	11.3947
80.1707	10.5475	14.6323	69.6232	2.86723
80.1707	10.5475	14.6323	69.6232	2.86723
70.2775	13.5844	13.6549	56.6931	3.84459
70.2775	13.5844	13.6549	56.6931	3.84459
58.145	22.9043	10.4493	35.2408	7.05018
58.145	22.9043	10.4493	35.2408	7.05018
58.3772	35.9302	6.89963	22.447	10.5999
58.3772	35.9302	6.89963	22.447	10.5999
65.6304	15.7379	12.9142	49.8925	4.58531
65.6304	15.7379	12.9142	49.8925	4.58531
80.2058	69.6669	2.86464	10.5389	14.6349
80.2058	69.6669	2.86464	10.5389	14.6349
57.0145	26.9497	9.18747	30.0648	8.31202
57.0145	26.9497	9.18747	30.0648	8.31202
126.157	122.111	1.36594	4.04565	16.1336
126.157	122.111	1.36594	4.04565	16.1336
66.4443	51.1405	4.43426	15.3038	13.0652
66.4443	51.1405	4.43426	15.3038	13.0652
83.9519	74.2666	2.61303	9.68531	14.8865
83.9519	74.2666	2.61303	9.68531	14.8865
74.8762	62.8835	3.31884	11.9927	14.1806
74.8762	62.8835	3.31884	11.9927	14.1806
70.3307	13.5635	13.6619	56.7672	3.83754
70.3307	13.5635	13.6619	56.7672	3.83754
57.2671	31.8466	7.85076	25.4205	9.64873
57.2671	31.8466	7.85076	25.4205	9.64873
76.5648	65.0695	3.16019	11.4953	14.3393
76.5648	65.0695	3.16019	11.4953	14.3393
91.7072	8.21596	15.2873	83.4912	2.21216
91.7072	8.21596	15.2873	83.4912	2.21216
59.2981	38.3154	6.40866	20.9828	11.0908
59.2981	38.3154	6.40866	20.9828	11.0908
61.3343	18.7372	11.8646	42.5971	5.63486
61.3343	18.7372	11.8646	42.5971	5.63486
58.9917	37.5696	6.55732	21.4221	10.9422
58.9917	37.5696	6.55732	21.4221	10.9422
102.057	6.66876	15.6569	95.388	1.84256
102.057	6.66876	15.6569	95.388	1.84256
58.6309	21.996	10.7497	36.6349	6.74982
58.6309	21.996	10.7497	36.6349	6.74982
57.2729	31.878	7.84289	25.395	9.6566
57.2729	31.878	7.84289	25.395	9.6566
62.8466	45.3419	5.20383	17.5047	12.2957
62.8466	45.3419	5.20383	17.5047	12.2957
59.6216	20.557	11.2359	39.0646	6.26363
59.6216	20.557	11.2359	39.0646	6.26363
57.3003	25.2792	9.69236	32.0211	7.80713
57.3003	25.2792	9.69236	32.0211	7.80713
83.8318	9.71098	14.8791	74.1208	2.62041
83.8318	9.71098	14.8791	74.1208	2.62041
59.181	38.0349	6.46406	21.1461	11.0354
59.181	38.0349	6.46406	21.1461	11.0354
87.8245	8.90914	15.1037	78.9154	2.39578
87.8245	8.90914	15.1037	78.9154	2.39578
58.5884	36.5198	6.77403	22.0686	10.7255
58.5884	36.5198	6.77403	22.0686	10.7255
57.5907	24.2684	10.0092	33.3222	7.49033
57.5907	24.2684	10.0092	33.3222	7.49033
59.6448	20.5279	11.2458	39.1168	6.25368
59.6448	20.5279	11.2458	39.1168	6.25368
57.07	26.496	9.32221	30.574	8.17728
57.07	26.496	9.32221	30.574	8.17728
57.1238	26.1457	9.42748	30.9781	8.07201
57.1238	26.1457	9.42748	30.9781	8.07201
56.9367	28.4367	8.75866	28.5	8.74083
56.9367	28.4367	8.75866	28.5	8.74083
59.2597	38.2238	6.42668	21.0358	11.0728
59.2597	38.2238	6.42668	21.0358	11.0728
124.94	120.783	1.38195	4.15743	16.1175
124.94	120.783	1.38195	4.15743	16.1175
67.3188	52.4502	4.28349	14.8685	13.216
67.3188	52.4502	4.28349	14.8685	13.216
86.6738	9.13002	15.0431	77.5438	2.45641
86.6738	9.13002	15.0431	77.5438	2.45641
63.0734	17.3401	12.3534	45.7334	5.14611
63.0734	17.3401	12.3534	45.7334	5.14611
57.0935	26.3349	9.3705	30.7586	8.12899
57.0935	26.3349	9.3705	30.7586	8.12899
115.46	5.09071	15.9683	110.369	1.53115
115.46	5.09071	15.9683	110.369	1.53115
57.123	26.1501	9.42615	30.9729	8.07334
57.123	26.1501	9.42615	30.9729	8.07334
155.432	153.725	1.12712	1.70707	16.3724
155.432	153.725	1.12712	1.70707	16.3724
100.868	94.039	1.87799	6.82874	15.6215
100.868	94.039	1.87799	6.82874	15.6215
105.799	6.18941	15.759	99.6096	1.74051
105.799	6.18941	15.759	99.6096	1.74051
102.264	6.64122	15.663	95.6233	1.83653
102.264	6.64122	15.663	95.6233	1.83653
57.8771	34.3737	7.24519	23.5034	10.2543
57.8771	34.3737	7.24519	23.5034	10.2543
59.9188	20.1945	11.3601	39.7244	6.13941
59.9188	20.1945	11.3601	39.7244	6.13941
137.503	134.432	1.24371	3.07109	16.2558
137.503	134.432	1.24371	3.07109	16.2558
57.9232	34.5297	7.20963	23.3935	10.2899
57.9232	34.5297	7.20963	23.3935	10.2899
63.7966	46.9536	4.97187	16.8431	12.5276
63.7966	46.9536	4.97187	16.8431	12.5276
57.8044	23.683	10.1963	34.1213	7.30315
57.8044	23.683	10.1963	34.1213	7.30315
56.948	27.8804	8.91677	29.0676	8.58272
56.948	27.8804	8.91677	29.0676	8.58272
59.1105	37.8633	6.49825	21.2472	11.0012
59.1105	37.8633	6.49825	21.2472	11.0012
66.8812	51.7987	4.35752	15.0826	13.142
66.8812	51.7987	4.35752	15.0826	13.142
87.4072	8.98837	15.0821	78.4188	2.41741
87.4072	8.98837	15.0821	78.4188	2.41741
57.7716	23.7669	10.1694	34.0047	7.33012
57.7716	23.7669	10.1694	34.0047	7.33012
76.503	11.5128	14.3338	64.9902	3.16573
76.503	11.5128	14.3338	64.9902	3.16573
62.5605	17.719	12.2206	44.8415	5.27893
62.5605	17.719	12.2206	44.8415	5.27893
57.1003	26.2908	9.38374	30.8095	8.11575
57.1003	26.2908	9.38374	30.8095	8.11575
79.8891	69.2725	2.88814	10.6166	14.6113
79.8891	69.2725	2.88814	10.6166	14.6113
59.1427	21.2008	11.0169	37.9419	6.48256
59.1427	21.2008	11.0169	37.9419	6.48256
71.6787	13.0561	13.8321	58.6226	3.66742
71.6787	13.0561	13.8321	58.6226	3.66742
56.9561	27.7	8.96862	29.2561	8.53087
56.9561	27.7	8.96862	29.2561	8.53087
80.0017	10.5889	14.6197	69.4128	2.87974
80.0017	10.5889	14.6197	69.4128	2.87974
56.9626	27.5832	9.00236	29.3793	8.49713
56.9626	27.5832	9.00236	29.3793	8.49713
69.9617	56.2519	3.88695	13.7098	13.6125
69.9617	56.2519	3.88695	13.7098	13.6125
56.9448	28.9746	8.60842	27.9702	8.89107
56.9448	28.9746	8.60842	27.9702	8.89107
63.2007	45.9512	5.11439	17.2496	12.3851
63.2007	45.9512	5.11439	17.2496	12.3851
62.4158	17.8305	12.1815	44.5854	5.31796
62.4158	17.8305	12.1815	44.5854	5.31796
66.8561	15.0951	13.1376	51.761	4.36186
66.8561	15.0951	13.1376	51.761	4.36186
73.7132	12.3593	14.0618	61.3539	3.43767
73.7132	12.3593	14.0618	61.3539	3.43767
85.831	9.29682	14.9967	76.5342	2.50283
85.831	9.29682	14.9967	76.5342	2.50283
60.6094	41.1736	5.87768	19.4358	11.6218
60.6094	41.1736	5.87768	19.4358	11.6218
119.19	4.70915	16.0326	114.481	1.46687
119.19	4.70915	16.0326	114.481	1.46687
57.4264	32.6275	7.65762	24.7989	9.84187
57.4264	32.6275	7.65762	24.7989	9.84187
105.97	99.8013	1.73618	6.16836	15.7633
105.97	99.8013	1.73618	6.16836	15.7633
73.8817	61.5768	3.41993	12.3049	14.0796
73.8817	61.5768	3.41993	12.3049	14.0796
64.4613	48.042	4.82343	16.4193	12.6761
64.4613	48.042	4.82343	16.4193	12.6761
61.7756	43.4255	5.49976	18.3501	11.9997
61.7756	43.4255	5.49976	18.3501	11.9997
61.8337	43.5327	5.48261	18.301	12.0169
61.8337	43.5327	5.48261	18.301	12.0169
57.1975	25.7447	9.54925	31.4528	7.95024
57.1975	25.7447	9.54925	31.4528	7.95024
126.786	3.98852	16.1416	122.797	1.35791
126.786	3.98852	16.1416	122.797	1.35791
58.0105	34.8166	7.14476	23.1939	10.3547
58.0105	34.8166	7.14476	23.1939	10.3547
92.1071	8.14868	15.3046	83.9584	2.1949
92.1071	8.14868	15.3046	83.9584	2.1949
80.1455	69.5919	2.86908	10.5536	14.6304
80.1455	69.5919	2.86908	10.5536	14.6304
88.7454	80.0077	2.34943	8.73775	15.1501
88.7454	80.0077	2.34943	8.73775	15.1501
64.0121	16.7025	12.5769	47.3097	4.9226
64.0121	16.7025	12.5769	47.3097	4.9226
69.6729	55.8463	3.92655	13.8266	13.5729
69.6729	55.8463	3.92655	13.8266	13.5729
60.0121	20.0856	11.3975	39.9265	6.10201
60.0121	20.0856	11.3975	39.9265	6.10201
58.1509	35.2589	7.04617	22.892	10.4533
58.1509	35.2589	7.04617	22.892	10.4533
128.724	3.81497	16.1653	124.909	1.33416
128.724	3.81497	16.1653	124.909	1.33416
117.587	112.717	1.49352	4.8706	16.006
117.587	112.717	1.49352	4.8706	16.006
56.9385	28.7063	8.68304	28.2322	8.81645
56.9385	28.7063	8.68304	28.2322	8.81645
125.449	121.339	1.37517	4.11045	16.1243
125.449	121.339	1.37517	4.11045	16.1243
137.389	3.08034	16.2548	134.309	1.24472
137.389	3.08034	16.2548	134.309	1.24472
59.5032	38.7944	6.31544	20.7088	11.184
59.5032	38.7944	6.31544	20.7088	11.184
57.3501	32.2702	7.74531	25.0798	9.75418
57.3501	32.2702	7.74531	25.0798	9.75418
75.3821	63.5426	3.26967	11.8396	14.2298
75.3821	63.5426	3.26967	11.8396	14.2298
59.1882	21.1359	11.0389	38.0523	6.4606
59.1882	21.1359	11.0389	38.0523	6.4606
57.0229	26.8716	9.21053	30.1513	8.28896
57.0229	26.8716	9.21053	30.1513	8.28896
76.2566	64.6734	3.188	11.5832	14.3115
76.2566	64.6734	3.188	11.5832	14.3115
91.9781	8.17031	15.2991	83.8077	2.20043
91.9781	8.17031	15.2991	83.8077	2.20043
58.1426	35.2333	7.05182	22.9093	10.4477
58.1426	35.2333	7.05182	22.9093	10.4477
58.1234	35.1738	7.065	22.9495	10.4345
58.1234	35.1738	7.065	22.9495	10.4345
60.3443	40.6296	5.97417	19.7147	11.5253
60.3443	40.6296	5.97417	19.7147	11.5253
59.5794	38.9687	6.28195	20.6107	11.2175
59.5794	38.9687	6.28195	20.6107	11.2175
88.7886	8.72983	15.1522	80.0588	2.3473
88.7886	8.72983	15.1522	80.0588	2.3473
83.0483	73.1673	2.66959	9.88097	14.8299
83.0483	73.1673	2.66959	9.88097	14.8299
59.7213	20.4327	11.2784	39.2886	6.22109
59.7213	20.4327	11.2784	39.2886	6.22109
61.6719	43.2331	5.53075	18.4388	11.9687
61.6719	43.2331	5.53075	18.4388	11.9687
65.1215	49.0961	4.68565	16.0254	12.8138
65.1215	49.0961	4.68565	16.0254	12.8138
79.3754	10.7447	14.5724	68.6306	2.9271
79.3754	10.7447	14.5724	68.6306	2.9271
155.882	154.207	1.12514	1.67469	16.3743
155.882	154.207	1.12514	1.67469	16.3743
57.0304	26.8061	9.22993	30.2243	8.26956
57.0304	26.8061	9.22993	30.2243	8.26956
65.6366	15.7344	12.9154	49.9022	4.5841
65.6366	15.7344	12.9154	49.9022	4.5841
151.318	2.00635	16.3524	149.312	1.14712
151.318	2.00635	16.3524	149.312	1.14712
120.164	115.552	1.45133	4.6127	16.0482
120.164	115.552	1.45133	4.6127	16.0482
58.0923	35.077	7.08652	23.0153	10.413
58.0923	35.077	7.08652	23.0153	10.413
63.4225	17.0951	12.4393	46.3274	5.06022
63.4225	17.0951	12.4393	46.3274	5.06022
63.3258	46.1639	5.08367	17.162	12.4158
63.3258	46.1639	5.08367	17.162	12.4158
67.6983	53.0097	4.22141	14.6886	13.2781
67.6983	53.0097	4.22141	14.6886	13.2781
64.6719	16.2909	12.721	48.3809	4.7785
64.6719	16.2909	12.721	48.3809	4.7785
66.9834	15.0319	13.1595	51.9515	4.33999
66.9834	15.0319	13.1595	51.9515	4.33999
60.4088	40.7633	5.95026	19.6455	11.5492
60.4088	40.7633	5.95026	19.6455	11.5492
72.9798	12.6019	13.9824	60.3779	3.51708
72.9798	12.6019	13.9824	60.3779	3.51708
81.4604	10.2401	14.7243	71.2203	2.77515
81.4604	10.2401	14.7243	71.2203	2.77515
107.003	100.961	1.71047	6.04232	15.789
107.003	100.961	1.71047	6.04232	15.789
59.0202	21.3796	10.9565	37.6406	6.54298
59.0202	21.3796	10.9565	37.6406	6.54298
57.8415	34.2515	7.27318	23.5901	10.2263
57.8415	34.2515	7.27318	23.5901	10.2263
58.0443	23.1191	10.3791	34.9253	7.12039
58.0443	23.1191	10.3791	34.9253	7.12039
81.806	71.6459	2.75147	10.1602	14.748
81.806	71.6459	2.75147	10.1602	14.748
65.9815	50.4346	4.51878	15.5469	12.9807
65.9815	50.4346	4.51878	15.5469	12.9807
65.8165	15.6359	12.9497	50.1805	4.54978
65.8165	15.6359	12.9497	50.1805	4.54978
76.1495	64.5354	3.19779	11.6141	14.3017
76.1495	64.5354	3.19779	11.6141	14.3017
64.1828	47.5894	4.88437	16.5933	12.6151
64.1828	47.5894	4.88437	16.5933	12.6151
56.9367	28.4701	8.74926	28.4666	8.75023
56.9367	28.4701	8.74926	28.4666	8.75023
58.3264	22.5429	10.5682	35.7835	6.93134
58.3264	22.5429	10.5682	35.7835	6.93134
74.5589	62.4682	3.35044	12.0907	14.149
74.5589	62.4682	3.35044	12.0907	14.149
72.3578	12.815	13.9121	59.5428	3.58737
72.3578	12.815	13.9121	59.5428	3.58737
70.0966	56.4407	3.86874	13.6559	13.6307
70.0966	56.4407	3.86874	13.6559	13.6307
66.0317	15.5201	12.99	50.5116	4.50945
66.0317	15.5201	12.99	50.5116	4.50945
131.488	127.914	1.3028	3.5737	16.1967
131.488	127.914	1.3028	3.5737	16.1967
90.3951	81.9533	2.27086	8.44184	15.2286
90.3951	81.9533	2.27086	8.44184	15.2286
73.8446	12.3168	14.0757	61.5278	3.42382
73.8446	12.3168	14.0757	61.5278	3.42382
58.3607	22.4779	10.5896	35.8828	6.90986
58.3607	22.4779	10.5896	35.8828	6.90986
73.6369	61.2528	3.44576	12.3841	14.0537
73.6369	61.2528	3.44576	12.3841	14.0537
59.9364	39.7626	6.13231	20.1738	11.3672
59.9364	39.7626	6.13231	20.1738	11.3672
110.924	105.34	1.62089	5.58448	15.8786
110.924	105.34	1.62089	5.58448	15.8786
81.598	71.3899	2.76567	10.2081	14.7338
81.598	71.3899	2.76567	10.2081	14.7338
57.0685	30.5616	8.18053	26.5069	9.31896
57.0685	30.5616	8.18053	26.5069	9.31896
61.167	18.891	11.811	42.276	5.68845
61.167	18.891	11.811	42.276	5.68845
57.0349	30.2679	8.25799	26.7671	9.2415
57.0349	30.2679	8.25799	26.7671	9.2415
94.4276	86.6559	2.10009	7.77171	15.3994
94.4276	86.6559	2.10009	7.77171	15.3994
62.6328	44.9686	5.25971	17.6642	12.2398
62.6328	44.9686	5.25971	17.6642	12.2398
84.1858	74.5502	2.59879	9.63564	14.9007
84.1858	74.5502	2.59879	9.63564	14.9007
57.7707	34.0015	7.33087	23.7692	10.1686
57.7707	34.0015	7.33087	23.7692	10.1686
169.786	0.70184	16.4161	169.084	1.08336
169.786	0.70184	16.4161	169.084	1.08336
57.6087	24.215	10.0261	33.3937	7.47335
57.6087	24.215	10.0261	33.3937	7.47335
140.913	138.115	1.2152	2.79803	16.2843
140.913	138.115	1.2152	2.79803	16.2843
56.9401	28.7943	8.65849	28.1457	8.841
56.9401	28.7943	8.65849	28.1457	8.841
57.9473	23.3374	10.3081	34.6099	7.19143
57.9473	23.3374	10.3081	34.6099	7.19143
110.546	5.62733	15.8705	104.919	1.62902
110.546	5.62733	15.8705	104.919	1.62902
60.305	19.7573	11.5106	40.5477	5.98887
60.305	19.7573	11.5106	40.5477	5.98887
74.0779	61.8358	3.3995	12.2421	14.1
74.0779	61.8358	3.3995	12.2421	14.1
59.3442	20.92	11.1122	38.4242	6.38734
59.3442	20.92	11.1122	38.4242	6.38734
57.3702	25.0029	9.77814	32.3674	7.72135
57.3702	25.0029	9.77814	32.3674	7.72135
57.9781	23.2667	10.331	34.7114	7.16847
57.9781	23.2667	10.331	34.7114	7.16847
72.346	12.8191	13.9108	59.5269	3.58873
72.346	12.8191	13.9108	59.5269	3.58873
62.0608	43.9479	5.41683	18.1129	12.0827
62.0608	43.9479	5.41683	18.1129	12.0827
58.8221	21.6833	10.8543	37.1389	6.64516
58.8221	21.6833	10.8543	37.1389	6.64516
77.0174	11.3683	14.3793	65.6491	3.12019
77.0174	11.3683	14.3793	65.6491	3.12019
68.148	53.6663	4.15025	14.4817	13.3492
68.148	53.6663	4.15025	14.4817	13.3492
61.3402	18.7318	11.8665	42.6084	5.63298
61.3402	18.7318	11.8665	42.6084	5.63298
127.17	3.95379	16.1464	123.216	1.35307
127.17	3.95379	16.1464	123.216	1.35307
59.1224	21.2299	11.0071	37.8925	6.49242
59.1224	21.2299	11.0071	37.8925	6.49242
57.5607	33.2018	7.51903	24.3589	9.98046
57.5607	33.2018	7.51903	24.3589	9.98046
62.9934	45.5958	5.16629	17.3976	12.3332
62.9934	45.5958	5.16629	17.3976	12.3332
59.1706	21.1609	11.0304	38.0096	6.46908
59.1706	21.1609	11.0304	38.0096	6.46908
58.7049	36.8324	6.70856	21.8725	10.7909
58.7049	36.8324	6.70856	21.8725	10.7909
59.114	37.8719	6.49654	21.2421	11.0029
59.114	37.8719	6.49654	21.2421	11.0029
91.4789	83.2243	2.22214	8.25468	15.2773
91.4789	83.2243	2.22214	8.25468	15.2773
57.5407	24.4208	9.96088	33.1199	7.53861
57.5407	24.4208	9.96088	33.1199	7.53861
70.6968	57.2751	3.78977	13.4217	13.7097
70.6968	57.2751	3.78977	13.4217	13.7097
56.9409	28.1085	8.85161	28.8324	8.64788
56.9409	28.1085	8.85161	28.8324	8.64788
58.7113	36.8492	6.70507	21.8621	10.7944
58.7113	36.8492	6.70507	21.8621	10.7944
57.8741	34.3635	7.2475	23.5105	10.252
57.8741	34.3635	7.2475	23.5105	10.252
56.9572	27.6796	8.97453	29.2776	8.52496
56.9572	27.6796	8.97453	29.2776	8.52496
64.0768	16.6609	12.5915	47.4159	4.90803
64.0768	16.6609	12.5915	47.4159	4.90803
120.825	4.54801	16.0584	116.277	1.44107
120.825	4.54801	16.0584	116.277	1.44107
99.102	7.07383	15.5659	92.0282	1.93357
99.102	7.07383	15.5659	92.0282	1.93357
57.6312	33.4813	7.45262	24.1498	10.0469
57.6312	33.4813	7.45262	24.1498	10.0469
57.4763	32.8482	7.60401	24.6281	9.89548
57.4763	32.8482	7.60401	24.6281	9.89548
61.4522	42.8209	5.59792	18.6312	11.9016
61.4522	42.8209	5.59792	18.6312	11.9016
69.2996	55.3188	3.97897	13.9808	13.5205
69.2996	55.3188	3.97897	13.9808	13.5205
105.114	6.27461	15.7413	98.8392	1.75819
105.114	6.27461	15.7413	98.8392	1.75819
75.0529	63.1141	3.3015	11.9388	14.198
75.0529	63.1141	3.3015	11.9388	14.198
74.9734	63.0104	3.30928	11.963	14.1902
74.9734	63.0104	3.30928	11.963	14.1902
58.062	23.0805	10.3917	34.9815	7.10782
58.062	23.0805	10.3917	34.9815	7.10782
58.1204	35.1647	7.06703	22.9557	10.4325
58.1204	35.1647	7.06703	22.9557	10.4325
66.8961	51.8209	4.35496	15.0752	13.1445
66.8961	51.8209	4.35496	15.0752	13.1445
91.7562	8.20768	15.2895	83.5485	2.21003
91.7562	8.20768	15.2895	83.5485	2.21003
57.1106	30.8846	8.09624	26.226	9.40325
57.1106	30.8846	8.09624	26.226	9.40325
64.3777	16.4711	12.6579	47.9067	4.84154
64.3777	16.4711	12.6579	47.9067	4.84154
57.0465	26.6723	9.26964	30.3742	8.22985
57.0465	26.6723	9.26964	30.3742	8.22985
75.5462	11.7907	14.2455	63.7556	3.25403
75.5462	11.7907	14.2455	63.7556	3.25403
84.3103	74.701	2.59126	9.60935	14.9082
84.3103	74.701	2.59126	9.60935	14.9082
65.7331	50.0517	4.56562	15.6814	12.9339
65.7331	50.0517	4.56562	15.6814	12.9339
62.6169	17.6762	12.2356	44.9407	5.26392
62.6169	17.6762	12.2356	44.9407	5.26392
111.184	105.629	1.61538	5.55525	15.8841
111.184	105.629	1.61538	5.55525	15.8841
57.7213	23.8994	10.1268	33.8219	7.37264
57.7213	23.8994	10.1268	33.8219	7.37264
57.8909	34.4209	7.23441	23.4701	10.2651
57.8909	34.4209	7.23441	23.4701	10.2651
56.9756	27.3865	9.05946	29.5891	8.44003
56.9756	27.3865	9.05946	29.5891	8.44003
67.791	53.1457	4.20652	14.6454	13.293
67.791	53.1457	4.20652	14.6454	13.293
60.4993	19.5499	11.5823	40.9494	5.9172
60.4993	19.5499	11.5823	40.9494	5.9172
61.5273	42.9626	5.5747	18.5647	11.9248
61.5273	42.9626	5.5747	18.5647	11.9248
63.0132	45.6299	5.16128	17.3833	12.3382
63.0132	45.6299	5.16128	17.3833	12.3382
58.0701	35.007	7.10212	23.0631	10.3974
58.0701	35.007	7.10212	23.0631	10.3974
69.0148	54.9137	4.01995	14.1011	13.4795
69.0148	54.9137	4.01995	14.1011	13.4795
77.2321	11.3089	14.3979	65.9232	3.10157
77.2321	11.3089	14.3979	65.9232	3.10157
67.9782	14.559	13.3227	53.4192	4.17681
67.9782	14.559	13.3227	53.4192	4.17681
70.3877	13.5412	13.6695	56.8465	3.83002
70.3877	13.5412	13.6695	56.8465	3.83002
136.821	3.1267	16.2497	133.694	1.24983
136.821	3.1267	16.2497	133.694	1.24983
57.0988	26.3007	9.38077	30.798	8.11872
57.0988	26.3007	9.38077	30.798	8.11872
57.1372	26.0672	9.45122	31.07	8.04827
57.1372	26.0672	9.45122	31.07	8.04827
57.1218	26.1574	9.42395	30.9644	8.07554
57.1218	26.1574	9.42395	30.9644	8.07554
57.5408	24.4203	9.96102	33.1205	7.53847
57.5408	24.4203	9.96102	33.1205	7.53847
79.295	68.53	2.93329	10.765	14.5662
79.295	68.53	2.93329	10.765	14.5662
76.1456	11.6152	14.3013	64.5304	3.19815
76.1456	11.6152	14.3013	64.5304	3.19815
67.3615	52.5135	4.2764	14.848	13.2231
67.3615	52.5135	4.2764	14.848	13.2231
106.643	6.08591	15.7802	100.558	1.71931
106.643	6.08591	15.7802	100.558	1.71931
59.2569	38.2172	6.42797	21.0397	11.0715
59.2569	38.2172	6.42797	21.0397	11.0715
56.9433	28.9262	8.62185	28.0172	8.87764
56.9433	28.9262	8.62185	28.0172	8.87764
60.8627	41.681	5.78956	19.1818	11.7099
60.8627	41.681	5.78956	19.1818	11.7099
57.0803	26.4237	9.34386	30.6566	8.15563
57.0803	26.4237	9.34386	30.6566	8.15563
60.5494	19.4978	11.6003	41.0516	5.89915
60.5494	19.4978	11.6003	41.0516	5.89915
72.8954	12.6304	13.973	60.265	3.52646
72.8954	12.6304	13.973	60.265	3.52646
80.974	70.6197	2.80917	10.3543	14.6903
80.974	70.6197	2.80917	10.3543	14.6903
57.9444	34.6001	7.19364	23.3443	10.3058
57.9444	34.6001	7.19364	23.3443	10.3058
59.0549	21.3283	10.9738	37.7266	6.52566
59.0549	21.3283	10.9738	37.7266	6.52566
59.3673	38.4786	6.3767	20.8887	11.1228
59.3673	38.4786	6.3767	20.8887	11.1228
68.1701	53.6984	4.14681	14.4717	13.3527
68.1701	53.6984	4.14681	14.4717	13.3527
82.9685	73.07	2.6747	9.89853	14.8248
82.9685	73.07	2.6747	9.89853	14.8248
58.6404	21.9801	10.755	36.6604	6.74449
58.6404	21.9801	10.755	36.6604	6.74449
62.0026	43.842	5.4335	18.1606	12.066
62.0026	43.842	5.4335	18.1606	12.066
81.8135	71.6551	2.75096	10.1584	14.7485
81.8135	71.6551	2.75096	10.1584	14.7485
76.2155	11.595	14.3077	64.6204	3.19176
76.2155	11.595	14.3077	64.6204	3.19176
79.0419	68.2126	2.95296	10.8293	14.5465
79.0419	68.2126	2.95296	10.8293	14.5465
57.6987	23.9605	10.1073	33.7382	7.39221
57.6987	23.9605	10.1073	33.7382	7.39221
93.5173	7.91695	15.3633	85.6003	2.13623
93.5173	7.91695	15.3633	85.6003	2.13623
62.9716	45.5582	5.17182	17.4134	12.3277
62.9716	45.5582	5.17182	17.4134	12.3277
57.8836	23.4877	10.2594	34.3959	7.24012
57.8836	23.4877	10.2594	34.3959	7.24012
61.9916	18.1696	12.0628	43.822	5.43667
61.9916	18.1696	12.0628	43.822	5.43667
60.8503	41.6563	5.79381	19.194	11.7057
60.8503	41.6563	5.79381	19.194	11.7057
72.4407	12.7862	13.9216	59.6545	3.57785
72.4407	12.7862	13.9216	59.6545	3.57785
86.1047	9.24218	15.0119	76.8625	2.48756
86.1047	9.24218	15.0119	76.8625	2.48756
58.8061	21.7087	10.8458	37.0974	6.65369
58.8061	21.7087	10.8458	37.0974	6.65369
60.2331	19.8361	11.4834	40.397	6.01606
60.2331	19.8361	11.4834	40.397	6.01606
58.8666	37.2532	6.62169	21.6134	10.8778
58.8666	37.2532	6.62169	21.6134	10.8778
56.9783	29.6276	8.42959	27.3507	9.0699
56.9783	29.6276	8.42959	27.3507	9.0699
61.5717	18.5257	11.9384	43.046	5.56111
61.5717	18.5257	11.9384	43.046	5.56111
72.022	59.0889	3.62651	12.9331	13.873
72.022	59.0889	3.62651	12.9331	13.873
71.382	58.2176	3.70354	13.1644	13.7959
71.382	58.2176	3.70354	13.1644	13.7959
60.8545	19.1898	11.7071	41.6647	5.79235
60.8545	19.1898	11.7071	41.6647	5.79235
62.3156	17.9088	12.1541	44.4068	5.3454
62.3156	17.9088	12.1541	44.4068	5.3454
61.0701	18.982	11.7794	42.0881	5.72011
61.0701	18.982	11.7794	42.0881	5.72011
57.5241	33.051	7.55514	24.4731	9.94435
57.5241	33.051	7.55514	24.4731	9.94435
131.432	127.853	1.30341	3.57853	16.1961
131.432	127.853	1.30341	3.57853	16.1961
68.3874	54.0132	4.11338	14.3743	13.3861
68.3874	54.0132	4.11338	14.3743	13.3861
82.9124	9.91091	14.8212	73.0015	2.67831
82.9124	9.91091	14.8212	73.0015	2.67831
101.815	6.70099	15.6498	95.1139	1.84964
101.815	6.70099	15.6498	95.1139	1.84964
67.1525	52.2034	4.31131	14.949	13.1882
67.1525	52.2034	4.31131	14.949	13.1882
137.435	3.07665	16.2552	134.358	1.24432
137.435	3.07665	16.2552	134.358	1.24432
60.1611	19.9162	11.4558	40.2449	6.04367
60.1611	19.9162	11.4558	40.2449	6.04367
57.5213	33.0393	7.55794	24.482	9.94155
57.5213	33.0393	7.55794	24.482	9.94155
59.4188	20.8199	11.1462	38.5989	6.35327
59.4188	20.8199	11.1462	38.5989	6.35327
57.0209	30.1311	8.29434	26.8899	9.20515
57.0209	30.1311	8.29434	26.8899	9.20515
68.8677	54.7036	4.04145	14.1641	13.458
68.8677	54.7036	4.04145	14.1641	13.458
62.4218	17.8258	12.1832	44.596	5.31633
62.4218	17.8258	12.1832	44.596	5.31633
86.9536	9.07559	15.0581	77.8781	2.44138
86.9536	9.07559	15.0581	77.8781	2.44138
57.0305	30.2256	8.26921	26.8049	9.23028
57.0305	30.2256	8.26921	26.8049	9.23028
62.0243	18.1428	12.0722	43.8815	5.42729
62.0243	18.1428	12.0722	43.8815	5.42729
57.0007	27.088	9.14677	29.9127	8.35272
57.0007	27.088	9.14677	29.9127	8.35272
58.4623	36.1718	6.84783	22.2906	10.6517
58.4623	36.1718	6.84783	22.2906	10.6517
129.302	3.76394	16.1721	125.538	1.32737
129.302	3.76394	16.1721	125.538	1.32737
61.5631	43.0299	5.56373	18.5333	11.9358
61.5631	43.0299	5.56373	18.5333	11.9358
61.2982	18.77	11.8532	42.5282	5.6463
61.2982	18.77	11.8532	42.5282	5.6463
62.5585	44.838	5.27946	17.7206	12.22
62.5585	44.838	5.27946	17.7206	12.22
59.2705	38.2497	6.42157	21.0208	11.0779
59.2705	38.2497	6.42157	21.0208	11.0779
69.0731	14.0763	13.488	54.9968	4.01149
69.0731	14.0763	13.488	54.9968	4.01149
58.1425	22.9096	10.4476	35.2329	7.05191
58.1425	22.9096	10.4476	35.2329	7.05191
119.129	4.71523	16.0316	114.414	1.46785
119.129	4.71523	16.0316	114.414	1.46785
56.9565	29.2643	8.52862	27.6922	8.97087
56.9565	29.2643	8.52862	27.6922	8.97087
76.1073	64.4811	3.20166	11.6263	14.2978
76.1073	64.4811	3.20166	11.6263	14.2978
57.166	25.9076	9.49963	31.2584	7.99986
57.166	25.9076	9.49963	31.2584	7.99986
65.3524	15.8933	12.86	49.4592	4.63951
65.3524	15.8933	12.86	49.4592	4.63951
147.34	145.038	1.17002	2.30247	16.3295
147.34	145.038	1.17002	2.30247	16.3295
56.9374	28.3175	8.79229	28.6199	8.7072
56.9374	28.3175	8.79229	28.6199	8.7072
73.6545	12.3784	14.0556	61.276	3.4439
73.6545	12.3784	14.0556	61.276	3.4439
58.7484	21.8014	10.8147	36.9471	6.68475
58.7484	21.8014	10.8147	36.9471	6.68475
111.661	106.159	1.60537	5.50183	15.8941
111.661	106.159	1.60537	5.50183	15.8941
59.655	20.515	11.2502	39.14	6.24927
59.655	20.515	11.2502	39.14	6.24927
78.0161	11.0967	14.4641	66.9194	3.03541
78.0161	11.0967	14.4641	66.9194	3.03541
65.729	50.0454	4.5664	15.6836	12.9331
65.729	50.0454	4.5664	15.6836	12.9331
62.1618	18.0312	12.1112	44.1305	5.38825
62.1618	18.0312	12.1112	44.1305	5.38825
97.9893	7.23321	15.529	90.7561	1.97053
97.9893	7.23321	15.529	90.7561	1.97053
63.8784	47.0891	4.95304	16.7893	12.5465
63.8784	47.0891	4.95304	16.7893	12.5465
57.2846	25.3449	9.67204	31.9397	7.82744
57.2846	25.3449	9.67204	31.9397	7.82744
64.4701	48.0562	4.82154	16.4139	12.678
64.4701	48.0562	4.82154	16.4139	12.678
57.7217	33.8234	7.37228	23.8983	10.1272
57.7217	33.8234	7.37228	23.8983	10.1272
57.5844	33.2971	7.4963	24.2872	10.0032
57.5844	33.2971	7.4963	24.2872	10.0032
58.4868	36.2402	6.83324	22.2466	10.6662
58.4868	36.2402	6.83324	22.2466	10.6662
57.0559	26.6001	9.29115	30.4558	8.20833
57.0559	26.6001	9.29115	30.4558	8.20833
58.1478	35.2494	7.04826	22.8984	10.4512
58.1478	35.2494	7.04826	22.8984	10.4512
60.0238	20.0721	11.4021	39.9517	6.09737
60.0238	20.0721	11.4021	39.9517	6.09737
78.6992	67.7819	2.98	10.9174	14.5195
78.6992	67.7819	2.98	10.9174	14.5195
57.4613	24.6786	9.87961	32.7827	7.61988
57.4613	24.6786	9.87961	32.7827	7.61988
85.4291	76.0512	2.52561	9.37793	14.9739
85.4291	76.0512	2.52561	9.37793	14.9739
64.7088	16.2687	12.7288	48.44	4.77073
64.7088	16.2687	12.7288	48.44	4.77073
62.142	44.0948	5.39383	18.0472	12.1057
62.142	44.0948	5.39383	18.0472	12.1057
63.7836	46.9319	4.9749	16.8517	12.5246
63.7836	46.9319	4.9749	16.8517	12.5246
110.622	5.61875	15.8721	105.003	1.62739
110.622	5.61875	15.8721	105.003	1.62739
60.5243	19.5239	11.5913	41.0004	5.90818
60.5243	19.5239	11.5913	41.0004	5.90818
69.127	55.0735	4.0037	14.0535	13.4958
69.127	55.0735	4.0037	14.0535	13.4958
62.3755	17.8619	12.1705	44.5137	5.32895
62.3755	17.8619	12.1705	44.5137	5.32895
70.4358	13.5225	13.6758	56.9133	3.82371
70.4358	13.5225	13.6758	56.9133	3.82371
74.8219	62.8126	3.3242	12.0094	14.1753
74.8219	62.8126	3.3242	12.0094	14.1753
58.1464	22.9015	10.4502	35.2449	7.04926
58.1464	22.9015	10.4502	35.2449	7.04926
78.623	67.6858	2.98608	10.9371	14.5134
78.623	67.6858	2.98608	10.9371	14.5134
57.0689	30.5656	8.17947	26.5034	9.32002
57.0689	30.5656	8.17947	26.5034	9.32002
60.4433	40.8344	5.93761	19.6089	11.5619
60.4433	40.8344	5.93761	19.6089	11.5619
59.3448	38.4255	6.38707	20.9192	11.1124
59.3448	38.4255	6.38707	20.9192	11.1124
97.0426	89.6707	2.00324	7.37198	15.4962
97.0426	89.6707	2.00324	7.37198	15.4962
114.419	5.20091	15.9489	109.219	1.55055
114.419	5.20091	15.9489	109.219	1.55055
60.5739	19.4723	11.6092	41.1016	5.89034
60.5739	19.4723	11.6092	41.1016	5.89034
60.8766	41.7085	5.78482	19.1681	11.7147
60.8766	41.7085	5.78482	19.1681	11.7147
86.3573	77.1651	2.47364	9.19216	15.0259
86.3573	77.1651	2.47364	9.19216	15.0259
61.596	18.5045	11.9458	43.0914	5.55371
61.596	18.5045	11.9458	43.0914	5.55371
66.9317	51.8742	4.34884	15.0575	13.1506
66.9317	51.8742	4.34884	15.0575	13.1506
57.1551	25.9666	9.4817	31.1885	8.01779
57.1551	25.9666	9.4817	31.1885	8.01779
85.9135	76.6332	2.49821	9.28029	15.0013
85.9135	76.6332	2.49821	9.28029	15.0013
62.5121	44.756	5.29191	17.7561	12.2076
62.5121	44.756	5.29191	17.7561	12.2076
69.8102	56.0394	3.90762	13.7708	13.5919
69.8102	56.0394	3.90762	13.7708	13.5919
59.1304	37.9121	6.48851	21.2184	11.011
59.1304	37.9121	6.48851	21.2184	11.011
96.0012	7.52819	15.4589	88.4731	2.04063
96.0012	7.52819	15.4589	88.4731	2.04063
85.1084	9.44341	14.9554	75.665	2.54408
85.1084	9.44341	14.9554	75.665	2.54408
61.6049	43.1081	5.551	18.4968	11.9485
61.6049	43.1081	5.551	18.4968	11.9485
69.1608	55.1217	3.99883	14.0392	13.5007
69.1608	55.1217	3.99883	14.0392	13.5007
60.7809	41.5184	5.8176	19.2626	11.6819
60.7809	41.5184	5.8176	19.2626	11.6819
123.466	119.171	1.40222	4.29501	16.0973
123.466	119.171	1.40222	4.29501	16.0973
62.4048	17.839	12.1785	44.5658	5.32096
62.4048	17.839	12.1785	44.5658	5.32096
57.0265	30.1868	8.27951	26.8397	9.21998
57.0265	30.1868	8.27951	26.8397	9.21998
65.1708	15.997	12.8238	49.1738	4.67572
65.1708	15.997	12.8238	49.1738	4.67572
60.3317	19.7284	11.5206	40.6032	5.9789
60.3317	19.7284	11.5206	40.6032	5.9789
58.797	21.7232	10.8409	37.0738	6.65856
58.797	21.7232	10.8409	37.0738	6.65856
58.0747	35.0215	7.09887	23.0531	10.4006
58.0747	35.0215	7.09887	23.0531	10.4006
77.5653	11.2179	14.4264	66.3474	3.07311
77.5653	11.2179	14.4264	66.3474	3.07311
57.8847	34.3998	7.23921	23.4849	10.2603
57.8847	34.3998	7.23921	23.4849	10.2603
80.0624	69.4884	2.87524	10.574	14.6243
80.0624	69.4884	2.87524	10.574	14.6243
109.417	5.75677	15.8456	103.661	1.65389
109.417	5.75677	15.8456	103.661	1.65389
72.5469	59.7974	3.56571	12.7495	13.9338
72.5469	59.7974	3.56571	12.7495	13.9338
86.7858	77.6776	2.45037	9.10819	15.0491
86.7858	77.6776	2.45037	9.10819	15.0491
83.0371	73.1537	2.6703	9.88342	14.8292
83.0371	73.1537	2.6703	9.88342	14.8292
57.4168	24.8327	9.83128	32.5841	7.66821
57.4168	24.8327	9.83128	32.5841	7.66821
77.7463	66.5773	3.05786	11.1689	14.4416
77.7463	66.5773	3.05786	11.1689	14.4416
65.0998	16.038	12.8094	49.0618	4.69005
65.0998	16.038	12.8094	49.0618	4.69005
69.4595	55.5452	3.95634	13.9143	13.5431
69.4595	55.5452	3.95634	13.9143	13.5431
57.0241	26.8614	9.21355	30.1626	8.28594
57.0241	26.8614	9.21355	30.1626	8.28594
64.8907	16.1603	12.7667	48.7304	4.7328
64.8907	16.1603	12.7667	48.7304	4.7328
151.732	1.97594	16.3545	149.756	1.14494
151.732	1.97594	16.3545	149.756	1.14494
83.064	9.87752	14.8309	73.1864	2.66859
83.064	9.87752	14.8309	73.1864	2.66859
60.3336	40.6073	5.97818	19.7263	11.5213
60.3336	40.6073	5.97818	19.7263	11.5213
57.1312	31.0291	8.05881	26.102	9.44068
57.1312	31.0291	8.05881	26.102	9.44068
86.5182	9.16049	15.0346	77.3577	2.46485
86.5182	9.16049	15.0346	77.3577	2.46485
58.5124	22.2012	10.6814	36.3112	6.81813
58.5124	22.2012	10.6814	36.3112	6.81813
60.735	19.3084	11.666	41.4266	5.83351
60.735	19.3084	11.666	41.4266	5.83351
57.1019	30.821	8.11275	26.2808	9.38674
57.1019	30.821	8.11275	26.2808	9.38674
58.0018	34.7886	7.15107	23.2133	10.3484
58.0018	34.7886	7.15107	23.2133	10.3484
62.477	44.6939	5.30138	17.7831	12.1981
62.477	44.6939	5.30138	17.7831	12.1981
57.0365	30.2825	8.25411	26.754	9.24537
57.0365	30.2825	8.25411	26.754	9.24537
102.102	95.439	1.84125	6.66278	15.6582
102.102	95.439	1.84125	6.66278	15.6582
59.8173	39.5017	6.18098	20.3156	11.3185
59.8173	39.5017	6.18098	20.3156	11.3185
125.544	121.442	1.37393	4.10179	16.1256
125.544	121.442	1.37393	4.10179	16.1256
79.001	68.1612	2.95616	10.8398	14.5433
79.001	68.1612	2.95616	10.8398	14.5433
60.7486	19.2948	11.6707	41.4539	5.82878
60.7486	19.2948	11.6707	41.4539	5.82878
83.769	74.0446	2.62429	9.72444	14.8752
83.769	74.0446	2.62429	9.72444	14.8752
60.1223	19.9597	11.4408	40.1626	6.05867
60.1223	19.9597	11.4408	40.1626	6.05867
58.1378	35.2185	7.0551	22.9193	10.4444
58.1378	35.2185	7.0551	22.9193	10.4444
62.8809	45.4013	5.195	17.4795	12.3045
62.8809	45.4013	5.195	17.4795	12.3045
68.7064	14.2339	13.4342	54.4724	4.06532
68.7064	14.2339	13.4342	54.4724	4.06532
72.7826	60.114	3.53906	12.6687	13.9604
72.7826	60.114	3.53906	12.6687	13.9604
56.9655	29.4302	8.48325	27.5353	9.01624
56.9655	29.4302	8.48325	27.5353	9.01624
58.2751	35.6331	6.96403	22.642	10.5355
58.2751	35.6331	6.96403	22.642	10.5355
66.9972	51.9721	4.33763	15.0251	13.1619
66.9972	51.9721	4.33763	15.0251	13.1619
57.2344	31.6669	7.89598	25.5675	9.60351
57.2344	31.6669	7.89598	25.5675	9.60351
95.9796	88.4481	2.04142	7.53148	15.4581
95.9796	88.4481	2.04142	7.53148	15.4581
78.4065	10.9936	14.496	67.4129	3.00349
78.4065	10.9936	14.496	67.4129	3.00349
61.5817	18.517	11.9414	43.0648	5.55804
61.5817	18.517	11.9414	43.0648	5.55804
58.9746	37.5268	6.56597	21.4478	10.9335
58.9746	37.5268	6.56597	21.4478	10.9335
59.0413	21.3483	10.9671	37.693	6.53242
59.0413	21.3483	10.9671	37.693	6.53242
80.7579	10.4057	14.6749	70.3522	2.82456
80.7579	10.4057	14.6749	70.3522	2.82456
74.6058	12.0761	14.1538	62.5298	3.34573
74.6058	12.0761	14.1538	62.5298	3.34573
74.0629	61.816	3.40106	12.2469	14.0984
74.0629	61.816	3.40106	12.2469	14.0984
60.0114	39.9249	6.10229	20.0864	11.3972
60.0114	39.9249	6.10229	20.0864	11.3972
63.0408	17.3635	12.3452	45.6774	5.15431
63.0408	17.3635	12.3452	45.6774	5.15431
114.908	109.759	1.54135	5.14892	15.9581
114.908	109.759	1.54135	5.14892	15.9581
87.8313	78.9234	2.39543	8.90786	15.1041
87.8313	78.9234	2.39543	8.90786	15.1041
79.4131	68.6778	2.92421	10.7352	14.5753
79.4131	68.6778	2.92421	10.7352	14.5753
56.9391	28.7444	8.6724	28.1947	8.82709
56.9391	28.7444	8.6724	28.1947	8.82709
78.0781	11.0802	14.4692	66.9979	3.03029
78.0781	11.0802	14.4692	66.9979	3.03029
91.1647	8.30838	15.2635	82.8563	2.23604
91.1647	8.30838	15.2635	82.8563	2.23604
66.6877	51.5081	4.39115	15.1796	13.1083
66.6877	51.5081	4.39115	15.1796	13.1083
63.1584	45.8789	5.12488	17.2795	12.3746
63.1584	45.8789	5.12488	17.2795	12.3746
143.071	2.629	16.3007	140.442	1.19883
143.071	2.629	16.3007	140.442	1.19883
67.2641	14.8949	13.2069	52.3693	4.29259
67.2641	14.8949	13.2069	52.3693	4.29259
73.5474	61.134	3.45531	12.4134	14.0442
73.5474	61.134	3.45531	12.4134	14.0442
57.6879	23.9902	10.0978	33.6977	7.40168
57.6879	23.9902	10.0978	33.6977	7.40168
123.25	118.934	1.40528	4.31542	16.0942
123.25	118.934	1.40528	4.31542	16.0942
58.6257	22.005	10.7467	36.6207	6.7528
58.6257	22.005	10.7467	36.6207	6.7528
149.697	2.12621	16.3435	147.57	1.15602
149.697	2.12621	16.3435	147.57	1.15602
59.5431	38.8859	6.29784	20.6572	11.2016
59.5431	38.8859	6.29784	20.6572	11.2016
69.2179	14.0151	13.5089	55.2028	3.99063
69.2179	14.0151	13.5089	55.2028	3.99063
80.7917	10.3976	14.6773	70.394	2.82214
80.7917	10.3976	14.6773	70.394	2.82214
57.1646	25.915	9.49737	31.2496	8.00212
57.1646	25.915	9.49737	31.2496	8.00212
57.276	25.3818	9.66065	31.8942	7.83884
57.276	25.3818	9.66065	31.8942	7.83884
67.6978	14.6888	13.278	53.0091	4.22147
67.6978	14.6888	13.278	53.0091	4.22147
65.8702	50.2634	4.53963	15.6068	12.9599
65.8702	50.2634	4.53963	15.6068	12.9599
135.372	3.24591	16.2362	132.126	1.2633
135.372	3.24591	16.2362	132.126	1.2633
65.098	16.039	12.8091	49.059	4.69041
65.098	16.039	12.8091	49.059	4.69041
63.7099	46.8093	4.99204	16.9006	12.5075
63.7099	46.8093	4.99204	16.9006	12.5075
60.59	19.4558	11.6149	41.1342	5.8846
60.59	19.4558	11.6149	41.1342	5.8846
63.8121	16.8329	12.5312	46.9792	4.9683
63.8121	16.8329	12.5312	46.9792	4.9683
70.6343	13.4457	13.7016	57.1886	3.79784
70.6343	13.4457	13.7016	57.1886	3.79784
56.951	29.1441	8.56165	27.807	8.93784
56.951	29.1441	8.56165	27.807	8.93784
112.089	106.635	1.59653	5.4543	15.903
112.089	106.635	1.59653	5.4543	15.903
155.305	153.589	1.12768	1.71621	16.3718
155.305	153.589	1.12768	1.71621	16.3718
59.9705	20.1339	11.3809	39.8365	6.11862
59.9705	20.1339	11.3809	39.8365	6.11862
61.1622	42.2668	5.68998	18.8954	11.8095
61.1622	42.2668	5.68998	18.8954	11.8095
89.4139	8.61618	15.1826	80.7977	2.31692
89.4139	8.61618	15.1826	80.7977	2.31692
113.969	5.24912	15.9403	108.72	1.55915
113.969	5.24912	15.9403	108.72	1.55915
57.5934	24.2603	10.0118	33.3331	7.48774
57.5934	24.2603	10.0118	33.3331	7.48774
57.3707	32.3694	7.72086	25.0013	9.77863
57.3707	32.3694	7.72086	25.0013	9.77863
58.2706	22.6509	10.5325	35.6197	6.96695
58.2706	22.6509	10.5325	35.6197	6.96695
57.7906	34.0725	7.31443	23.7181	10.1851
57.7906	34.0725	7.31443	23.7181	10.1851
107.574	5.97369	15.8028	101.6	1.69666
107.574	5.97369	15.8028	101.6	1.69666
59.6834	39.2038	6.23715	20.4796	11.2623
59.6834	39.2038	6.23715	20.4796	11.2623
130.623	3.64843	16.1872	126.975	1.31231
130.623	3.64843	16.1872	126.975	1.31231
60.7253	41.4071	5.8369	19.3182	11.6626
60.7253	41.4071	5.8369	19.3182	11.6626
58.6606	21.9462	10.7663	36.7144	6.73319
58.6606	21.9462	10.7663	36.7144	6.73319
130.656	127.011	1.31194	3.64554	16.1876
130.656	127.011	1.31194	3.64554	16.1876
59.3558	38.4515	6.38199	20.9043	11.1175
59.3558	38.4515	6.38199	20.9043	11.1175
71.8985	58.9214	3.64113	12.9771	13.8584
71.8985	58.9214	3.64113	12.9771	13.8584
104.018	97.6047	1.78738	6.4132	15.7121
104.018	97.6047	1.78738	6.4132	15.7121
91.3804	83.1089	2.22648	8.27147	15.273
91.3804	83.1089	2.22648	8.27147	15.273
58.8271	21.6755	10.8569	37.1516	6.64254
58.8271	21.6755	10.8569	37.1516	6.64254
81.3213	10.2725	14.7147	71.0487	2.7848
81.3213	10.2725	14.7147	71.0487	2.7848
59.9884	20.113	11.3881	39.8754	6.11143
59.9884	20.113	11.3881	39.8754	6.11143
57.1038	26.2682	9.39053	30.8356	8.10895
57.1038	26.2682	9.39053	30.8356	8.10895
58.5919	36.5292	6.77203	22.0626	10.7275
58.5919	36.5292	6.77203	22.0626	10.7275
64.7649	48.5299	4.75894	16.235	12.7405
64.7649	48.5299	4.75894	16.235	12.7405
75.1997	63.3053	3.28723	11.8944	14.2123
75.1997	63.3053	3.28723	11.8944	14.2123
64.8117	16.2071	12.7503	48.6046	4.74918
64.8117	16.2071	12.7503	48.6046	4.74918
115.277	5.10991	15.965	110.167	1.53451
115.277	5.10991	15.965	110.167	1.53451
68.5237	14.3139	13.4068	54.2098	4.0927
68.5237	14.3139	13.4068	54.2098	4.0927
61.4025	42.7268	5.61342	18.6757	11.8861
61.4025	42.7268	5.61342	18.6757	11.8861
106.403	100.287	1.7253	6.11526	15.7742
106.403	100.287	1.7253	6.11526	15.7742
75.4077	63.5758	3.26722	11.8319	14.2323
75.4077	63.5758	3.26722	11.8319	14.2323
73.1978	60.669	3.49309	12.5288	14.0064
73.1978	60.669	3.49309	12.5288	14.0064
69.0463	14.0877	13.4841	54.9586	4.01538
69.0463	14.0877	13.4841	54.9586	4.01538
94.0645	7.82925	15.3851	86.2353	2.11435
94.0645	7.82925	15.3851	86.2353	2.11435
58.2863	22.6202	10.5427	35.6662	6.95682
58.2863	22.6202	10.5427	35.6662	6.95682
61.1933	42.3268	5.67992	18.8665	11.8196
61.1933	42.3268	5.67992	18.8665	11.8196
74.5796	62.4953	3.34837	12.0842	14.1511
74.5796	62.4953	3.34837	12.0842	14.1511
65.2969	49.3721	4.65052	15.9248	12.849
65.2969	49.3721	4.65052	15.9248	12.849
57.906	34.4717	7.22282	23.4343	10.2767
57.906	34.4717	7.22282	23.4343	10.2767
57.6136	24.2007	10.0307	33.413	7.4688
57.6136	24.2007	10.0307	33.413	7.4688
58.0686	35.0025	7.10313	23.0662	10.3964
58.0686	35.0025	7.10313	23.0662	10.3964
74.6911	62.6414	3.3372	12.0497	14.1623
74.6911	62.6414	3.3372	12.0497	14.1623
61.6884	18.4245	11.9737	43.2639	5.52577
61.6884	18.4245	11.9737	43.2639	5.52577
81.4057	71.1528	2.77894	10.2528	14.7206
81.4057	71.1528	2.77894	10.2528	14.7206
61.0117	41.9742	5.73943	19.0375	11.7601
61.0117	41.9742	5.73943	19.0375	11.7601
57.711	33.7837	7.38155	23.9272	10.1179
57.711	33.7837	7.38155	23.9272	10.1179
63.8721	47.0786	4.95449	16.7935	12.545
63.8721	47.0786	4.95449	16.7935	12.545
85.8631	76.5727	2.50103	9.29039	14.9985
85.8631	76.5727	2.50103	9.29039	14.9985
58.3913	22.4206	10.6086	35.9707	6.89091
58.3913	22.4206	10.6086	35.9707	6.89091
68.5339	14.3094	13.4083	54.2244	4.09117
68.5339	14.3094	13.4083	54.2244	4.09117
62.9226	45.4735	5.18433	17.4491	12.3152
62.9226	45.4735	5.18433	17.4491	12.3152
86.057	9.25166	15.0093	76.8053	2.49021
86.057	9.25166	15.0093	76.8053	2.49021
57.8617	23.5406	10.2423	34.3211	7.25721
57.8617	23.5406	10.2423	34.3211	7.25721
58.2117	22.7678	10.4941	35.4439	7.0054
58.2117	22.7678	10.4941	35.4439	7.0054
58.7777	21.7541	10.8306	37.0236	6.66891
58.7777	21.7541	10.8306	37.0236	6.66891
58.3896	22.4238	10.6075	35.9658	6.89196
58.3896	22.4238	10.6075	35.9658	6.89196
72.1943	59.3221	3.60632	12.8722	13.8932
72.1943	59.3221	3.60632	12.8722	13.8932
62.5268	17.7448	12.2115	44.7819	5.28797
62.5268	17.7448	12.2115	44.7819	5.28797
77.4624	11.2458	14.4177	66.2166	3.08184
77.4624	11.2458	14.4177	66.2166	3.08184
70.2845	56.7028	3.84366	13.5817	13.6558
70.2845	56.7028	3.84366	13.5817	13.6558
87.4554	78.4762	2.41489	8.97916	15.0846
87.4554	78.4762	2.41489	8.97916	15.0846
75.007	63.0542	3.30599	11.9528	14.1935
75.007	63.0542	3.30599	11.9528	14.1935
120.103	4.61877	16.0472	115.484	1.4523
120.103	4.61877	16.0472	115.484	1.4523
56.9427	28.9029	8.62832	28.0398	8.87117
56.9427	28.9029	8.62832	28.0398	8.87117
59.396	38.5457	6.36361	20.8502	11.1359
59.396	38.5457	6.36361	20.8502	11.1359
58.5453	22.1432	10.7006	36.4021	6.79887
58.5453	22.1432	10.7006	36.4021	6.79887
57.4911	32.9117	7.58867	24.5794	9.91082
57.4911	32.9117	7.58867	24.5794	9.91082
57.0591	30.4831	8.20115	26.576	9.29834
57.0591	30.4831	8.20115	26.576	9.29834
72.8609	12.642	13.9692	60.2189	3.5303
72.8609	12.642	13.9692	60.2189	3.5303
103.559	6.47217	15.6995	97.0863	1.79995
103.559	6.47217	15.6995	97.0863	1.79995
57.127	31.0006	8.0662	26.1264	9.43329
57.127	31.0006	8.0662	26.1264	9.43329
61.7881	43.4485	5.49607	18.3395	12.0034
61.7881	43.4485	5.49607	18.3395	12.0034
78.3144	11.0178	14.4885	67.2966	3.01096
78.3144	11.0178	14.4885	67.2966	3.01096
78.6156	67.6765	2.98668	10.9391	14.5128
78.6156	67.6765	2.98668	10.9391	14.5128
122.186	4.41656	16.0789	117.77	1.42063
122.186	4.41656	16.0789	117.77	1.42063
63.7909	16.8468	12.5263	46.9441	4.97319
63.7909	16.8468	12.5263	46.9441	4.97319
59.5289	38.8533	6.30409	20.6755	11.1954
59.5289	38.8533	6.30409	20.6755	11.1954
57.39	24.9293	9.80109	32.4608	7.6984
57.39	24.9293	9.80109	32.4608	7.6984
75.8113	64.0988	3.22908	11.7125	14.2704
75.8113	64.0988	3.22908	11.7125	14.2704
69.8811	56.139	3.89792	13.7421	13.6016
69.8811	56.139	3.89792	13.7421	13.6016
62.7894	45.2424	5.21864	17.547	12.2809
62.7894	45.2424	5.21864	17.547	12.2809
58.0698	23.0637	10.3972	35.0061	7.10232
58.0698	23.0637	10.3972	35.0061	7.10232
57.5282	24.46	9.9485	33.0683	7.55099
57.5282	24.46	9.9485	33.0683	7.55099
79.4635	68.7409	2.92035	10.7226	14.5791
79.4635	68.7409	2.92035	10.7226	14.5791
58.2886	35.6728	6.95538	22.6158	10.5441
58.2886	35.6728	6.95538	22.6158	10.5441
128.939	3.79587	16.1679	125.144	1.33161
128.939	3.79587	16.1679	125.144	1.33161
71.4013	58.244	3.70117	13.1573	13.7983
71.4013	58.244	3.70117	13.1573	13.7983
61.6987	43.283	5.52268	18.4157	11.9768
61.6987	43.283	5.52268	18.4157	11.9768
60.4793	19.571	11.575	40.9083	5.92449
60.4793	19.571	11.575	40.9083	5.92449
56.9517	27.7919	8.94218	29.1598	8.55731
56.9517	27.7919	8.94218	29.1598	8.55731
62.0514	43.9308	5.41952	18.1206	12.08
62.0514	43.9308	5.41952	18.1206	12.08
76.0995	11.6285	14.2971	64.471	3.20237
76.0995	11.6285	14.2971	64.471	3.20237
82.6502	72.6811	2.69529	9.9691	14.8042
82.6502	72.6811	2.69529	9.9691	14.8042
99.2298	7.05578	15.5701	92.1741	1.92942
99.2298	7.05578	15.5701	92.1741	1.92942
59.2599	21.0355	11.0729	38.2244	6.42656
59.2599	21.0355	11.0729	38.2244	6.42656
154.995	1.73856	16.3704	153.256	1.12907
154.995	1.73856	16.3704	153.256	1.12907
64.5539	48.1913	4.80356	16.3626	12.6959
64.5539	48.1913	4.80356	16.3626	12.6959
57.2186	31.5768	7.91876	25.6418	9.58073
57.2186	31.5768	7.91876	25.6418	9.58073
64.3971	16.459	12.6622	47.9381	4.83732
64.3971	16.459	12.6622	47.9381	4.83732
58.6551	21.9554	10.7632	36.6997	6.73625
58.6551	21.9554	10.7632	36.6997	6.73625
57.0493	26.6508	9.27604	30.3985	8.22345
57.0493	26.6508	9.27604	30.3985	8.22345
78.5317	10.9609	14.5061	67.5708	2.9934
78.5317	10.9609	14.5061	67.5708	2.9934
96.8413	7.40189	15.4891	89.4394	2.01035
96.8413	7.40189	15.4891	89.4394	2.01035
56.9368	28.5383	8.73008	28.3986	8.76941
56.9368	28.5383	8.73008	28.3986	8.76941
59.0981	37.8331	6.50429	21.265	10.9952
59.0981	37.8331	6.50429	21.265	10.9952
67.3172	52.4479	4.28375	14.8693	13.2157
67.3172	52.4479	4.28375	14.8693	13.2157
63.9597	16.7364	12.565	47.2233	4.93449
63.9597	16.7364	12.565	47.2233	4.93449
61.4227	18.6575	11.8924	42.7652	5.60709
61.4227	18.6575	11.8924	42.7652	5.60709
62.5241	17.7469	12.2108	44.7773	5.28868
62.5241	17.7469	12.2108	44.7773	5.28868
57.0709	30.5812	8.17537	26.4897	9.32412
57.0709	30.5812	8.17537	26.4897	9.32412
85.2713	75.8612	2.53466	9.41007	14.9648
85.2713	75.8612	2.53466	9.41007	14.9648
85.3178	75.9173	2.53199	9.40058	14.9675
85.3178	75.9173	2.53199	9.40058	14.9675
62.1493	44.1081	5.39175	18.0412	12.1077
62.1493	44.1081	5.39175	18.0412	12.1077
76.2864	11.5747	14.3142	64.7117	3.1853
76.2864	11.5747	14.3142	64.7117	3.1853
81.9277	10.1323	14.7563	71.7954	2.74323
81.9277	10.1323	14.7563	71.7954	2.74323
56.9368	28.4165	8.76434	28.5202	8.73515
56.9368	28.4165	8.76434	28.5202	8.73515
65.566	49.7925	4.59773	15.7735	12.9018
65.566	49.7925	4.59773	15.7735	12.9018
70.6409	57.1978	3.79699	13.4431	13.7025
70.6409	57.1978	3.79699	13.4431	13.7025
66.9774	51.9425	4.34102	15.0349	13.1585
66.9774	51.9425	4.34102	15.0349	13.1585
101.981	95.3019	1.84478	6.67888	15.6547
101.981	95.3019	1.84478	6.67888	15.6547
68.056	14.5235	13.3349	53.5325	4.1646
68.056	14.5235	13.3349	53.5325	4.1646
57.8979	34.4445	7.22901	23.4534	10.2705
57.8979	34.4445	7.22901	23.4534	10.2705
59.8216	20.3104	11.3203	39.5111	6.17921
59.8216	20.3104	11.3203	39.5111	6.17921
60.3521	40.6457	5.97129	19.7064	11.5282
60.3521	40.6457	5.97129	19.7064	11.5282
73.9871	12.2711	14.0906	61.716	3.40893
73.9871	12.2711	14.0906	61.716	3.40893
58.6691	36.7371	6.72844	21.932	10.7711
58.6691	36.7371	6.72844	21.932	10.7711
57.8832	34.3946	7.24041	23.4886	10.2591
57.8832	34.3946	7.24041	23.4886	10.2591
58.8161	21.6928	10.8511	37.1233	6.64837
58.8161	21.6928	10.8511	37.1233	6.64837
57.7579	33.9555	7.34153	23.8024	10.158
57.7579	33.9555	7.34153	23.8024	10.158
57.7539	33.9408	7.34494	23.813	10.1545
57.7539	33.9408	7.34494	23.813	10.1545
57.078	30.6385	8.16037	26.4395	9.33912
57.078	30.6385	8.16037	26.4395	9.33912
83.5604	73.7911	2.63724	9.76934	14.8623
83.5604	73.7911	2.63724	9.76934	14.8623
67.0626	14.9929	13.173	52.0697	4.3265
67.0626	14.9929	13.173	52.0697	4.3265
72.5109	59.7491	3.56981	12.7619	13.9297
72.5109	59.7491	3.56981	12.7619	13.9297
57.1594	31.2162	8.01067	25.9432	9.48882
57.1594	31.2162	8.01067	25.9432	9.48882
63.4836	17.0532	12.4539	46.4303	5.04555
63.4836	17.0532	12.4539	46.4303	5.04555
77.1188	11.3402	14.3881	65.7787	3.11137
77.1188	11.3402	14.3881	65.7787	3.11137
69.9156	56.1874	3.89321	13.7282	13.6063
69.9156	56.1874	3.89321	13.7282	13.6063
64.5882	48.2466	4.79623	16.3416	12.7033
64.5882	48.2466	4.79623	16.3416	12.7033
66.9196	51.8561	4.35092	15.0635	13.1486
66.9196	51.8561	4.35092	15.0635	13.1486
57.8846	23.4852	10.2602	34.3994	7.23931
57.8846	23.4852	10.2602	34.3994	7.23931
59.3173	20.9566	11.0997	38.3606	6.39978
59.3173	20.9566	11.0997	38.3606	6.39978
61.2163	42.3711	5.6725	18.8452	11.827
61.2163	42.3711	5.6725	18.8452	11.827
61.9487	18.205	12.0504	43.7437	5.44904
61.9487	18.205	12.0504	43.7437	5.44904
59.9264	39.7409	6.13634	20.1855	11.3631
59.9264	39.7409	6.13634	20.1855	11.3631
81.0025	70.655	2.80715	10.3475	14.6923
81.0025	70.655	2.80715	10.3475	14.6923
57.3596	25.0433	9.76556	32.3163	7.73393
57.3596	25.0433	9.76556	32.3163	7.73393
63.9062	47.1351	4.94667	16.7712	12.5528
63.9062	47.1351	4.94667	16.7712	12.5528
134.77	3.29594	16.2304	131.474	1.2691
134.77	3.29594	16.2304	131.474	1.2691
61.6331	43.1608	5.54245	18.4723	11.957
61.6331	43.1608	5.54245	18.4723	11.957
66.006	15.5338	12.9853	50.4723	4.51421
66.006	15.5338	12.9853	50.4723	4.51421
57.2039	31.4905	7.94066	25.7134	9.55883
57.2039	31.4905	7.94066	25.7134	9.55883
57.2028	31.4843	7.94222	25.7185	9.55727
57.2028	31.4843	7.94222	25.7185	9.55727
60.6392	41.2338	5.86713	19.4054	11.6324
60.6392	41.2338	5.86713	19.4054	11.6324
57.0169	26.9267	9.19426	30.0902	8.30523
57.0169	26.9267	9.19426	30.0902	8.30523
58.5062	36.2942	6.82175	22.212	10.6777
58.5062	36.2942	6.82175	22.212	10.6777
153.617	1.83828	16.364	151.779	1.1355
153.617	1.83828	16.364	151.779	1.1355
108.891	103.073	1.66583	5.81802	15.8337
108.891	103.073	1.66583	5.81802	15.8337
63.7398	46.859	4.98507	16.8807	12.5144
63.7398	46.859	4.98507	16.8807	12.5144
75.4338	63.6097	3.26472	11.8241	14.2348
75.4338	63.6097	3.26472	11.8241	14.2348
81.6807	10.189	14.7395	71.4917	2.76001
81.6807	10.189	14.7395	71.4917	2.76001
161.711	1.26118	16.3963	160.45	1.10323
161.711	1.26118	16.3963	160.45	1.10323
66.2896	50.9056	4.46212	15.384	13.0374
66.2896	50.9056	4.46212	15.384	13.0374
61.5078	42.926	5.5807	18.5819	11.9188
61.5078	42.926	5.5807	18.5819	11.9188
88.1674	8.84479	15.1212	79.3226	2.37831
88.1674	8.84479	15.1212	79.3226	2.37831
113.877	5.25902	15.9386	108.618	1.56092
113.877	5.25902	15.9386	108.618	1.56092
57.2372	31.6823	7.89209	25.5548	9.6074
57.2372	31.6823	7.89209	25.5548	9.6074
68.0344	53.5011	4.16798	14.5333	13.3315
68.0344	53.5011	4.16798	14.5333	13.3315
58.6441	21.9738	10.7571	36.6703	6.74241
58.6441	21.9738	10.7571	36.6703	6.74241
67.7769	14.6519	13.2907	53.125	4.20878
67.7769	14.6519	13.2907	53.125	4.20878
77.1276	11.3377	14.3889	65.7899	3.11061
77.1276	11.3377	14.3889	65.7899	3.11061
61.5315	18.561	11.9261	42.9706	5.5734
61.5315	18.561	11.9261	42.9706	5.5734
79.7144	10.6599	14.5982	69.0545	2.90128
79.7144	10.6599	14.5982	69.0545	2.90128
57.2343	31.6661	7.89618	25.5682	9.60331
57.2343	31.6661	7.89618	25.5682	9.60331
88.6135	79.8514	2.35596	8.76203	15.1435
88.6135	79.8514	2.35596	8.76203	15.1435
57.4171	32.5857	7.66781	24.8314	9.83168
57.4171	32.5857	7.66781	24.8314	9.83168
57.8241	34.1906	7.28719	23.6335	10.2123
57.8241	34.1906	7.28719	23.6335	10.2123
57.3499	32.2694	7.74552	25.0805	9.75397
57.3499	32.2694	7.74552	25.0805	9.75397
56.9549	29.2312	8.53769	27.7237	8.9618
56.9549	29.2312	8.53769	27.7237	8.9618
58.0174	34.8388	7.13979	23.1786	10.3597
58.0174	34.8388	7.13979	23.1786	10.3597
65.0532	48.9881	4.6995	16.065	12.8
65.0532	48.9881	4.6995	16.065	12.8
85.2496	9.41451	14.9636	75.835	2.53592
85.2496	9.41451	14.9636	75.835	2.53592
57.8875	23.4782	10.2624	34.4093	7.23706
57.8875	23.4782	10.2624	34.4093	7.23706
59.6883	20.4735	11.2644	39.2148	6.23506
59.6883	20.4735	11.2644	39.2148	6.23506
61.9497	43.7456	5.44875	18.2042	12.0507
61.9497	43.7456	5.44875	18.2042	12.0507
147.342	145.039	1.17001	2.30237	16.3295
147.342	145.039	1.17001	2.30237	16.3295
69.7642	13.7894	13.5855	55.9747	3.91395
69.7642	13.7894	13.5855	55.9747	3.91395
57.0583	26.5817	9.29662	30.4766	8.20286
57.0583	26.5817	9.29662	30.4766	8.20286
56.9752	29.5831	8.44165	27.3921	9.05783
56.9752	29.5831	8.44165	27.3921	9.05783
56.9503	27.823	8.93325	29.1274	8.56624
56.9503	27.823	8.93325	29.1274	8.56624
113.65	108.367	1.56533	5.28353	15.9342
113.65	108.367	1.56533	5.28353	15.9342
56.9814	29.6716	8.41768	27.3098	9.08181
56.9814	29.6716	8.41768	27.3098	9.08181
114.442	5.19853	15.9494	109.243	1.55013
114.442	5.19853	15.9494	109.243	1.55013
99.0135	91.9271	1.93645	7.08637	15.563
99.0135	91.9271	1.93645	7.08637	15.563
63.9532	16.7406	12.5635	47.2125	4.93597
63.9532	16.7406	12.5635	47.2125	4.93597
57.2439	25.524	9.61687	31.7199	7.88262
57.2439	25.524	9.61687	31.7199	7.88262
60.0397	20.0538	11.4084	39.9858	6.09107
60.0397	20.0538	11.4084	39.9858	6.09107
60.5451	19.5022	11.5988	41.0429	5.90067
60.5451	19.5022	11.5988	41.0429	5.90067
62.3742	17.8629	12.1702	44.5113	5.32932
62.3742	17.8629	12.1702	44.5113	5.32932
58.6217	22.0117	10.7444	36.61	6.75505
58.6217	22.0117	10.7444	36.61	6.75505
57.6266	33.4635	7.45683	24.1631	10.0427
57.6266	33.4635	7.45683	24.1631	10.0427
64.3284	16.5017	12.6472	47.8267	4.85228
64.3284	16.5017	12.6472	47.8267	4.85228
72.2449	12.8544	13.8991	59.3905	3.60043
72.2449	12.8544	13.8991	59.3905	3.60043
62.0901	44.001	5.4085	18.0891	12.091
62.0901	44.001	5.4085	18.0891	12.091
117.504	4.8791	16.0045	112.625	1.49495
117.504	4.8791	16.0045	112.625	1.49495
88.7254	79.984	2.35041	8.74142	15.1491
88.7254	79.984	2.35041	8.74142	15.1491
63.2054	17.2463	12.3862	45.959	5.11324
63.2054	17.2463	12.3862	45.959	5.11324
65.667	15.7177	12.9212	49.9493	4.57826
65.667	15.7177	12.9212	49.9493	4.57826
110.916	5.58544	15.8784	105.331	1.62107
110.916	5.58544	15.8784	105.331	1.62107
90.9807	8.34003	15.2552	82.6407	2.24426
90.9807	8.34003	15.2552	82.6407	2.24426
57.0128	30.047	8.31675	26.9658	9.18274
57.0128	30.047	8.31675	26.9658	9.18274
57.6378	24.1308	10.0529	33.507	7.44656
57.6378	24.1308	10.0529	33.507	7.44656
57.4254	24.8023	9.84079	32.6231	7.65869
57.4254	24.8023	9.84079	32.6231	7.65869
60.236	19.8329	11.4845	40.4032	6.01495
60.236	19.8329	11.4845	40.4032	6.01495
57.9008	34.4543	7.22678	23.4465	10.2727
57.9008	34.4543	7.22678	23.4465	10.2727
122.621	4.37505	16.0852	118.246	1.41429
122.621	4.37505	16.0852	118.246	1.41429
67.4426	14.8092	13.2365	52.6334	4.26302
67.4426	14.8092	13.2365	52.6334	4.26302
57.8189	23.6465	10.2081	34.1723	7.29139
57.8189	23.6465	10.2081	34.1723	7.29139
70.6667	13.4332	13.7058	57.2334	3.79366
70.6667	13.4332	13.7058	57.2334	3.79366
66.4564	15.2975	13.0674	51.1589	4.43208
66.4564	15.2975	13.0674	51.1589	4.43208
73.1153	12.5563	13.9974	60.559	3.50213
73.1153	12.5563	13.9974	60.559	3.50213
66.1713	50.7252	4.4837	15.4461	13.0158
66.1713	50.7252	4.4837	15.4461	13.0158
63.6634	46.7318	5.00292	16.9316	12.4966
63.6634	46.7318	5.00292	16.9316	12.4966
63.1236	17.3043	12.3659	45.8193	5.13356
63.1236	17.3043	12.3659	45.8193	5.13356
67.9892	14.554	13.3244	53.4353	4.17508
67.9892	14.554	13.3244	53.4353	4.17508
57.2006	31.4712	7.94554	25.7294	9.55394
57.2006	31.4712	7.94554	25.7294	9.55394
94.4517	7.76791	15.4003	86.6838	2.09915
94.4517	7.76791	15.4003	86.6838	2.09915
117.741	4.85498	16.0086	112.886	1.49091
117.741	4.85498	16.0086	112.886	1.49091
86.6379	9.13704	15.0411	77.5008	2.45835
86.6379	9.13704	15.0411	77.5008	2.45835
56.9513	29.1505	8.55987	27.8008	8.93962
56.9513	29.1505	8.55987	27.8008	8.93962
114.197	108.973	1.55478	5.22466	15.9447
114.197	108.973	1.55478	5.22466	15.9447
59.5769	20.6139	11.2165	38.9631	6.28304
59.5769	20.6139	11.2165	38.9631	6.28304
57.1542	31.1829	8.01922	25.9713	9.48027
57.1542	31.1829	8.01922	25.9713	9.48027
62.2756	17.9404	12.143	44.3352	5.35646
62.2756	17.9404	12.143	44.3352	5.35646
69.8483	13.7554	13.5971	56.093	3.9024
69.8483	13.7554	13.5971	56.093	3.9024
69.4828	13.9047	13.5464	55.5782	3.95306
69.4828	13.9047	13.5464	55.5782	3.95306
79.7105	10.6609	14.5979	69.0496	2.90157
79.7105	10.6609	14.5979	69.0496	2.90157
57.8962	34.4386	7.23036	23.4576	10.2691
57.8962	34.4386	7.23036	23.4576	10.2691
57.9484	34.6135	7.19061	23.3349	10.3089
57.9484	34.6135	7.19061	23.3349	10.3089
57.5679	24.3371	9.98739	33.2308	7.5121
57.5679	24.3371	9.98739	33.2308	7.5121
58.1463	35.2447	7.0493	22.9016	10.4502
58.1463	35.2447	7.0493	22.9016	10.4502
94.4632	7.7661	15.4008	86.6971	2.0987
94.4632	7.7661	15.4008	86.6971	2.0987
70.2283	56.6246	3.85112	13.6038	13.6484
70.2283	56.6246	3.85112	13.6038	13.6484
85.9273	9.27755	15.002	76.6497	2.49744
85.9273	9.27755	15.002	76.6497	2.49744
62.7778	45.2222	5.22166	17.5556	12.2778
62.7778	45.2222	5.22166	17.5556	12.2778
59.4917	20.7238	11.1789	38.7679	6.32055
59.4917	20.7238	11.1789	38.7679	6.32055
57.5052	24.5335	9.92527	32.9716	7.57422
57.5052	24.5335	9.92527	32.9716	7.57422
66.7481	15.1492	13.1189	51.5989	4.3806
66.7481	15.1492	13.1189	51.5989	4.3806
60.0588	20.0319	11.416	40.0269	6.08353
60.0588	20.0319	11.416	40.0269	6.08353
60.1423	40.205	6.05093	19.9372	11.4486
60.1423	40.205	6.05093	19.9372	11.4486
104.764	6.3185	15.7321	98.4457	1.76738
104.764	6.3185	15.7321	98.4457	1.76738
68.7252	54.4995	4.06252	14.2257	13.437
68.7252	54.4995	4.06252	14.2257	13.437
57.5798	33.279	7.50062	24.3009	9.99887
57.5798	33.279	7.50062	24.3009	9.99887
65.8222	50.1893	4.5487	15.6329	12.9508
65.8222	50.1893	4.5487	15.6329	12.9508
59.0689	37.7611	6.51873	21.3078	10.9808
59.0689	37.7611	6.51873	21.3078	10.9808
58.5239	36.343	6.81138	22.1808	10.6881
58.5239	36.343	6.81138	22.1808	10.6881
59.9091	20.206	11.3561	39.7031	6.14337
59.9091	20.206	11.3561	39.7031	6.14337
115.052	5.13369	15.9608	109.918	1.53867
115.052	5.13369	15.9608	109.918	1.53867
71.4874	58.3617	3.69062	13.1257	13.8089
71.4874	58.3617	3.69062	13.1257	13.8089
140.251	137.401	1.22047	2.85041	16.279
140.251	137.401	1.22047	2.85041	16.279
64.2103	47.6344	4.87827	16.5759	12.6212
64.2103	47.6344	4.87827	16.5759	12.6212
59.2718	38.2528	6.42098	21.019	11.0785
59.2718	38.2528	6.42098	21.019	11.0785
62.7372	45.1514	5.23224	17.5858	12.2672
62.7372	45.1514	5.23224	17.5858	12.2672
57.0018	29.9257	8.34923	27.0761	9.15026
57.0018	29.9257	8.34923	27.0761	9.15026
76.8258	65.404	3.137	11.4217	14.3625
76.8258	65.404	3.137	11.4217	14.3625
65.9534	50.3915	4.52402	15.562	12.9755
65.9534	50.3915	4.52402	15.562	12.9755
72.3162	12.8295	13.9073	59.4867	3.59217
72.3162	12.8295	13.9073	59.4867	3.59217
89.3081	80.6729	2.322	8.63526	15.1775
89.3081	80.6729	2.322	8.63526	15.1775
61.5784	18.5199	11.9404	43.0585	5.55907
61.5784	18.5199	11.9404	43.0585	5.55907
63.8337	16.8186	12.5362	47.0151	4.96331
63.8337	16.8186	12.5362	47.0151	4.96331
124.481	4.19997	16.1113	120.281	1.38816
124.481	4.19997	16.1113	120.281	1.38816
56.9872	27.239	9.1025	29.7482	8.39699
56.9872	27.239	9.1025	29.7482	8.39699
60.0502	20.0417	11.4126	40.0085	6.0869
60.0502	20.0417	11.4126	40.0085	6.0869
57.425	32.6213	7.65914	24.8037	9.84035
57.425	32.6213	7.65914	24.8037	9.84035
75.2605	11.8761	14.2181	63.3844	3.28136
75.2605	11.8761	14.2181	63.3844	3.28136
83.1539	9.85778	14.8366	73.2961	2.66285
83.1539	9.85778	14.8366	73.2961	2.66285
60.2149	40.3587	6.023	19.8562	11.4765
60.2149	40.3587	6.023	19.8562	11.4765
58.1095	35.1306	7.07459	22.9788	10.4249
58.1095	35.1306	7.07459	22.9788	10.4249
57.239	25.5466	9.60994	31.6924	7.88955
57.239	25.5466	9.60994	31.6924	7.88955
101.419	6.75412	15.6381	94.6646	1.86138
101.419	6.75412	15.6381	94.6646	1.86138
86.1878	9.22567	15.0165	76.9621	2.48296
86.1878	9.22567	15.0165	76.9621	2.48296
68.9483	54.8188	4.02964	14.1295	13.4698
68.9483	54.8188	4.02964	14.1295	13.4698
56.9396	28.7734	8.66433	28.1663	8.83516
56.9396	28.7734	8.66433	28.1663	8.83516
133.512	3.40133	16.2179	130.111	1.28158
133.512	3.40133	16.2179	130.111	1.28158
62.398	17.8443	12.1767	44.5536	5.32282
62.398	17.8443	12.1767	44.5536	5.32282
94.0763	86.2489	2.11388	7.82737	15.3856
94.0763	86.2489	2.11388	7.82737	15.3856
63.5974	46.6214	5.01847	16.976	12.481
63.5974	46.6214	5.01847	16.976	12.481
61.3429	42.6136	5.63213	18.7293	11.8674
61.3429	42.6136	5.63213	18.7293	11.8674
58.6296	21.9982	10.7489	36.6314	6.75056
58.6296	21.9982	10.7489	36.6314	6.75056
62.9519	17.4277	12.3226	45.5242	5.17684
62.9519	17.4277	12.3226	45.5242	5.17684
56.9882	27.2267	9.10611	29.7616	8.39338
56.9882	27.2267	9.10611	29.7616	8.39338
80.7717	10.4024	14.6759	70.3693	2.82357
80.7717	10.4024	14.6759	70.3693	2.82357
60.4688	19.582	11.5712	40.8868	5.9283
60.4688	19.582	11.5712	40.8868	5.9283
60.1649	19.9119	11.4573	40.253	6.04219
60.1649	19.9119	11.4573	40.253	6.04219
65.4861	49.668	4.61327	15.8181	12.8862
65.4861	49.668	4.61327	15.8181	12.8862
83.0553	9.87941	14.8304	73.1759	2.66914
83.0553	9.87941	14.8304	73.1759	2.66914
66.5862	51.3551	4.40902	15.2311	13.0905
66.5862	51.3551	4.40902	15.2311	13.0905
56.9704	27.4595	9.03824	29.5109	8.46125
56.9704	27.4595	9.03824	29.5109	8.46125
58.8927	21.5728	10.8914	37.3199	6.60807
58.8927	21.5728	10.8914	37.3199	6.60807
63.1799	17.2643	12.38	45.9157	5.11954
63.1799	17.2643	12.38	45.9157	5.11954
56.9697	27.4711	9.03487	29.4986	8.46462
56.9697	27.4711	9.03487	29.4986	8.46462
78.1092	67.0372	3.02773	11.072	14.4718
78.1092	67.0372	3.02773	11.072	14.4718
74.4298	62.2989	3.36347	12.1309	14.136
74.4298	62.2989	3.36347	12.1309	14.136
60.2019	40.3313	6.02797	19.8706	11.4715
60.2019	40.3313	6.02797	19.8706	11.4715
64.398	16.4585	12.6624	47.9395	4.83714
64.398	16.4585	12.6624	47.9395	4.83714
57.0603	26.5663	9.30123	30.4941	8.19826
57.0603	26.5663	9.30123	30.4941	8.19826
99.0656	91.9866	1.93475	7.07899	15.5647
99.0656	91.9866	1.93475	7.07899	15.5647
64.7083	48.4393	4.77082	16.269	12.7287
64.7083	48.4393	4.77082	16.269	12.7287
80.772	10.4023	14.6759	70.3697	2.82355
80.772	10.4023	14.6759	70.3697	2.82355
91.2671	82.9763	2.23149	8.29083	15.268
91.2671	82.9763	2.23149	8.29083	15.268
57.7123	23.9237	10.1191	33.7886	7.38041
57.7123	23.9237	10.1191	33.7886	7.38041
58.017	23.1795	10.3594	34.8375	7.14008
58.017	23.1795	10.3594	34.8375	7.14008
64.6986	16.2748	12.7266	48.4237	4.77287
64.6986	16.2748	12.7266	48.4237	4.77287
63.2465	17.2174	12.3964	46.0291	5.1031
63.2465	17.2174	12.3964	46.0291	5.1031
79.7994	10.6388	14.6046	69.1606	2.89487
79.7994	10.6388	14.6046	69.1606	2.89487
59.2533	38.2087	6.42966	21.0447	11.0698
59.2533	38.2087	6.42966	21.0447	11.0698
57.8079	23.674	10.1993	34.134	7.30024
57.8079	23.674	10.1993	34.134	7.30024
58.5457	36.403	6.79867	22.1426	10.7008
58.5457	36.403	6.79867	22.1426	10.7008
81.5745	10.2136	14.7322	71.361	2.76728
81.5745	10.2136	14.7322	71.361	2.76728
138.225	3.01263	16.2621	135.212	1.23739
138.225	3.01263	16.2621	135.212	1.23739
70.3035	56.7293	3.84114	13.5742	13.6583
70.3035	56.7293	3.84114	13.5742	13.6583
58.2308	22.7295	10.5067	35.5013	6.99283
58.2308	22.7295	10.5067	35.5013	6.99283
56.9679	29.4703	8.47231	27.4976	9.02718
56.9679	29.4703	8.47231	27.4976	9.02718
59.9555	20.1514	11.3749	39.8042	6.12461
59.9555	20.1514	11.3749	39.8042	6.12461
61.2834	18.7835	11.8485	42.4999	5.65101
61.2834	18.7835	11.8485	42.4999	5.65101
58.1585	22.8763	10.4585	35.2821	7.04103
58.1585	22.8763	10.4585	35.2821	7.04103
67.4098	52.585	4.26841	14.8249	13.2311
67.4098	52.585	4.26841	14.8249	13.2311
63.2152	17.2394	12.3887	45.9758	5.11082
63.2152	17.2394	12.3887	45.9758	5.11082
72.0651	59.1473	3.62144	12.9178	13.878
72.0651	59.1473	3.62144	12.9178	13.878
70.0213	56.3354	3.87888	13.6859	13.6206
70.0213	56.3354	3.87888	13.6859	13.6206
59.1147	37.8736	6.49619	21.2411	11.0033
59.1147	37.8736	6.49619	21.2411	11.0033
57.0594	26.5733	9.29912	30.4861	8.20037
57.0594	26.5733	9.29912	30.4861	8.20037
70.9494	57.6238	3.75751	13.3256	13.742
70.9494	57.6238	3.75751	13.3256	13.742
57.0121	30.0392	8.31886	26.9729	9.18063
57.0121	30.0392	8.31886	26.9729	9.18063
71.3919	58.2312	3.70232	13.1607	13.7972
71.3919	58.2312	3.70232	13.1607	13.7972
59.7215	20.4324	11.2785	39.2891	6.22101
59.7215	20.4324	11.2785	39.2891	6.22101
57.4945	32.9264	7.58513	24.5681	9.91436
57.4945	32.9264	7.58513	24.5681	9.91436
58.8327	37.1661	6.63956	21.6666	10.8599
58.8327	37.1661	6.63956	21.6666	10.8599
77.3104	11.2874	14.4047	66.023	3.09484
77.3104	11.2874	14.4047	66.023	3.09484
112.445	5.41503	15.9102	107.029	1.58928
112.445	5.41503	15.9102	107.029	1.58928
63.6656	46.7355	5.00239	16.9301	12.4971
63.6656	46.7355	5.00239	16.9301	12.4971
57.3611	32.3237	7.73211	25.0374	9.76738
57.3611	32.3237	7.73211	25.0374	9.76738
89.0712	8.6782	15.166	80.393	2.33347
89.0712	8.6782	15.166	80.393	2.33347
75.3479	11.8498	14.2265	63.4982	3.27294
75.3479	11.8498	14.2265	63.4982	3.27294
105.866	99.6848	1.73881	6.18115	15.7607
105.866	99.6848	1.73881	6.18115	15.7607
58.1452	22.904	10.4494	35.2412	7.05008
58.1452	22.904	10.4494	35.2412	7.05008
90.8808	8.35729	15.2507	82.5235	2.24875
90.8808	8.35729	15.2507	82.5235	2.24875
86.0533	76.8009	2.49041	9.2524	15.0091
86.0533	76.8009	2.49041	9.2524	15.0091
59.6744	20.4908	11.2585	39.1836	6.24099
59.6744	20.4908	11.2585	39.1836	6.24099
68.6646	14.2521	13.4279	54.4125	4.07155
68.6646	14.2521	13.4279	54.4125	4.07155
96.6258	7.43406	15.4815	89.1917	2.01802
96.6258	7.43406	15.4815	89.1917	2.01802
57.7713	23.7675	10.1692	34.0038	7.33033
57.7713	23.7675	10.1692	34.0038	7.33033
122.082	117.655	1.42217	4.42659	16.0773
122.082	117.655	1.42217	4.42659	16.0773
84.6693	75.1351	2.56983	9.53419	14.9297
84.6693	75.1351	2.56983	9.53419	14.9297
57.312	32.0813	7.79214	25.2307	9.70735
57.312	32.0813	7.79214	25.2307	9.70735
144.341	2.53087	16.3097	141.81	1.18979
144.341	2.53087	16.3097	141.81	1.18979
66.3166	50.9467	4.45723	15.3699	13.0423
66.3166	50.9467	4.45723	15.3699	13.0423
106.829	6.06341	15.7847	100.765	1.71474
106.829	6.06341	15.7847	100.765	1.71474
65.2653	15.9428	12.8427	49.3225	4.6568
65.2653	15.9428	12.8427	49.3225	4.6568
127.999	3.8794	16.1566	124.12	1.34286
127.999	3.8794	16.1566	124.12	1.34286
59.5278	20.6769	11.1949	38.8509	6.30456
59.5278	20.6769	11.1949	38.8509	6.30456
73.0703	12.5714	13.9924	60.4989	3.50708
73.0703	12.5714	13.9924	60.4989	3.50708
58.6881	21.9003	10.7816	36.7878	6.71786
58.6881	21.9003	10.7816	36.7878	6.71786
64.721	16.2614	12.7313	48.4597	4.76815
64.721	16.2614	12.7313	48.4597	4.76815
57.0329	26.7848	9.23624	30.248	8.26325
57.0329	26.7848	9.23624	30.248	8.26325
73.94	61.6538	3.41384	12.2862	14.0857
73.94	61.6538	3.41384	12.2862	14.0857
60.6026	41.1597	5.88012	19.4429	11.6194
60.6026	41.1597	5.88012	19.4429	11.6194
57.0085	30.0009	8.32908	27.0076	9.1704
57.0085	30.0009	8.32908	27.0076	9.1704
62.6966	17.6161	12.2566	45.0805	5.24287
62.6966	17.6161	12.2566	45.0805	5.24287
68.4644	54.1242	4.10168	14.3401	13.3978
68.4644	54.1242	4.10168	14.3401	13.3978
59.6777	39.1911	6.23957	20.4867	11.2599
59.6777	39.1911	6.23957	20.4867	11.2599
67.7504	53.0861	4.21303	14.6643	13.2865
67.7504	53.0861	4.21303	14.6643	13.2865
60.1307	40.1805	6.05541	19.9502	11.4441
60.1307	40.1805	6.05541	19.9502	11.4441
60.0843	20.0028	11.426	40.0816	6.0735
60.0843	20.0028	11.426	40.0816	6.0735
87.6163	8.94854	15.093	78.6678	2.40652
87.6163	8.94854	15.093	78.6678	2.40652
72.5021	59.7372	3.57082	12.7649	13.9287
72.5021	59.7372	3.57082	12.7649	13.9287
62.7622	45.1951	5.2257	17.5671	12.2738
62.7622	45.1951	5.2257	17.5671	12.2738
56.9374	28.6197	8.70726	28.3177	8.79223
56.9374	28.6197	8.70726	28.3177	8.79223
62.9865	45.5838	5.16806	17.4027	12.3314
62.9865	45.5838	5.16806	17.4027	12.3314
57.556	24.3734	9.97589	33.1826	7.5236
57.556	24.3734	9.97589	33.1826	7.5236
62.6304	17.666	12.2391	44.9644	5.26034
62.6304	17.666	12.2391	44.9644	5.26034
94.8596	87.1557	2.0834	7.70393	15.4161
94.8596	87.1557	2.0834	7.70393	15.4161
65.9028	50.3136	4.5335	15.5892	12.966
65.9028	50.3136	4.5335	15.5892	12.966
57.0516	30.4187	8.21811	26.6329	9.28138
57.0516	30.4187	8.21811	26.6329	9.28138
95.7353	88.1666	2.05042	7.5687	15.4491
95.7353	88.1666	2.05042	7.5687	15.4491
58.8123	21.6988	10.8491	37.1135	6.65038
58.8123	21.6988	10.8491	37.1135	6.65038
58.5036	36.2868	6.82331	22.2167	10.6762
58.5036	36.2868	6.82331	22.2167	10.6762
64.9614	16.1186	12.7813	48.8428	4.71824
64.9614	16.1186	12.7813	48.8428	4.71824
57.7395	23.8509	10.1424	33.8885	7.3571
57.7395	23.8509	10.1424	33.8885	7.3571
58.5444	22.1448	10.7001	36.3996	6.79939
58.5444	22.1448	10.7001	36.3996	6.79939
67.4394	52.6286	4.26355	14.8108	13.2359
67.4394	52.6286	4.26355	14.8108	13.2359
69.3385	55.3739	3.97343	13.9646	13.5261
69.3385	55.3739	3.97343	13.9646	13.5261
57.7035	23.9475	10.1115	33.756	7.38804
57.7035	23.9475	10.1115	33.756	7.38804
58.1169	22.9632	10.43	35.1537	7.06946
58.1169	22.9632	10.43	35.1537	7.06946
59.5428	38.8851	6.29799	20.6577	11.2015
59.5428	38.8851	6.29799	20.6577	11.2015
91.4318	8.26271	15.2753	83.1691	2.22421
91.4318	8.26271	15.2753	83.1691	2.22421
57.047	26.6689	9.27064	30.378	8.22884
57.047	26.6689	9.27064	30.378	8.22884
159.874	1.39041	16.3901	158.484	1.10942
159.874	1.39041	16.3901	158.484	1.10942
57.0549	30.4477	8.21048	26.6072	9.28901
57.0549	30.4477	8.21048	26.6072	9.28901
81.1164	70.7958	2.79913	10.3206	14.7004
81.1164	70.7958	2.79913	10.3206	14.7004
64.9326	48.797	4.72417	16.1356	12.7753
64.9326	48.797	4.72417	16.1356	12.7753
72.1999	12.8703	13.8938	59.3297	3.60567
72.1999	12.8703	13.8938	59.3297	3.60567
93.3834	7.93859	15.3578	85.4448	2.14165
93.3834	7.93859	15.3578	85.4448	2.14165
63.3775	46.2514	5.0711	17.1261	12.4284
63.3775	46.2514	5.0711	17.1261	12.4284
59.9731	20.1309	11.3819	39.8422	6.11757
59.9731	20.1309	11.3819	39.8422	6.11757
64.7886	48.5677	4.754	16.2209	12.7455
64.7886	48.5677	4.754	16.2209	12.7455
77.7515	66.584	3.05742	11.1675	14.4421
77.7515	66.584	3.05742	11.1675	14.4421
64.3839	16.4672	12.6593	47.9167	4.84019
64.3839	16.4672	12.6593	47.9167	4.84019
69.3427	13.9628	13.5267	55.3799	3.97284
69.3427	13.9628	13.5267	55.3799	3.97284
72.2441	12.8547	13.899	59.3893	3.60053
72.2441	12.8547	13.899	59.3893	3.60053
58.0643	23.0755	10.3933	34.9888	7.10619
58.0643	23.0755	10.3933	34.9888	7.10619
59.4618	20.763	11.1656	38.6988	6.3339
59.4618	20.763	11.1656	38.6988	6.3339
56.938	28.2707	8.80554	28.6672	8.69395
56.938	28.2707	8.80554	28.6672	8.69395
77.4599	11.2465	14.4174	66.2134	3.08205
77.4599	11.2465	14.4174	66.2134	3.08205
81.3528	71.0876	2.7826	10.2652	14.7169
81.3528	71.0876	2.7826	10.2652	14.7169
136.01	132.817	1.25729	3.19323	16.2422
136.01	132.817	1.25729	3.19323	16.2422
57.6966	23.9663	10.1054	33.7302	7.39406
57.6966	23.9663	10.1054	33.7302	7.39406
64.2808	47.7492	4.86273	16.5316	12.6368
64.2808	47.7492	4.86273	16.5316	12.6368
58.18	22.832	10.473	35.348	7.0265
58.18	22.832	10.473	35.348	7.0265
65.9878	15.5435	12.9819	50.4442	4.51761
65.9878	15.5435	12.9819	50.4442	4.51761
59.454	38.6807	6.33741	20.7733	11.1621
59.454	38.6807	6.33741	20.7733	11.1621
75.3556	11.8475	14.2273	63.5081	3.27221
75.3556	11.8475	14.2273	63.5081	3.27221
58.2942	22.605	10.5477	35.6892	6.95181
58.2942	22.605	10.5477	35.6892	6.95181
93.6143	85.713	2.13231	7.90131	15.3672
93.6143	85.713	2.13231	7.90131	15.3672
58.566	22.1073	10.7126	36.4586	6.78692
58.566	22.1073	10.7126	36.4586	6.78692
57.0551	30.4491	8.21011	26.606	9.28938
57.0551	30.4491	8.21011	26.606	9.28938
60.9431	19.1035	11.7371	41.8397	5.76235
60.9431	19.1035	11.7371	41.8397	5.76235
57.171	31.2899	7.99178	25.881	9.50771
57.171	31.2899	7.99178	25.881	9.50771
68.9209	14.1412	13.4658	54.7797	4.03365
68.9209	14.1412	13.4658	54.7797	4.03365
81.2095	70.9108	2.7926	10.2987	14.7069
81.2095	70.9108	2.7926	10.2987	14.7069
72.5702	59.8288	3.56306	12.7414	13.9364
72.5702	59.8288	3.56306	12.7414	13.9364
59.8976	39.6781	6.14802	20.2195	11.3515
59.8976	39.6781	6.14802	20.2195	11.3515
66.96	51.9165	4.344	15.0435	13.1555
66.96	51.9165	4.344	15.0435	13.1555
57.2597	25.453	9.63872	31.8067	7.86077
57.2597	25.453	9.63872	31.8067	7.86077
59.1371	21.2088	11.0142	37.9283	6.48527
59.1371	21.2088	11.0142	37.9283	6.48527
88.0837	8.86044	15.1169	79.2232	2.38255
88.0837	8.86044	15.1169	79.2232	2.38255
85.1129	75.6703	2.54382	9.4425	14.9557
85.1129	75.6703	2.54382	9.4425	14.9557
108.715	5.83858	15.8296	102.877	1.66986
108.715	5.83858	15.8296	102.877	1.66986
63.9118	16.7675	12.5541	47.1443	4.9454
63.9118	16.7675	12.5541	47.1443	4.9454
58.0093	34.8127	7.14564	23.1966	10.3538
58.0093	34.8127	7.14564	23.1966	10.3538
61.9807	18.1785	12.0597	43.8022	5.43979
61.9807	18.1785	12.0597	43.8022	5.43979
84.9973	75.531	2.55055	9.46626	14.9489
84.9973	75.531	2.55055	9.46626	14.9489
59.5347	20.6681	11.1979	38.8665	6.30156
59.5347	20.6681	11.1979	38.8665	6.30156
56.9369	28.3788	8.77498	28.5581	8.72451
56.9369	28.3788	8.77498	28.5581	8.72451
57.2719	25.3995	9.6552	31.8724	7.84429
57.2719	25.3995	9.6552	31.8724	7.84429
71.3787	13.1656	13.7955	58.2131	3.70395
71.3787	13.1656	13.7955	58.2131	3.70395
57.1116	30.8918	8.09435	26.2198	9.40513
57.1116	30.8918	8.09435	26.2198	9.40513
128.636	3.82275	16.1643	124.813	1.33521
128.636	3.82275	16.1643	124.813	1.33521
62.909	17.459	12.3117	45.45	5.1878
62.909	17.459	12.3117	45.45	5.1878
73.8659	61.556	3.42158	12.31	14.0779
73.8659	61.556	3.42158	12.31	14.0779
60.899	19.1463	11.7222	41.7527	5.77724
60.899	19.1463	11.7222	41.7527	5.77724
56.9367	28.494	8.74252	28.4427	8.75697
56.9367	28.494	8.74252	28.4427	8.75697
58.553	36.4231	6.79443	22.1299	10.7051
58.553	36.4231	6.79443	22.1299	10.7051
82.3243	10.0422	14.7828	72.2821	2.71671
82.3243	10.0422	14.7828	72.2821	2.71671
64.3699	16.4759	12.6563	47.894	4.84324
64.3699	16.4759	12.6563	47.894	4.84324
66.3046	50.9285	4.45939	15.3762	13.0401
66.3046	50.9285	4.45939	15.3762	13.0401
57.6009	24.238	10.0188	33.363	7.48065
57.6009	24.238	10.0188	33.363	7.48065
57.5865	24.281	10.0052	33.3055	7.49432
57.5865	24.281	10.0052	33.3055	7.49432
57.5909	24.2677	10.0094	33.3233	7.49008
57.5909	24.2677	10.0094	33.3233	7.49008
114.563	5.18559	15.9517	109.378	1.54783
114.563	5.18559	15.9517	109.378	1.54783
96.7282	89.3094	2.01437	7.41875	15.4851
96.7282	89.3094	2.01437	7.41875	15.4851
74.2919	62.1177	3.3775	12.1743	14.122
74.2919	62.1177	3.3775	12.1743	14.122
57.0947	30.7679	8.12658	26.3268	9.37291
57.0947	30.7679	8.12658	26.3268	9.37291
97.3433	7.32759	15.5068	90.0157	1.99272
97.3433	7.32759	15.5068	90.0157	1.99272
70.4843	13.5036	13.6821	56.9807	3.81735
70.4843	13.5036	13.6821	56.9807	3.81735
135.122	131.856	1.26569	3.26661	16.2338
135.122	131.856	1.26569	3.26661	16.2338
105.34	99.0931	1.75232	6.24642	15.7472
105.34	99.0931	1.75232	6.24642	15.7472
80.1446	10.5539	14.6303	69.5907	2.86915
80.1446	10.5539	14.6303	69.5907	2.86915
104.088	6.40421	15.714	97.6841	1.78547
104.088	6.40421	15.714	97.6841	1.78547
118.294	113.495	1.48159	4.79892	16.0179
118.294	113.495	1.48159	4.79892	16.0179
70.3561	13.5536	13.6653	56.8025	3.83419
70.3561	13.5536	13.6653	56.8025	3.83419
75.9656	11.6674	14.2848	64.2982	3.21473
75.9656	11.6674	14.2848	64.2982	3.21473
59.3348	38.4021	6.39165	20.9327	11.1078
59.3348	38.4021	6.39165	20.9327	11.1078
59.5852	20.6033	11.2201	38.982	6.27942
59.5852	20.6033	11.2201	38.982	6.27942
56.9711	27.4503	9.04091	29.5208	8.45858
56.9711	27.4503	9.04091	29.5208	8.45858
100.872	94.0441	1.87785	6.82813	15.6216
100.872	94.0441	1.87785	6.82813	15.6216
70.6671	57.234	3.79361	13.4331	13.7059
70.6671	57.234	3.79361	13.4331	13.7059
87.9512	8.88529	15.1102	79.0659	2.38929
87.9512	8.88529	15.1102	79.0659	2.38929
60.1892	19.8847	11.4666	40.3045	6.03284
60.1892	19.8847	11.4666	40.3045	6.03284
57.0427	30.3393	8.23909	26.7034	9.2604
57.0427	30.3393	8.23909	26.7034	9.2604
66.5689	51.3291	4.41207	15.2399	13.0874
66.5689	51.3291	4.41207	15.2399	13.0874
56.9545	29.2227	8.54003	27.7318	8.95946
56.9545	29.2227	8.54003	27.7318	8.95946
91.6016	83.3678	2.21676	8.23384	15.2827
91.6016	83.3678	2.21676	8.23384	15.2827
57.8581	23.5494	10.2394	34.3087	7.26007
57.8581	23.5494	10.2394	34.3087	7.26007
67.8717	14.608	13.3058	53.2637	4.19366
67.8717	14.608	13.3058	53.2637	4.19366
58.9877	37.5595	6.55936	21.4282	10.9401
58.9877	37.5595	6.55936	21.4282	10.9401
56.97	27.4664	9.03624	29.5036	8.46325
56.97	27.4664	9.03624	29.5036	8.46325
59.5954	20.5903	11.2245	39.005	6.27501
59.5954	20.5903	11.2245	39.005	6.27501
69.3894	13.9434	13.5333	55.446	3.96623
69.3894	13.9434	13.5333	55.446	3.96623
57.0985	26.3023	9.38031	30.7963	8.11918
57.0985	26.3023	9.38031	30.7963	8.11918
57.6799	24.0121	10.0908	33.6678	7.40871
57.6799	24.0121	10.0908	33.6678	7.40871
57.9602	23.3076	10.3177	34.6526	7.18176
57.9602	23.3076	10.3177	34.6526	7.18176
77.221	11.312	14.397	65.909	3.10253
77.221	11.312	14.397	65.909	3.10253
72.1742	12.8793	13.8908	59.2949	3.60867
72.1742	12.8793	13.8908	59.2949	3.60867
65.2465	15.9535	12.8389	49.2929	4.66056
65.2465	15.9535	12.8389	49.2929	4.66056
66.4478	51.1458	4.43363	15.302	13.0659
66.4478	51.1458	4.43363	15.302	13.0659
59.0675	21.3097	10.9801	37.7578	6.51939
59.0675	21.3097	10.9801	37.7578	6.51939
67.3375	14.8595	13.2191	52.478	4.28038
67.3375	14.8595	13.2191	52.478	4.28038
58.8997	21.562	10.8951	37.3378	6.60441
58.8997	21.562	10.8951	37.3378	6.60441
58.486	22.248	10.6658	36.238	6.83369
58.486	22.248	10.6658	36.238	6.83369
72.9024	12.628	13.9738	60.2743	3.52568
72.9024	12.628	13.9738	60.2743	3.52568
82.8943	9.9149	14.82	72.9794	2.67947
82.8943	9.9149	14.82	72.9794	2.67947
56.972	27.4375	9.04464	29.5345	8.45484
56.972	27.4375	9.04464	29.5345	8.45484
110.251	5.66089	15.8641	104.59	1.63542
110.251	5.66089	15.8641	104.59	1.63542
97.1179	89.757	2.0006	7.36085	15.4989
97.1179	89.757	2.0006	7.36085	15.4989
57.0088	27.0046	9.17128	30.0042	8.32821
57.0088	27.0046	9.17128	30.0042	8.32821
57.0711	26.488	9.32462	30.5831	8.17487
57.0711	26.488	9.32462	30.5831	8.17487
57.2233	31.6035	7.91201	25.6198	9.58748
57.2233	31.6035	7.91201	25.6198	9.58748
58.0836	35.0496	7.09261	23.034	10.4069
58.0836	35.0496	7.09261	23.034	10.4069
63.585	46.6007	5.0214	16.9843	12.4781
63.585	46.6007	5.0214	16.9843	12.4781
57.1482	31.1437	8.0293	26.0045	9.47019
57.1482	31.1437	8.0293	26.0045	9.47019
69.9528	13.7133	13.6113	56.2395	3.88816
69.9528	13.7133	13.6113	56.2395	3.88816
109.975	5.6925	15.858	104.283	1.64148
109.975	5.6925	15.858	104.283	1.64148
83.032	9.88453	14.8289	73.1475	2.67063
83.032	9.88453	14.8289	73.1475	2.67063
83.7517	9.72815	14.8741	74.0236	2.62536
83.7517	9.72815	14.8741	74.0236	2.62536
65.3817	49.505	4.63373	15.8767	12.8658
65.3817	49.505	4.63373	15.8767	12.8658
60.398	40.7408	5.95428	19.6572	11.5452
60.398	40.7408	5.95428	19.6572	11.5452
58.742	21.8118	10.8112	36.9302	6.68824
58.742	21.8118	10.8112	36.9302	6.68824
59.6525	39.1343	6.25036	20.5182	11.2491
59.6525	39.1343	6.25036	20.5182	11.2491
70.4325	56.9087	3.82414	13.5238	13.6753
70.4325	56.9087	3.82414	13.5238	13.6753
72.9099	60.2844	3.52484	12.6255	13.9746
72.9099	60.2844	3.52484	12.6255	13.9746
59.4623	38.6999	6.33369	20.7624	11.1658
59.4623	38.6999	6.33369	20.7624	11.1658
59.0588	21.3226	10.9758	37.7362	6.52373
59.0588	21.3226	10.9758	37.7362	6.52373
64.97	16.1136	12.783	48.8564	4.71647
64.97	16.1136	12.783	48.8564	4.71647
63.1407	17.2921	12.3702	45.8486	5.12929
63.1407	17.2921	12.3702	45.8486	5.12929
57.3053	32.0468	7.80072	25.2584	9.69877
57.3053	32.0468	7.80072	25.2584	9.69877
63.9686	16.7306	12.567	47.238	4.93246
63.9686	16.7306	12.567	47.238	4.93246
77.7742	11.1614	14.444	66.6127	3.05552
77.7742	11.1614	14.444	66.6127	3.05552
63.3166	17.1684	12.4136	46.1482	5.08592
63.3166	17.1684	12.4136	46.1482	5.08592
57.7774	34.0256	7.32529	23.7518	10.1742
57.7774	34.0256	7.32529	23.7518	10.1742
127.292	3.94283	16.1479	123.349	1.35156
127.292	3.94283	16.1479	123.349	1.35156
57.4964	24.5619	9.91634	32.9346	7.58315
57.4964	24.5619	9.91634	32.9346	7.58315
60.6199	41.1948	5.87396	19.4251	11.6255
60.6199	41.1948	5.87396	19.4251	11.6255
73.483	61.0485	3.46221	12.4345	14.0373
73.483	61.0485	3.46221	12.4345	14.0373
86.5609	77.4088	2.46252	9.15211	15.037
86.5609	77.4088	2.46252	9.15211	15.037
67.4238	14.8182	13.2334	52.6056	4.26611
67.4238	14.8182	13.2334	52.6056	4.26611
68.5529	14.3011	13.4112	54.2518	4.08831
68.5529	14.3011	13.4112	54.2518	4.08831
68.6066	54.329	4.08024	14.2775	13.4193
68.6066	54.329	4.08024	14.2775	13.4193
63.3357	17.1551	12.4182	46.1805	5.08128
63.3357	17.1551	12.4182	46.1805	5.08128
80.2685	69.7448	2.86003	10.5237	14.6395
80.2685	69.7448	2.86003	10.5237	14.6395
73.3571	60.8812	3.47577	12.4759	14.0237
73.3571	60.8812	3.47577	12.4759	14.0237
61.6187	43.1339	5.54681	18.4848	11.9527
61.6187	43.1339	5.54681	18.4848	11.9527
57.4484	32.7259	7.63367	24.7225	9.86582
57.4484	32.7259	7.63367	24.7225	9.86582
82.9744	9.89724	14.8252	73.0771	2.67432
82.9744	9.89724	14.8252	73.0771	2.67432
60.5357	19.512	11.5954	41.0237	5.90407
60.5357	19.512	11.5954	41.0237	5.90407
57.4493	32.7302	7.63261	24.7191	9.86688
57.4493	32.7302	7.63261	24.7191	9.86688
67.3231	52.4567	4.28277	14.8664	13.2167
67.3231	52.4567	4.28277	14.8664	13.2167
61.2591	18.8058	11.8407	42.4534	5.65876
61.2591	18.8058	11.8407	42.4534	5.65876
65.5844	15.7633	12.9053	49.8211	4.59417
65.5844	15.7633	12.9053	49.8211	4.59417
116.395	111.402	1.51429	4.99312	15.9852
116.395	111.402	1.51429	4.99312	15.9852
59.3777	38.503	6.37194	20.8747	11.1276
59.3777	38.503	6.37194	20.8747	11.1276
61.3583	18.7155	11.8722	42.6428	5.62729
61.3583	18.7155	11.8722	42.6428	5.62729
61.0758	18.9766	11.7813	42.0992	5.71824
61.0758	18.9766	11.7813	42.0992	5.71824
57.0531	26.6211	9.2849	30.432	8.21459
57.0531	26.6211	9.2849	30.432	8.21459
60.9884	19.0599	11.7523	41.9285	5.7472
60.9884	19.0599	11.7523	41.9285	5.7472
66.6716	51.4839	4.39397	15.1877	13.1055
66.6716	51.4839	4.39397	15.1877	13.1055
99.4557	92.4317	1.92214	7.024	15.5773
99.4557	92.4317	1.92214	7.024	15.5773
57.1905	31.4108	7.96094	25.7798	9.53855
57.1905	31.4108	7.96094	25.7798	9.53855
112.621	107.225	1.58572	5.39567	15.9138
112.621	107.225	1.58572	5.39567	15.9138
57.2605	31.8108	7.85975	25.4497	9.63974
57.2605	31.8108	7.85975	25.4497	9.63974
57.3217	32.1304	7.77994	25.1914	9.71955
57.3217	32.1304	7.77994	25.1914	9.71955
57.0576	26.5867	9.29513	30.4709	8.20435
57.0576	26.5867	9.29513	30.4709	8.20435
64.2942	16.5232	12.6397	47.771	4.85979
64.2942	16.5232	12.6397	47.771	4.85979
61.2282	18.8342	11.8308	42.394	5.66866
61.2282	18.8342	11.8308	42.394	5.66866
56.9645	27.552	9.01142	29.4125	8.48807
56.9645	27.552	9.01142	29.4125	8.48807
61.1606	18.8969	11.809	42.2637	5.6905
61.1606	18.8969	11.809	42.2637	5.6905
107.177	6.02138	15.7932	101.155	1.70624
107.177	6.02138	15.7932	101.155	1.70624
56.9606	27.6172	8.99255	29.3434	8.50694
56.9606	27.6172	8.99255	29.3434	8.50694
58.1248	22.9465	10.4355	35.1783	7.06401
58.1248	22.9465	10.4355	35.1783	7.06401
58.8169	37.1252	6.64796	21.6916	10.8515
58.8169	37.1252	6.64796	21.6916	10.8515
90.9363	8.3477	15.2532	82.5886	2.24626
90.9363	8.3477	15.2532	82.5886	2.24626
61.573	18.5246	11.9388	43.0485	5.5607
61.573	18.5246	11.9388	43.0485	5.5607
62.7614	45.1937	5.22592	17.5678	12.2736
62.7614	45.1937	5.22592	17.5678	12.2736
57.7209	23.9006	10.1265	33.8203	7.37302
57.7209	23.9006	10.1265	33.8203	7.37302
56.946	29.0126	8.59792	27.9334	8.90157
56.946	29.0126	8.59792	27.9334	8.90157
62.4355	44.6203	5.31261	17.8152	12.1869
62.4355	44.6203	5.31261	17.8152	12.1869
57.1115	30.8914	8.09445	26.2201	9.40503
57.1115	30.8914	8.09445	26.2201	9.40503
65.7441	50.0687	4.56353	15.6754	12.936
65.7441	50.0687	4.56353	15.6754	12.936
65.5227	49.7251	4.60614	15.7976	12.8934
65.5227	49.7251	4.60614	15.7976	12.8934
62.0519	43.9318	5.41937	18.1202	12.0801
62.0519	43.9318	5.41937	18.1202	12.0801
70.9429	57.6148	3.75833	13.3281	13.7412
70.9429	57.6148	3.75833	13.3281	13.7412
71.972	12.9509	13.8671	59.0211	3.63241
71.972	12.9509	13.8671	59.0211	3.63241
158.402	1.49466	16.3846	156.908	1.11485
158.402	1.49466	16.3846	156.908	1.11485
82.8222	72.8913	2.68413	9.93088	14.8154
82.8222	72.8913	2.68413	9.93088	14.8154
59.1989	38.0781	6.45548	21.1208	11.044
59.1989	38.0781	6.45548	21.1208	11.044
58.1289	22.9379	10.4383	35.191	7.0612
58.1289	22.9379	10.4383	35.191	7.0612
56.9448	27.9692	8.89134	28.9756	8.60815
56.9448	27.9692	8.89134	28.9756	8.60815
56.9411	28.8392	8.64599	28.1018	8.85349
56.9411	28.8392	8.64599	28.1018	8.85349
57.0262	30.184	8.28026	26.8422	9.21923
57.0262	30.184	8.28026	26.8422	9.21923
73.4326	12.451	14.0319	60.9816	3.46763
73.4326	12.451	14.0319	60.9816	3.46763
123.281	118.969	1.40484	4.31247	16.0947
123.281	118.969	1.40484	4.31247	16.0947
66.9273	51.8676	4.3496	15.0597	13.1499
66.9273	51.8676	4.3496	15.0597	13.1499
82.3871	72.3591	2.71255	10.028	14.7869
82.3871	72.3591	2.71255	10.028	14.7869
57.2179	31.5724	7.91987	25.6454	9.57962
57.2179	31.5724	7.91987	25.6454	9.57962
61.3367	42.6017	5.6341	18.735	11.8654
61.3367	42.6017	5.6341	18.735	11.8654
110.566	5.62503	15.8709	104.941	1.62858
110.566	5.62503	15.8709	104.941	1.62858
89.6806	81.1123	2.30421	8.56831	15.1953
89.6806	81.1123	2.30421	8.56831	15.1953
57.2177	25.6463	9.57935	31.5714	7.92014
57.2177	25.6463	9.57935	31.5714	7.92014
78.0345	11.0918	14.4656	66.9427	3.03388
78.0345	11.0918	14.4656	66.9427	3.03388
61.3555	18.718	11.8713	42.6375	5.62816
61.3555	18.718	11.8713	42.6375	5.62816
69.6494	13.8362	13.5697	55.8132	3.92981
69.6494	13.8362	13.5697	55.8132	3.92981
76.0159	64.3632	3.21008	11.6528	14.2894
76.0159	64.3632	3.21008	11.6528	14.2894
69.2767	55.2862	3.98224	13.9904	13.5173
69.2767	55.2862	3.98224	13.9904	13.5173
58.1088	35.1286	7.07505	22.9802	10.4244
58.1088	35.1286	7.07505	22.9802	10.4244
57.572	24.3247	9.99131	33.2472	7.50818
57.572	24.3247	9.99131	33.2472	7.50818
60.7431	41.4428	5.8307	19.3003	11.6688
60.7431	41.4428	5.8307	19.3003	11.6688
68.8397	54.6636	4.04557	14.1761	13.4539
68.8397	54.6636	4.04557	14.1761	13.4539
88.5436	8.77492	15.1401	79.7687	2.35943
88.5436	8.77492	15.1401	79.7687	2.35943
72.542	59.7909	3.56626	12.7511	13.9332
72.542	59.7909	3.56626	12.7511	13.9332
62.656	17.6467	12.2459	45.0093	5.25358
62.656	17.6467	12.2459	45.0093	5.25358
65.5609	15.7763	12.9008	49.7846	4.59871
65.5609	15.7763	12.9008	49.7846	4.59871
71.5374	13.1075	13.815	58.43	3.68453
71.5374	13.1075	13.815	58.43	3.68453
57.7595	33.9611	7.34023	23.7984	10.1593
57.7595	33.9611	7.34023	23.7984	10.1593
57.4564	32.7612	7.62509	24.6952	9.8744
57.4564	32.7612	7.62509	24.6952	9.8744
60.0047	39.9105	6.10496	20.0942	11.3945
60.0047	39.9105	6.10496	20.0942	11.3945
57.8591	34.3122	7.25926	23.5469	10.2402
57.8591	34.3122	7.25926	23.5469	10.2402
58.8814	21.5904	10.8855	37.291	6.61397
58.8814	21.5904	10.8855	37.291	6.61397
57.4571	24.6928	9.87516	32.7643	7.62433
57.4571	24.6928	9.87516	32.7643	7.62433
61.0213	19.0284	11.7632	41.9929	5.73625
61.0213	19.0284	11.7632	41.9929	5.73625
65.8389	15.6238	12.954	50.2152	4.54553
65.8389	15.6238	12.954	50.2152	4.54553
65.3637	49.4769	4.63728	15.8869	12.8622
65.3637	49.4769	4.63728	15.8869	12.8622
59.1685	38.0046	6.47007	21.1639	11.0294
59.1685	38.0046	6.47007	21.1639	11.0294
57.3995	24.8949	9.81184	32.5046	7.68765
57.3995	24.8949	9.81184	32.5046	7.68765
101.926	95.2401	1.84638	6.68614	15.6531
101.926	95.2401	1.84638	6.68614	15.6531
60.048	20.0443	11.4117	40.0037	6.0878
60.048	20.0443	11.4117	40.0037	6.0878
61.6077	43.1134	5.55015	18.4943	11.9493
61.6077	43.1134	5.55015	18.4943	11.9493
58.9126	21.5422	10.9017	37.3704	6.59775
58.9126	21.5422	10.9017	37.3704	6.59775
62.8631	17.4926	12.2999	45.3705	5.19957
62.8631	17.4926	12.2999	45.3705	5.19957
126.287	4.03383	16.1352	122.253	1.36427
126.287	4.03383	16.1352	122.253	1.36427
104.824	6.31102	15.7337	98.5126	1.76581
104.824	6.31102	15.7337	98.5126	1.76581
67.8203	53.1885	4.20185	14.6318	13.2976
67.8203	53.1885	4.20185	14.6318	13.2976
58.0902	35.0704	7.08799	23.0198	10.4115
58.0902	35.0704	7.08799	23.0198	10.4115
58.4497	22.3134	10.6441	36.1363	6.8554
58.4497	22.3134	10.6441	36.1363	6.8554
59.6479	39.124	6.25232	20.5239	11.2472
59.6479	39.124	6.25232	20.5239	11.2472
73.9773	12.2742	14.0895	61.7031	3.40995
73.9773	12.2742	14.0895	61.7031	3.40995
64.1467	16.6163	12.6071	47.5304	4.8924
64.1467	16.6163	12.6071	47.5304	4.8924
60.7382	19.3052	11.6671	41.433	5.83241
60.7382	19.3052	11.6671	41.433	5.83241
60.9559	19.0911	11.7414	41.8648	5.75806
60.9559	19.0911	11.7414	41.8648	5.75806
62.7345	45.1467	5.23295	17.5878	12.2665
62.7345	45.1467	5.23295	17.5878	12.2665
61.3654	18.709	11.8744	42.6563	5.62506
61.3654	18.709	11.8744	42.6563	5.62506
58.6168	22.02	10.7417	36.5967	6.75783
58.6168	22.02	10.7417	36.5967	6.75783
60.2014	40.3302	6.02817	19.8712	11.4713
60.2014	40.3302	6.02817	19.8712	11.4713
57.2111	31.5332	7.92981	25.6779	9.56968
57.2111	31.5332	7.92981	25.6779	9.56968
59.6629	39.1577	6.24591	20.5052	11.2536
59.6629	39.1577	6.24591	20.5052	11.2536
58.2046	22.7822	10.4894	35.4224	7.01013
58.2046	22.7822	10.4894	35.4224	7.01013
108.025	5.91998	15.8135	102.105	1.68595
108.025	5.91998	15.8135	102.105	1.68595
71.1852	13.2373	13.7716	57.9479	3.7279
71.1852	13.2373	13.7716	57.9479	3.7279
57.1894	31.4037	7.96274	25.7857	9.53675
57.1894	31.4037	7.96274	25.7857	9.53675
65.1853	49.1967	4.6728	15.9886	12.8267
65.1853	49.1967	4.6728	15.9886	12.8267
128.253	3.85673	16.1597	124.397	1.33979
128.253	3.85673	16.1597	124.397	1.33979
57.7173	23.9101	10.1234	33.8072	7.37606
57.7173	23.9101	10.1234	33.8072	7.37606
68.6547	54.3982	4.07304	14.2565	13.4265
68.6547	54.3982	4.07304	14.2565	13.4265
72.6971	59.9993	3.54868	12.6978	13.9508
72.6971	59.9993	3.54868	12.6978	13.9508
150.639	148.583	1.15077	2.05637	16.3487
150.639	148.583	1.15077	2.05637	16.3487
66.1261	50.6561	4.492	15.47	13.0075
66.1261	50.6561	4.492	15.47	13.0075
93.1561	7.9755	15.3486	85.1806	2.15093
93.1561	7.9755	15.3486	85.1806	2.15093
59.0973	21.2663	10.9948	37.8309	6.50473
59.0973	21.2663	10.9948	37.8309	6.50473
59.2143	38.1151	6.44815	21.0992	11.0513
59.2143	38.1151	6.44815	21.0992	11.0513
59.8949	20.2227	11.3504	39.6722	6.14912
59.8949	20.2227	11.3504	39.6722	6.14912
137.424	3.07755	16.2551	134.346	1.24442
137.424	3.07755	16.2551	134.346	1.24442
62.5572	44.8356	5.27982	17.7216	12.2197
62.5572	44.8356	5.27982	17.7216	12.2197
57.0647	26.5341	9.31082	30.5306	8.18867
57.0647	26.5341	9.31082	30.5306	8.18867
90.6093	82.2049	2.26105	8.40442	15.2384
90.6093	82.2049	2.26105	8.40442	15.2384
57.7283	33.8478	7.36659	23.8805	10.1329
57.7283	33.8478	7.36659	23.8805	10.1329
57.9491	23.3333	10.3094	34.6158	7.19008
57.9491	23.3333	10.3094	34.6158	7.19008
56.9786	27.3469	9.071	29.6317	8.42849
56.9786	27.3469	9.071	29.6317	8.42849
64.4273	16.4403	12.6687	47.987	4.83078
64.4273	16.4403	12.6687	47.987	4.83078
78.1623	67.1044	3.02338	11.0579	14.4761
78.1623	67.1044	3.02338	11.0579	14.4761
57.5535	24.3812	9.97341	33.1723	7.52608
57.5535	24.3812	9.97341	33.1723	7.52608
69.6066	13.8537	13.5637	55.7529	3.93575
69.6066	13.8537	13.5637	55.7529	3.93575
65.983	50.4368	4.51851	15.5461	12.981
65.983	50.4368	4.51851	15.5461	12.981
57.7525	33.9358	7.34611	23.8167	10.1534
57.7525	33.9358	7.34611	23.8167	10.1534
72.5676	59.8253	3.56335	12.7423	13.9361
72.5676	59.8253	3.56335	12.7423	13.9361
58.3418	22.5136	10.5778	35.8282	6.92165
58.3418	22.5136	10.5778	35.8282	6.92165
107.141	101.115	1.70711	6.02569	15.7924
107.141	101.115	1.70711	6.02569	15.7924
62.4975	17.7673	12.2036	44.7302	5.29584
62.4975	17.7673	12.2036	44.7302	5.29584
75.2757	11.8715	14.2196	63.4042	3.2799
75.2757	11.8715	14.2196	63.4042	3.2799
137.303	3.08736	16.254	134.216	1.24549
137.303	3.08736	16.254	134.216	1.24549
73.0273	12.5859	13.9877	60.4414	3.51183
73.0273	12.5859	13.9877	60.4414	3.51183
63.1147	17.3106	12.3637	45.8042	5.13577
63.1147	17.3106	12.3637	45.8042	5.13577
61.3189	18.7512	11.8597	42.5677	5.63974
61.3189	18.7512	11.8597	42.5677	5.63974
65.705	15.6968	12.9285	50.0082	4.57098
65.705	15.6968	12.9285	50.0082	4.57098
66.6075	15.2203	13.0942	51.3872	4.40526
66.6075	15.2203	13.0942	51.3872	4.40526
59.6233	39.0683	6.26293	20.555	11.2366
59.6233	39.0683	6.26293	20.555	11.2366
95.9664	88.4329	2.0419	7.53348	15.4576
95.9664	88.4329	2.0419	7.53348	15.4576
57.1133	26.209	9.40837	30.9043	8.09112
57.1133	26.209	9.40837	30.9043	8.09112
58.3326	22.5311	10.5721	35.8015	6.92744
58.3326	22.5311	10.5721	35.8015	6.92744
57.024	26.8619	9.21341	30.1621	8.28607
57.024	26.8619	9.21341	30.1621	8.28607
58.3014	35.7103	6.94721	22.591	10.5523
58.3014	35.7103	6.94721	22.591	10.5523
102.398	6.62358	15.6668	95.7743	1.83268
102.398	6.62358	15.6668	95.7743	1.83268
71.1698	57.9268	3.72981	13.243	13.7697
71.1698	57.9268	3.72981	13.243	13.7697
86.6593	77.5264	2.45719	9.13286	15.0423
86.6593	77.5264	2.45719	9.13286	15.0423
80.1061	69.5428	2.872	10.5633	14.6275
80.1061	69.5428	2.872	10.5633	14.6275
73.94	61.6539	3.41383	12.2862	14.0857
73.94	61.6539	3.41383	12.2862	14.0857
63.1228	17.3048	12.3657	45.818	5.13374
63.1228	17.3048	12.3657	45.818	5.13374
65.2485	15.9524	12.8393	49.2962	4.66015
65.2485	15.9524	12.8393	49.2962	4.66015
59.7131	39.2704	6.22453	20.4427	11.275
59.7131	39.2704	6.22453	20.4427	11.275
56.938	28.267	8.80659	28.671	8.6929
56.938	28.267	8.80659	28.671	8.6929
59.438	20.7944	11.1549	38.6436	6.3446
59.438	20.7944	11.1549	38.6436	6.3446
61.9484	43.7431	5.44914	18.2053	12.0504
61.9484	43.7431	5.44914	18.2053	12.0504
60.3493	19.7094	11.5272	40.6398	5.97233
60.3493	19.7094	11.5272	40.6398	5.97233
57.0374	26.7469	9.24748	30.2904	8.25201
57.0374	26.7469	9.24748	30.2904	8.25201
59.5419	20.6587	11.2011	38.8832	6.29835
59.5419	20.6587	11.2011	38.8832	6.29835
62.038	43.9065	5.42335	18.1315	12.0761
62.038	43.9065	5.42335	18.1315	12.0761
59.5964	20.589	11.2249	39.0073	6.27457
59.5964	20.589	11.2249	39.0073	6.27457
71.4408	13.1428	13.8032	58.298	3.69632
71.4408	13.1428	13.8032	58.298	3.69632
64.3306	47.8303	4.8518	16.5004	12.6477
64.3306	47.8303	4.8518	16.5004	12.6477
80.7698	70.367	2.82371	10.4028	14.6758
80.7698	70.367	2.82371	10.4028	14.6758
83.3081	9.82409	14.8464	73.484	2.65308
83.3081	9.82409	14.8464	73.484	2.65308
57.7373	23.8567	10.1405	33.8806	7.35896
57.7373	23.8567	10.1405	33.8806	7.35896
60.2697	40.4738	6.00218	19.7959	11.4973
60.2697	40.4738	6.00218	19.7959	11.4973
96.6414	89.2097	2.01747	7.43172	15.482
96.6414	89.2097	2.01747	7.43172	15.482
77.1599	65.8311	3.10781	11.3288	14.3917
77.1599	65.8311	3.10781	11.3288	14.3917
63.9307	16.7552	12.5584	47.1755	4.94108
63.9307	16.7552	12.5584	47.1755	4.94108
59.5745	38.9575	6.28411	20.617	11.2154
59.5745	38.9575	6.28411	20.617	11.2154
60.9405	41.8345	5.76323	19.106	11.7363
60.9405	41.8345	5.76323	19.106	11.7363
102.879	96.3188	1.81894	6.56038	15.6805
102.879	96.3188	1.81894	6.56038	15.6805
72.0503	12.9231	13.8763	59.1272	3.62318
72.0503	12.9231	13.8763	59.1272	3.62318
119.215	4.70663	16.033	114.509	1.46645
119.215	4.70663	16.033	114.509	1.46645
137.807	134.76	1.24103	3.04645	16.2585
137.807	134.76	1.24103	3.04645	16.2585
56.9373	28.6105	8.70982	28.3268	8.78967
56.9373	28.6105	8.70982	28.3268	8.78967
61.0546	18.9966	11.7743	42.058	5.72521
61.0546	18.9966	11.7743	42.058	5.72521
90.2278	81.7566	2.27857	8.47123	15.2209
90.2278	81.7566	2.27857	8.47123	15.2209
56.9378	28.2797	8.80298	28.6581	8.69651
56.9378	28.2797	8.80298	28.6581	8.69651
57.7225	33.8264	7.37159	23.8961	10.1279
57.7225	33.8264	7.37159	23.8961	10.1279
123.858	4.25821	16.1027	119.6	1.39674
123.858	4.25821	16.1027	119.6	1.39674
61.7991	43.469	5.4928	18.3302	12.0067
61.7991	43.469	5.4928	18.3302	12.0067
61.3348	42.598	5.63471	18.7367	11.8648
61.3348	42.598	5.63471	18.7367	11.8648
62.6728	45.0388	5.24914	17.634	12.2503
62.6728	45.0388	5.24914	17.634	12.2503
64.209	47.6322	4.87856	16.5768	12.6209
64.209	47.6322	4.87856	16.5768	12.6209
63.6585	16.9349	12.4954	46.7235	5.00407
63.6585	16.9349	12.4954	46.7235	5.00407
91.9007	8.18331	15.2957	83.7174	2.20377
91.9007	8.18331	15.2957	83.7174	2.20377
57.0519	26.6308	9.28201	30.4211	8.21748
57.0519	26.6308	9.28201	30.4211	8.21748
57.0718	26.483	9.32611	30.5888	8.17337
57.0718	26.483	9.32611	30.5888	8.17337
64.3407	16.4941	12.6499	47.8467	4.8496
64.3407	16.4941	12.6499	47.8467	4.8496
62.1917	18.0072	12.1196	44.1845	5.37984
62.1917	18.0072	12.1196	44.1845	5.37984
74.2285	12.1943	14.1155	62.0342	3.38399
74.2285	12.1943	14.1155	62.0342	3.38399
57.3382	32.2122	7.75967	25.126	9.73982
57.3382	32.2122	7.75967	25.126	9.73982
59.2108	21.104	11.0497	38.1068	6.4498
59.2108	21.104	11.0497	38.1068	6.4498
60.4635	40.876	5.93021	19.5876	11.5693
60.4635	40.876	5.93021	19.5876	11.5693
57.3523	25.0712	9.75687	32.2811	7.74262
57.3523	25.0712	9.75687	32.2811	7.74262
57.3601	32.3189	7.7333	25.0412	9.76619
57.3601	32.3189	7.7333	25.0412	9.76619
60.7809	41.5184	5.8176	19.2625	11.6819
60.7809	41.5184	5.8176	19.2625	11.6819
61.6589	18.45	11.9648	43.2089	5.53466
61.6589	18.45	11.9648	43.2089	5.53466
65.7435	15.6757	12.9358	50.0677	4.56364
65.7435	15.6757	12.9358	50.0677	4.56364
60.4118	40.7694	5.94918	19.6424	11.5503
60.4118	40.7694	5.94918	19.6424	11.5503
57.7269	33.8425	7.36783	23.8844	10.1317
57.7269	33.8425	7.36783	23.8844	10.1317
57.4936	32.9223	7.5861	24.5712	9.91339
57.4936	32.9223	7.5861	24.5712	9.91339
57.1479	26.0063	9.46966	31.1416	8.02982
57.1479	26.0063	9.46966	31.1416	8.02982
62.5805	17.7038	12.2259	44.8767	5.2736
62.5805	17.7038	12.2259	44.8767	5.2736
131.35	127.765	1.3043	3.58555	16.1952
131.35	127.765	1.3043	3.58555	16.1952
78.6262	10.9363	14.5137	67.6899	2.98582
78.6262	10.9363	14.5137	67.6899	2.98582
59.3651	20.8918	11.1218	38.4733	6.37774
59.3651	20.8918	11.1218	38.4733	6.37774
65.5338	49.7423	4.60398	15.7914	12.8955
65.5338	49.7423	4.60398	15.7914	12.8955
60.6998	41.356	5.84579	19.3438	11.6537
60.6998	41.356	5.84579	19.3438	11.6537
79.2805	10.7687	14.5651	68.5118	2.93441
79.2805	10.7687	14.5651	68.5118	2.93441
100.224	6.91705	15.6017	93.3068	1.89784
100.224	6.91705	15.6017	93.3068	1.89784
61.7298	18.3891	11.9861	43.3406	5.5134
61.7298	18.3891	11.9861	43.3406	5.5134
64.3762	16.472	12.6576	47.9042	4.84187
64.3762	16.472	12.6576	47.9042	4.84187
63.5369	17.0169	12.4667	46.52	5.03282
63.5369	17.0169	12.4667	46.52	5.03282
88.3196	8.81643	15.1289	79.5031	2.37063
88.3196	8.81643	15.1289	79.5031	2.37063
56.9473	29.0489	8.58788	27.8984	8.91161
56.9473	29.0489	8.58788	27.8984	8.91161
57.0944	26.329	9.37227	30.7654	8.12722
57.0944	26.329	9.37227	30.7654	8.12722
96.0155	88.4895	2.0401	7.52602	15.4594
96.0155	88.4895	2.0401	7.52602	15.4594
61.5873	18.5121	11.9431	43.0751	5.55636
61.5873	18.5121	11.9431	43.0751	5.55636
109.389	5.76005	15.845	103.629	1.65453
109.389	5.76005	15.845	103.629	1.65453
70.6669	13.4332	13.7059	57.2337	3.79363
70.6669	13.4332	13.7059	57.2337	3.79363
59.3157	38.3571	6.40048	20.9587	11.099
59.3157	38.3571	6.40048	20.9587	11.099
61.6234	43.1428	5.54537	18.4807	11.9541
61.6234	43.1428	5.54537	18.4807	11.9541
71.1925	57.958	3.72699	13.2345	13.7725
71.1925	57.958	3.72699	13.2345	13.7725
74.5603	62.4701	3.3503	12.0902	14.1492
74.5603	62.4701	3.3503	12.0902	14.1492
57.108	30.8663	8.10098	26.2418	9.39851
57.108	30.8663	8.10098	26.2418	9.39851
58.3433	35.8327	6.9207	22.5107	10.5788
58.3433	35.8327	6.9207	22.5107	10.5788
57.6873	23.9918	10.0973	33.6955	7.4022
57.6873	23.9918	10.0973	33.6955	7.4022
57.2243	25.6149	9.58898	31.6094	7.91051
57.2243	25.6149	9.58898	31.6094	7.91051
65.6677	15.7173	12.9214	49.9504	4.57813
65.6677	15.7173	12.9214	49.9504	4.57813
57.036	26.758	9.24419	30.278	8.2553
57.036	26.758	9.24419	30.278	8.2553
64.1892	16.5893	12.6165	47.5999	4.88295
64.1892	16.5893	12.6165	47.5999	4.88295
114.083	5.23691	15.9425	108.846	1.55696
114.083	5.23691	15.9425	108.846	1.55696
60.3985	40.7419	5.95408	19.6566	11.5454
60.3985	40.7419	5.95408	19.6566	11.5454
71.9845	59.0381	3.63093	12.9464	13.8686
71.9845	59.0381	3.63093	12.9464	13.8686
69.9507	56.2365	3.88845	13.7142	13.611
69.9507	56.2365	3.88845	13.7142	13.611
64.7439	16.2476	12.7361	48.4962	4.76335
64.7439	16.2476	12.7361	48.4962	4.76335
58.473	36.2017	6.84144	22.2713	10.658
58.473	36.2017	6.84144	22.2713	10.658
61.8181	18.3142	12.0123	43.5039	5.4872
61.8181	18.3142	12.0123	43.5039	5.4872
58.6217	36.6101	6.75503	22.0117	10.7445
58.6217	36.6101	6.75503	22.0117	10.7445
89.8946	81.3644	2.29411	8.53017	15.2054
89.8946	81.3644	2.29411	8.53017	15.2054
57.0938	30.7609	8.12839	26.3329	9.3711
57.0938	30.7609	8.12839	26.3329	9.3711
59.4812	38.7437	6.32522	20.7375	11.1743
59.4812	38.7437	6.32522	20.7375	11.1743
87.6375	78.6929	2.40543	8.94452	15.0941
87.6375	78.6929	2.40543	8.94452	15.0941
58.6052	36.5654	6.76442	22.0398	10.7351
58.6052	36.5654	6.76442	22.0398	10.7351
57.0695	26.4998	9.3211	30.5697	8.17839
57.0695	26.4998	9.3211	30.5697	8.17839
59.4052	38.5673	6.35942	20.8379	11.1401
59.4052	38.5673	6.35942	20.8379	11.1401
62.6693	17.6366	12.2494	45.0327	5.25006
62.6693	17.6366	12.2494	45.0327	5.25006
58.0914	23.0172	10.4124	35.0743	7.08712
58.0914	23.0172	10.4124	35.0743	7.08712
67.5654	52.8144	4.24293	14.751	13.2566
67.5654	52.8144	4.24293	14.751	13.2566
111.947	106.477	1.59944	5.46999	15.9001
111.947	106.477	1.59944	5.46999	15.9001
110.103	5.67784	15.8608	104.425	1.63867
110.103	5.67784	15.8608	104.425	1.63867
67.1601	52.2148	4.31002	14.9453	13.1895
67.1601	52.2148	4.31002	14.9453	13.1895
68.7123	14.2313	13.4351	54.481	4.06444
68.7123	14.2313	13.4351	54.481	4.06444
62.6158	17.6771	12.2353	44.9387	5.26423
62.6158	17.6771	12.2353	44.9387	5.26423
69.4396	13.9225	13.5404	55.5171	3.95914
69.4396	13.9225	13.5404	55.5171	3.95914
57.9219	34.5251	7.21067	23.3967	10.2888
57.9219	34.5251	7.21067	23.3967	10.2888
153.535	151.69	1.1359	1.84429	16.3636
153.535	151.69	1.1359	1.84429	16.3636
56.9408	28.113	8.85031	28.8277	8.64918
56.9408	28.113	8.85031	28.8277	8.64918
81.9402	71.8108	2.74238	10.1294	14.7571
81.9402	71.8108	2.74238	10.1294	14.7571
78.6043	10.942	14.5119	67.6623	2.98758
78.6043	10.942	14.5119	67.6623	2.98758
90.6767	8.39268	15.2415	82.284	2.25798
90.6767	8.39268	15.2415	82.284	2.25798
98.2198	7.19987	15.5367	91.02	1.96275
98.2198	7.19987	15.5367	91.02	1.96275
71.0495	13.288	13.7546	57.7615	3.74489
71.0495	13.288	13.7546	57.7615	3.74489
93.3248	85.3767	2.14404	7.94809	15.3554
93.3248	85.3767	2.14404	7.94809	15.3554
57.966	23.2944	10.322	34.6716	7.17746
57.966	23.2944	10.322	34.6716	7.17746
62.706	45.0969	5.24041	17.6091	12.2591
62.706	45.0969	5.24041	17.6091	12.2591
61.8427	18.2934	12.0195	43.5493	5.47995
61.8427	18.2934	12.0195	43.5493	5.47995
62.0856	43.9929	5.40978	18.0927	12.0897
62.0856	43.9929	5.40978	18.0927	12.0897
56.9963	27.1353	9.13288	29.861	8.36661
56.9963	27.1353	9.13288	29.861	8.36661
64.7125	48.4461	4.76993	16.2665	12.7296
64.7125	48.4461	4.76993	16.2665	12.7296
57.0913	30.7416	8.13343	26.3497	9.36606
57.0913	30.7416	8.13343	26.3497	9.36606
65.6074	15.7505	12.9098	49.8569	4.58972
65.6074	15.7505	12.9098	49.8569	4.58972
73.1458	60.5996	3.49879	12.5462	14.0007
73.1458	60.5996	3.49879	12.5462	14.0007
64.0488	47.37	4.91432	16.6788	12.5852
64.0488	47.37	4.91432	16.6788	12.5852
57.685	33.6868	7.40423	23.9982	10.0953
57.685	33.6868	7.40423	23.9982	10.0953
58.0569	34.9653	7.11144	23.0916	10.388
58.0569	34.9653	7.11144	23.0916	10.388
64.3479	47.8583	4.84803	16.4896	12.6515
64.3479	47.8583	4.84803	16.4896	12.6515
64.3329	16.4989	12.6482	47.834	4.8513
64.3329	16.4989	12.6482	47.834	4.8513
80.0728	10.5714	14.625	69.5014	2.87446
80.0728	10.5714	14.625	69.5014	2.87446
58.6854	36.7807	6.71934	21.9047	10.7802
58.6854	36.7807	6.71934	21.9047	10.7802
86.3035	9.20278	15.0229	77.1007	2.47659
86.3035	9.20278	15.0229	77.1007	2.47659
64.1446	16.6176	12.6066	47.527	4.89286
64.1446	16.6176	12.6066	47.527	4.89286
59.2024	38.0864	6.45384	21.1159	11.0457
59.2024	38.0864	6.45384	21.1159	11.0457
58.5503	22.1345	10.7035	36.4158	6.79597
58.5503	22.1345	10.7035	36.4158	6.79597
81.392	10.256	14.7196	71.1359	2.77989
81.392	10.256	14.7196	71.1359	2.77989
85.3617	9.39164	14.97	75.9701	2.52947
85.3617	9.39164	14.97	75.9701	2.52947
64.6192	16.3228	12.7098	48.2964	4.78965
64.6192	16.3228	12.7098	48.2964	4.78965
82.4295	72.411	2.70976	10.0185	14.7897
82.4295	72.411	2.70976	10.0185	14.7897
57.7872	34.0604	7.31723	23.7268	10.1823
57.7872	34.0604	7.31723	23.7268	10.1823
56.9703	29.5082	8.46199	27.462	9.0375
56.9703	29.5082	8.46199	27.462	9.0375
85.2005	75.7759	2.53875	9.42454	14.9607
85.2005	75.7759	2.53875	9.42454	14.9607
79.617	68.9329	2.90865	10.6842	14.5908
79.617	68.9329	2.90865	10.6842	14.5908
85.2827	75.875	2.53401	9.40774	14.9655
85.2827	75.875	2.53401	9.40774	14.9655
56.9535	29.2009	8.54601	27.7526	8.95348
56.9535	29.2009	8.54601	27.7526	8.95348
66.0804	15.4941	12.9991	50.5863	4.50042
66.0804	15.4941	12.9991	50.5863	4.50042
60.7889	41.5342	5.81487	19.2547	11.6846
60.7889	41.5342	5.81487	19.2547	11.6846
116.061	111.033	1.52025	5.0278	15.9792
116.061	111.033	1.52025	5.0278	15.9792
57.473	32.8336	7.60754	24.6393	9.89195
57.473	32.8336	7.60754	24.6393	9.89195
57.3393	25.1216	9.74121	32.2178	7.75828
57.3393	25.1216	9.74121	32.2178	7.75828
100.404	93.5113	1.89225	6.89228	15.6072
100.404	93.5113	1.89225	6.89228	15.6072
61.0372	19.0132	11.7685	42.0239	5.73098
61.0372	19.0132	11.7685	42.0239	5.73098
57.6217	33.4446	7.4613	24.1771	10.0382
57.6217	33.4446	7.4613	24.1771	10.0382
62.3485	17.883	12.1631	44.4654	5.33637
62.3485	17.883	12.1631	44.4654	5.33637
60.9577	19.0893	11.742	41.8684	5.75744
60.9577	19.0893	11.742	41.8684	5.75744
58.5067	22.2112	10.678	36.2955	6.82146
58.5067	22.2112	10.678	36.2955	6.82146
56.9487	29.0848	8.57797	27.8638	8.92152
56.9487	29.0848	8.57797	27.8638	8.92152
57.257	31.7917	7.86454	25.4652	9.63495
57.257	31.7917	7.86454	25.4652	9.63495
56.9698	27.4697	9.03529	29.5001	8.4642
56.9698	27.4697	9.03529	29.5001	8.4642
59.4175	20.8216	11.1456	38.5959	6.35385
59.4175	20.8216	11.1456	38.5959	6.35385
105.906	6.17626	15.7617	99.7293	1.7378
105.906	6.17626	15.7617	99.7293	1.7378
65.015	48.9277	4.70728	16.0873	12.7922
65.015	48.9277	4.70728	16.0873	12.7922
156.022	154.358	1.12454	1.66461	16.375
156.022	154.358	1.12454	1.66461	16.375
65.0021	16.0948	12.7896	48.9072	4.70992
65.0021	16.0948	12.7896	48.9072	4.70992
58.4275	22.3539	10.6307	36.0736	6.86881
58.4275	22.3539	10.6307	36.0736	6.86881
64.4856	48.0812	4.81821	16.4044	12.6813
64.4856	48.0812	4.81821	16.4044	12.6813
63.8841	16.7856	12.5478	47.0985	4.95174
63.8841	16.7856	12.5478	47.0985	4.95174
57.8517	34.2866	7.26512	23.5651	10.2344
57.8517	34.2866	7.26512	23.5651	10.2344
65.6726	49.958	4.57719	15.7146	12.9223
65.6726	49.958	4.57719	15.7146	12.9223
142.802	140.152	1.20081	2.64993	16.2987
142.802	140.152	1.20081	2.64993	16.2987
95.6784	88.101	2.05253	7.5774	15.447
95.6784	88.101	2.05253	7.5774	15.447
64.1936	47.6071	4.88198	16.5865	12.6175
64.1936	47.6071	4.88198	16.5865	12.6175
63.6264	46.67	5.01161	16.9564	12.4879
63.6264	46.67	5.01161	16.9564	12.4879
76.9789	11.379	14.3759	65.5999	3.12356
76.9789	11.379	14.3759	65.5999	3.12356
64.9653	16.1164	12.782	48.8489	4.71745
64.9653	16.1164	12.782	48.8489	4.71745
63.9523	16.7412	12.5633	47.2112	4.93616
63.9523	16.7412	12.5633	47.2112	4.93616
67.1024	14.9735	13.1797	52.1289	4.31977
67.1024	14.9735	13.1797	52.1289	4.31977
75.5928	63.816	3.24961	11.7769	14.2499
75.5928	63.816	3.24961	11.7769	14.2499
89.5993	8.58287	15.1914	81.0164	2.30807
89.5993	8.58287	15.1914	81.0164	2.30807
57.1664	25.9054	9.50031	31.261	7.99918
57.1664	25.9054	9.50031	31.261	7.99918
111.442	5.52637	15.8895	105.915	1.60995
111.442	5.52637	15.8895	105.915	1.60995
76.703	11.4562	14.3516	65.2468	3.14786
76.703	11.4562	14.3516	65.2468	3.14786
57.9378	23.3596	10.3009	34.5782	7.19862
57.9378	23.3596	10.3009	34.5782	7.19862
62.4334	17.8168	12.1863	44.6166	5.31317
62.4334	17.8168	12.1863	44.6166	5.31317
57.0875	26.3748	9.35853	30.7127	8.14096
57.0875	26.3748	9.35853	30.7127	8.14096
65.0622	16.0598	12.8018	49.0024	4.69767
65.0622	16.0598	12.8018	49.0024	4.69767
57.0196	30.118	8.29783	26.9016	9.20166
57.0196	30.118	8.29783	26.9016	9.20166
68.7855	54.586	4.05358	14.1996	13.4459
68.7855	54.586	4.05358	14.1996	13.4459
58.8588	37.2331	6.62581	21.6256	10.8737
58.8588	37.2331	6.62581	21.6256	10.8737
57.1081	30.8669	8.10081	26.2412	9.39868
57.1081	30.8669	8.10081	26.2412	9.39868
61.0699	18.9821	11.7793	42.0878	5.72016
61.0699	18.9821	11.7793	42.0878	5.72016
57.1592	31.215	8.01097	25.9441	9.48852
57.1592	31.215	8.01097	25.9441	9.48852
57.5313	24.4504	9.95153	33.0809	7.54796
57.5313	24.4504	9.95153	33.0809	7.54796
87.05	77.993	2.43624	9.05696	15.0632
87.05	77.993	2.43624	9.05696	15.0632
58.3386	22.5197	10.5758	35.8189	6.92366
58.3386	22.5197	10.5758	35.8189	6.92366
111.179	105.624	1.61547	5.55576	15.884
111.179	105.624	1.61547	5.55576	15.884
72.7793	12.6698	13.9601	60.1096	3.53943
72.7793	12.6698	13.9601	60.1096	3.53943
87.9205	79.0295	2.39086	8.89105	15.1086
87.9205	79.0295	2.39086	8.89105	15.1086
74.956	62.9876	3.31099	11.9683	14.1885
74.956	62.9876	3.31099	11.9683	14.1885
99.3447	7.03959	15.5738	92.3051	1.92571
99.3447	7.03959	15.5738	92.3051	1.92571
60.4884	40.9271	5.92115	19.5614	11.5783
60.4884	40.9271	5.92115	19.5614	11.5783
69.809	13.7713	13.5917	56.0377	3.90779
69.809	13.7713	13.5917	56.0377	3.90779
69.1199	14.0564	13.4948	55.0635	4.00472
69.1199	14.0564	13.4948	55.0635	4.00472
111.388	5.5324	15.8884	105.855	1.61108
111.388	5.5324	15.8884	105.855	1.61108
96.4201	88.9552	2.02541	7.4649	15.4741
96.4201	88.9552	2.02541	7.4649	15.4741
83.6018	9.76042	14.8648	73.8413	2.63466
83.6018	9.76042	14.8648	73.8413	2.63466
57.1283	26.1189	9.43556	31.0093	8.06392
57.1283	26.1189	9.43556	31.0093	8.06392
61.5055	42.9217	5.5814	18.5839	11.9181
61.5055	42.9217	5.5814	18.5839	11.9181
67.6551	14.7088	13.2711	52.9464	4.22837
67.6551	14.7088	13.2711	52.9464	4.22837
91.9835	83.8141	2.2002	8.1694	15.2993
91.9835	83.8141	2.2002	8.1694	15.2993
60.8721	19.1725	11.7131	41.6996	5.78635
60.8721	19.1725	11.7131	41.6996	5.78635
128.836	3.805	16.1667	125.031	1.33283
128.836	3.805	16.1667	125.031	1.33283
76.2271	11.5917	14.3088	64.6354	3.1907
76.2271	11.5917	14.3088	64.6354	3.1907
90.088	8.4959	15.2144	81.5921	2.28507
90.088	8.4959	15.2144	81.5921	2.28507
59.9007	20.2159	11.3527	39.6847	6.14678
59.9007	20.2159	11.3527	39.6847	6.14678
70.1644	13.629	13.6398	56.5354	3.85965
70.1644	13.629	13.6398	56.5354	3.85965
64.1752	47.577	4.88606	16.5982	12.6134
64.1752	47.577	4.88606	16.5982	12.6134
56.937	28.3694	8.77764	28.5676	8.72185
56.937	28.3694	8.77764	28.5676	8.72185
58.3447	35.8366	6.91984	22.5081	10.5796
58.3447	35.8366	6.91984	22.5081	10.5796
77.0898	65.7416	3.11389	11.3482	14.3856
77.0898	65.7416	3.11389	11.3482	14.3856
66.4696	51.1788	4.42973	15.2908	13.0698
66.4696	51.1788	4.42973	15.2908	13.0698
111.503	105.984	1.60866	5.51947	15.8908
111.503	105.984	1.60866	5.51947	15.8908
67.6419	52.9269	4.23051	14.715	13.269
67.6419	52.9269	4.23051	14.715	13.269
93.5223	85.6062	2.13602	7.91613	15.3635
93.5223	85.6062	2.13602	7.91613	15.3635
58.1856	35.3648	7.0228	22.8208	10.4767
58.1856	35.3648	7.0228	22.8208	10.4767
161.623	1.26739	16.396	160.355	1.10352
161.623	1.26739	16.396	160.355	1.10352
64.023	16.6955	12.5793	47.3275	4.92014
64.023	16.6955	12.5793	47.3275	4.92014
66.7255	51.5649	4.38455	15.1605	13.1149
66.7255	51.5649	4.38455	15.1605	13.1149
151.464	1.99561	16.3531	149.469	1.14635
151.464	1.99561	16.3531	149.469	1.14635
75.4195	63.5911	3.2661	11.8284	14.2334
75.4195	63.5911	3.2661	11.8284	14.2334
57.7581	23.8018	10.1581	33.9563	7.34135
57.7581	23.8018	10.1581	33.9563	7.34135
105.47	6.23019	15.7505	99.2398	1.74895
105.47	6.23019	15.7505	99.2398	1.74895
57.7551	33.9454	7.34387	23.8097	10.1556
57.7551	33.9454	7.34387	23.8097	10.1556
57.647	33.5424	7.43821	24.1046	10.0613
57.647	33.5424	7.43821	24.1046	10.0613
57.4714	32.8269	7.60916	24.6445	9.89033
57.4714	32.8269	7.60916	24.6445	9.89033
61.531	18.5615	11.9259	42.9695	5.57358
61.531	18.5615	11.9259	42.9695	5.57358
78.1244	11.0679	14.473	67.0565	3.02648
78.1244	11.0679	14.473	67.0565	3.02648
58.892	37.3181	6.60842	21.5739	10.8911
58.892	37.3181	6.60842	21.5739	10.8911
57.0925	26.3418	9.36843	30.7507	8.13106
57.0925	26.3418	9.36843	30.7507	8.13106
57.9116	23.4209	10.281	34.4907	7.21849
57.9116	23.4209	10.281	34.4907	7.21849
71.3111	58.1205	3.71228	13.1905	13.7872
71.3111	58.1205	3.71228	13.1905	13.7872
68.7469	54.5306	4.0593	14.2163	13.4402
68.7469	54.5306	4.0593	14.2163	13.4402
59.6827	20.4805	11.262	39.2021	6.23747
59.6827	20.4805	11.262	39.2021	6.23747
56.9624	27.586	9.00156	29.3764	8.49793
56.9624	27.586	9.00156	29.3764	8.49793
84.9835	75.5144	2.55135	9.4691	14.9481
84.9835	75.5144	2.55135	9.4691	14.9481
68.1716	53.7005	4.14659	14.4711	13.3529
68.1716	53.7005	4.14659	14.4711	13.3529
57.3561	25.0565	9.76144	32.2996	7.73805
57.3561	25.0565	9.76144	32.2996	7.73805
76.8041	11.4278	14.3606	65.3763	3.13892
76.8041	11.4278	14.3606	65.3763	3.13892
58.8593	37.2344	6.62555	21.6249	10.8739
58.8593	37.2344	6.62555	21.6249	10.8739
118.055	4.82311	16.0139	113.232	1.4856
118.055	4.82311	16.0139	113.232	1.4856
65.9916	50.4501	4.51689	15.5415	12.9826
65.9916	50.4501	4.51689	15.5415	12.9826
89.0825	8.67616	15.1666	80.4063	2.33292
89.0825	8.67616	15.1666	80.4063	2.33292
99.1841	92.1218	1.9309	7.06224	15.5686
99.1841	92.1218	1.9309	7.06224	15.5686
58.307	35.7269	6.94361	22.5801	10.5559
58.307	35.7269	6.94361	22.5801	10.5559
60.8532	19.1911	11.7067	41.662	5.79281
60.8532	19.1911	11.7067	41.662	5.79281
76.5517	65.0527	3.16136	11.499	14.3381
76.5517	65.0527	3.16136	11.499	14.3381
81.9242	10.1331	14.756	71.7911	2.74347
81.9242	10.1331	14.756	71.7911	2.74347
59.0785	21.2936	10.9855	37.7849	6.51396
59.0785	21.2936	10.9855	37.7849	6.51396
57.5013	24.5461	9.9213	32.9552	7.57819
57.5013	24.5461	9.9213	32.9552	7.57819
131.538	127.968	1.30226	3.56941	16.1972
131.538	127.968	1.30226	3.56941	16.1972
57.4164	24.834	9.83087	32.5824	7.66862
57.4164	24.834	9.83087	32.5824	7.66862
97.0291	89.6551	2.00372	7.37399	15.4958
97.0291	89.6551	2.00372	7.37399	15.4958
73.757	61.4119	3.43304	12.3451	14.0664
73.757	61.4119	3.43304	12.3451	14.0664
58.1517	35.2613	7.04562	22.8904	10.4539
58.1517	35.2613	7.04562	22.8904	10.4539
57.0958	30.7756	8.12455	26.3201	9.37494
57.0958	30.7756	8.12455	26.3201	9.37494
57.6449	24.1104	10.0594	33.5346	7.44005
57.6449	24.1104	10.0594	33.5346	7.44005
69.6253	55.7793	3.93315	13.846	13.5663
69.6253	55.7793	3.93315	13.846	13.5663
65.2276	49.2633	4.66432	15.9643	12.8352
65.2276	49.2633	4.66432	15.9643	12.8352
60.5913	19.4544	11.6154	41.1369	5.88413
60.5913	19.4544	11.6154	41.1369	5.88413
57.0085	27.0083	9.17019	30.0001	8.3293
57.0085	27.0083	9.17019	30.0001	8.3293
65.6236	15.7416	12.9129	49.8821	4.5866
65.6236	15.7416	12.9129	49.8821	4.5866
89.986	81.4721	2.28983	8.51394	15.2097
89.986	81.4721	2.28983	8.51394	15.2097
59.2161	21.0966	11.0522	38.1196	6.44727
59.2161	21.0966	11.0522	38.1196	6.44727
130.672	127.027	1.31177	3.64421	16.1877
130.672	127.027	1.31177	3.64421	16.1877
74.4297	12.131	14.136	62.2987	3.36348
74.4297	12.131	14.136	62.2987	3.36348
64.6013	16.3337	12.706	48.2676	4.79345
64.6013	16.3337	12.706	48.2676	4.79345
65.8064	50.165	4.55169	15.6414	12.9478
65.8064	50.165	4.55169	15.6414	12.9478
61.5296	18.5626	11.9255	42.967	5.57398
61.5296	18.5626	11.9255	42.967	5.57398
58.0604	34.9763	7.10897	23.0841	10.3905
58.0604	34.9763	7.10897	23.0841	10.3905
57.319	32.1166	7.78336	25.2024	9.71613
57.319	32.1166	7.78336	25.2024	9.71613
57.3742	24.9878	9.78283	32.3865	7.71665
57.3742	24.9878	9.78283	32.3865	7.71665
108.751	5.83435	15.8305	102.917	1.66903
108.751	5.83435	15.8305	102.917	1.66903
74.3574	62.2037	3.37083	12.1537	14.1287
74.3574	62.2037	3.37083	12.1537	14.1287
57.812	23.6637	10.2026	34.1483	7.29692
57.812	23.6637	10.2026	34.1483	7.29692
80.1195	10.56	14.6285	69.5595	2.87101
80.1195	10.56	14.6285	69.5595	2.87101
75.4965	11.8055	14.2407	63.691	3.25876
75.4965	11.8055	14.2407	63.691	3.25876
63.9382	16.7503	12.5601	47.1879	4.93937
63.9382	16.7503	12.5601	47.1879	4.93937
66.394	51.0642	4.44328	15.3298	13.0562
66.394	51.0642	4.44328	15.3298	13.0562
66.3018	50.9241	4.45992	15.3777	13.0396
66.3018	50.9241	4.45992	15.3777	13.0396
149.699	2.12605	16.3435	147.573	1.15601
149.699	2.12605	16.3435	147.573	1.15601
57.1006	30.8118	8.11514	26.2888	9.38435
57.1006	30.8118	8.11514	26.2888	9.38435
109.409	103.651	1.65409	5.75779	15.8454
109.409	103.651	1.65409	5.75779	15.8454
66.7177	15.1645	13.1136	51.5532	4.38591
66.7177	15.1645	13.1136	51.5532	4.38591
129.842	3.71652	16.1784	126.125	1.32113
129.842	3.71652	16.1784	126.125	1.32113
60.6258	19.419	11.6276	41.2068	5.87186
60.6258	19.419	11.6276	41.2068	5.87186
57.4252	32.6222	7.6589	24.803	9.84059
57.4252	32.6222	7.6589	24.803	9.84059
56.9435	28.9332	8.6199	28.0103	8.87959
56.9435	28.9332	8.6199	28.0103	8.87959
63.7533	16.8717	12.5176	46.8816	4.98192
63.7533	16.8717	12.5176	46.8816	4.98192
103.371	96.8745	1.80515	6.49641	15.6943
103.371	96.8745	1.80515	6.49641	15.6943
56.9544	27.7335	8.95899	29.221	8.5405
56.9544	27.7335	8.95899	29.221	8.5405
58.0587	23.0878	10.3893	34.9708	7.1102
58.0587	23.0878	10.3893	34.9708	7.1102
66.2005	50.7698	4.47835	15.4307	13.0211
66.2005	50.7698	4.47835	15.4307	13.0211
57.1249	26.1387	9.42959	30.9862	8.0699
57.1249	26.1387	9.42959	30.9862	8.0699
66.4221	15.3153	13.0613	51.1068	4.43824
66.4221	15.3153	13.0613	51.1068	4.43824
89.7574	8.5546	15.1989	81.2028	2.30057
89.7574	8.5546	15.1989	81.2028	2.30057
73.5521	12.4118	14.0447	61.1403	3.45481
73.5521	12.4118	14.0447	61.1403	3.45481
58.4781	36.2158	6.83843	22.2623	10.6611
58.4781	36.2158	6.83843	22.2623	10.6611
60.5955	41.1455	5.88263	19.4501	11.6169
60.5955	41.1455	5.88263	19.4501	11.6169
56.9421	28.0606	8.86525	28.8815	8.63424
56.9421	28.0606	8.86525	28.8815	8.63424
67.0467	15.0007	13.1703	52.046	4.3292
67.0467	15.0007	13.1703	52.046	4.3292
82.3948	72.3685	2.71204	10.0263	14.7874
82.3948	72.3685	2.71204	10.0263	14.7874
114.541	109.353	1.54824	5.18792	15.9512
114.541	109.353	1.54824	5.18792	15.9512
118.725	113.969	1.47445	4.75562	16.025
118.725	113.969	1.47445	4.75562	16.025
62.6551	17.6473	12.2457	45.0078	5.25381
62.6551	17.6473	12.2457	45.0078	5.25381
57.6544	24.0835	10.068	33.571	7.43147
57.6544	24.0835	10.068	33.571	7.43147
66.2214	50.8017	4.47453	15.4197	13.025
66.2214	50.8017	4.47453	15.4197	13.025
57.0397	26.7273	9.25329	30.3124	8.2462
57.0397	26.7273	9.25329	30.3124	8.2462
60.9597	41.8723	5.75678	19.0874	11.7427
60.9597	41.8723	5.75678	19.0874	11.7427
88.1882	8.8409	15.1222	79.3473	2.37725
88.1882	8.8409	15.1222	79.3473	2.37725
90.1365	81.6492	2.28281	8.48732	15.2167
90.1365	81.6492	2.28281	8.48732	15.2167
57.3085	32.0634	7.7966	25.2451	9.70289
57.3085	32.0634	7.7966	25.2451	9.70289
68.951	14.1284	13.4702	54.8226	4.02925
68.951	14.1284	13.4702	54.8226	4.02925
60.5811	19.465	11.6117	41.1161	5.88779
60.5811	19.465	11.6117	41.1161	5.88779
119.934	115.299	1.45496	4.63539	16.0445
119.934	115.299	1.45496	4.63539	16.0445
67.3657	52.5198	4.2757	14.846	13.2238
67.3657	52.5198	4.2757	14.846	13.2238
56.9544	29.2208	8.54055	27.7336	8.95894
56.9544	29.2208	8.54055	27.7336	8.95894
58.2495	22.6923	10.5189	35.5572	6.98059
58.2495	22.6923	10.5189	35.5572	6.98059
56.9396	28.1685	8.83454	28.7711	8.66494
56.9396	28.1685	8.83454	28.7711	8.66494
84.0921	74.4366	2.60448	9.6555	14.895
84.0921	74.4366	2.60448	9.6555	14.895
63.4277	46.3361	5.05898	17.0916	12.4405
63.4277	46.3361	5.05898	17.0916	12.4405
56.9829	27.2914	9.08721	29.6915	8.41228
56.9829	27.2914	9.08721	29.6915	8.41228
57.4238	24.8079	9.83904	32.6159	7.66044
57.4238	24.8079	9.83904	32.6159	7.66044
57.6253	24.1666	10.0415	33.4587	7.45797
57.6253	24.1666	10.0415	33.4587	7.45797
57.5947	24.2563	10.013	33.3384	7.48649
57.5947	24.2563	10.013	33.3384	7.48649
75.0391	11.943	14.1966	63.0961	3.30285
75.0391	11.943	14.1966	63.0961	3.30285
59.0083	21.3973	10.9505	37.611	6.54895
59.0083	21.3973	10.9505	37.611	6.54895
56.937	28.3676	8.77813	28.5694	8.72136
56.937	28.3676	8.77813	28.5694	8.72136
57.61	24.2112	10.0273	33.3988	7.47216
57.61	24.2112	10.0273	33.3988	7.47216
61.3041	18.7646	11.8551	42.5395	5.64442
61.3041	18.7646	11.8551	42.5395	5.64442
90.3284	8.45355	15.2256	81.8748	2.27393
90.3284	8.45355	15.2256	81.8748	2.27393
108.615	102.764	1.67218	5.85037	15.8273
108.615	102.764	1.67218	5.85037	15.8273
60.3371	40.6145	5.97688	19.7226	11.5226
60.3371	40.6145	5.97688	19.7226	11.5226
62.9253	45.4782	5.18363	17.4471	12.3159
62.9253	45.4782	5.18363	17.4471	12.3159
60.0306	39.9664	6.09465	20.0642	11.4048
60.0306	39.9664	6.09465	20.0642	11.4048
86.0995	76.8563	2.48785	9.2432	15.0116
86.0995	76.8563	2.48785	9.2432	15.0116
81.558	71.3406	2.76842	10.2174	14.7311
81.558	71.3406	2.76842	10.2174	14.7311
63.1458	45.8574	5.12801	17.2884	12.3715
63.1458	45.8574	5.12801	17.2884	12.3715
81.6977	71.5126	2.75885	10.1851	14.7406
81.6977	71.5126	2.75885	10.1851	14.7406
76.4088	64.8692	3.17421	11.5396	14.3253
76.4088	64.8692	3.17421	11.5396	14.3253
68.6354	54.3705	4.07591	14.2649	13.4236
68.6354	54.3705	4.07591	14.2649	13.4236
65.2834	49.351	4.65319	15.9325	12.8463
65.2834	49.351	4.65319	15.9325	12.8463
65.2179	15.9699	12.8332	49.248	4.66626
65.2179	15.9699	12.8332	49.248	4.66626
73.1483	12.5453	14.001	60.603	3.49851
73.1483	12.5453	14.001	60.603	3.49851
66.9157	15.0654	13.1479	51.8503	4.35159
66.9157	15.0654	13.1479	51.8503	4.35159
132.784	129.322	1.28904	3.46288	16.2104
132.784	129.322	1.28904	3.46288	16.2104
78.2324	67.1931	3.01764	11.0394	14.4819
78.2324	67.1931	3.01764	11.0394	14.4819
63.0219	45.6447	5.1591	17.3771	12.3404
63.0219	45.6447	5.1591	17.3771	12.3404
56.9416	28.0797	8.85981	28.8619	8.63968
56.9416	28.0797	8.85981	28.8619	8.63968
81.2052	10.2997	14.7066	70.9055	2.7929
81.2052	10.2997	14.7066	70.9055	2.7929
79.4718	10.7205	14.5798	68.7514	2.91971
79.4718	10.7205	14.5798	68.7514	2.91971
92.5946	84.527	2.17423	8.06761	15.3253
92.5946	84.527	2.17423	8.06761	15.3253
57.5215	33.0404	7.55769	24.4812	9.9418
57.5215	33.0404	7.55769	24.4812	9.9418
61.6062	43.1106	5.55059	18.4956	11.9489
61.6062	43.1106	5.55059	18.4956	11.9489
57.7686	33.9941	7.33258	23.7745	10.1669
57.7686	33.9941	7.33258	23.7745	10.1669
64.802	48.5891	4.7512	16.2129	12.7483
64.802	48.5891	4.7512	16.2129	12.7483
61.8793	18.2627	12.0303	43.6166	5.46923
61.8793	18.2627	12.0303	43.6166	5.46923
57.0847	26.3934	9.35293	30.6913	8.14656
57.0847	26.3934	9.35293	30.6913	8.14656
57.8162	23.6532	10.2059	34.1629	7.29355
57.8162	23.6532	10.2059	34.1629	7.29355
71.5337	13.1088	13.8145	58.4249	3.68498
71.5337	13.1088	13.8145	58.4249	3.68498
57.3364	32.2033	7.76186	25.1331	9.73763
57.3364	32.2033	7.76186	25.1331	9.73763
57.2102	25.6825	9.56827	31.5276	7.93122
57.2102	25.6825	9.56827	31.5276	7.93122
56.9893	27.2144	9.10971	29.7749	8.38978
56.9893	27.2144	9.10971	29.7749	8.38978
154.382	152.6	1.13188	1.78279	16.3676
154.382	152.6	1.13188	1.78279	16.3676
58.1052	35.1174	7.07752	22.9878	10.422
58.1052	35.1174	7.07752	22.9878	10.422
58.4297	22.3499	10.632	36.0798	6.86748
58.4297	22.3499	10.632	36.0798	6.86748
58.1646	22.8637	10.4626	35.3009	7.03689
58.1646	22.8637	10.4626	35.3009	7.03689
77.8237	66.6756	3.05138	11.1481	14.4481
77.8237	66.6756	3.05138	11.1481	14.4481
64.1946	16.5859	12.6177	47.6087	4.88175
64.1946	16.5859	12.6177	47.6087	4.88175
64.6111	48.2834	4.79137	16.3277	12.7081
64.6111	48.2834	4.79137	16.3277	12.7081
57.5477	24.3991	9.96775	33.1486	7.53174
57.5477	24.3991	9.96775	33.1486	7.53174
56.9566	29.2655	8.52828	27.6911	8.9712
56.9566	29.2655	8.52828	27.6911	8.9712
78.3022	11.021	14.4875	67.2812	3.01196
78.3022	11.021	14.4875	67.2812	3.01196
88.2109	8.83666	15.1234	79.3743	2.3761
88.2109	8.83666	15.1234	79.3743	2.3761
56.9426	28.0432	8.87021	28.8994	8.62928
56.9426	28.0432	8.87021	28.8994	8.62928
60.7698	41.4963	5.82143	19.2736	11.6781
60.7698	41.4963	5.82143	19.2736	11.6781
57.2289	25.5933	9.59561	31.6356	7.90387
57.2289	25.5933	9.59561	31.6356	7.90387
62.1502	44.1097	5.39151	18.0405	12.108
62.1502	44.1097	5.39151	18.0405	12.108
69.6121	13.8514	13.5645	55.7607	3.93498
69.6121	13.8514	13.5645	55.7607	3.93498
56.9368	28.5151	8.7366	28.4217	8.76289
56.9368	28.5151	8.7366	28.4217	8.76289
124.057	4.23956	16.1055	119.817	1.39398
124.057	4.23956	16.1055	119.817	1.39398
61.8084	18.3223	12.0094	43.486	5.49007
61.8084	18.3223	12.0094	43.486	5.49007
103.752	97.3048	1.79463	6.44726	15.7049
103.752	97.3048	1.79463	6.44726	15.7049
83.776	74.0531	2.62386	9.72294	14.8756
83.776	74.0531	2.62386	9.72294	14.8756
56.9784	29.6295	8.42907	27.3489	9.07042
56.9784	29.6295	8.42907	27.3489	9.07042
71.1576	57.91	3.73134	13.2475	13.7681
71.1576	57.91	3.73134	13.2475	13.7681
63.4327	46.3446	5.05777	17.0881	12.4417
63.4327	46.3446	5.05777	17.0881	12.4417
74.5562	62.4647	3.35071	12.0915	14.1488
74.5562	62.4647	3.35071	12.0915	14.1488
68.0163	53.4747	4.17082	14.5416	13.3287
68.0163	53.4747	4.17082	14.5416	13.3287
61.4459	18.6368	11.8996	42.8091	5.59987
61.4459	18.6368	11.8996	42.8091	5.59987
68.1551	14.4785	13.3503	53.6765	4.14915
68.1551	14.4785	13.3503	53.6765	4.14915
57.3579	25.0495	9.76363	32.3085	7.73586
57.3579	25.0495	9.76363	32.3085	7.73586
76.8489	65.4336	3.13497	11.4153	14.3645
76.8489	65.4336	3.13497	11.4153	14.3645
58.6481	36.6811	6.74015	21.967	10.7593
58.6481	36.6811	6.74015	21.967	10.7593
71.4781	58.349	3.69176	13.1291	13.8077
71.4781	58.349	3.69176	13.1291	13.8077
72.898	12.6295	13.9733	60.2685	3.52617
72.898	12.6295	13.9733	60.2685	3.52617
102.113	95.4516	1.84092	6.66131	15.6586
102.113	95.4516	1.84092	6.66131	15.6586
62.486	44.7099	5.29894	17.7761	12.2006
62.486	44.7099	5.29894	17.7761	12.2006
61.8026	18.3272	12.0077	43.4754	5.49177
61.8026	18.3272	12.0077	43.4754	5.49177
74.8572	11.9985	14.1788	62.8586	3.32072
74.8572	11.9985	14.1788	62.8586	3.32072
70.2057	56.593	3.85414	13.6127	13.6454
70.2057	56.593	3.85414	13.6127	13.6454
60.0694	20.0198	11.4201	40.0495	6.07938
60.0694	20.0198	11.4201	40.0495	6.07938
97.298	89.9637	1.9943	7.33426	15.5052
97.298	89.9637	1.9943	7.33426	15.5052
74.2082	62.0075	3.38607	12.2007	14.1134
74.2082	62.0075	3.38607	12.2007	14.1134
63.9102	47.1417	4.94575	16.7685	12.5537
63.9102	47.1417	4.94575	16.7685	12.5537
135.761	3.21371	16.2399	132.548	1.25961
135.761	3.21371	16.2399	132.548	1.25961
58.2605	35.5898	6.97346	22.6707	10.526
58.2605	35.5898	6.97346	22.6707	10.526
71.1527	13.2493	13.7675	57.9034	3.73194
71.1527	13.2493	13.7675	57.9034	3.73194
59.823	20.3086	11.3209	39.5144	6.1786
59.823	20.3086	11.3209	39.5144	6.1786
57.3862	32.4426	7.70285	24.9435	9.79664
57.3862	32.4426	7.70285	24.9435	9.79664
70.2588	56.667	3.84707	13.5918	13.6524
70.2588	56.667	3.84707	13.5918	13.6524
148.092	145.846	1.16542	2.24598	16.3341
148.092	145.846	1.16542	2.24598	16.3341
71.7311	58.6939	3.66111	13.0372	13.8384
71.7311	58.6939	3.66111	13.0372	13.8384
57.446	32.7156	7.63617	24.7305	9.86331
57.446	32.7156	7.63617	24.7305	9.86331
59.8181	39.5035	6.18064	20.3146	11.3189
59.8181	39.5035	6.18064	20.3146	11.3189
67.6846	14.695	13.2759	52.9896	4.22361
67.6846	14.695	13.2759	52.9896	4.22361
69.3997	13.9391	13.5347	55.4607	3.96476
69.3997	13.9391	13.5347	55.4607	3.96476
57.3776	24.9751	9.78678	32.4025	7.71271
57.3776	24.9751	9.78678	32.4025	7.71271
72.8659	60.2255	3.52975	12.6404	13.9697
72.8659	60.2255	3.52975	12.6404	13.9697
79.2037	68.4156	2.94035	10.7881	14.5591
79.2037	68.4156	2.94035	10.7881	14.5591
64.6733	16.2901	12.7213	48.3833	4.77819
64.6733	16.2901	12.7213	48.3833	4.77819
58.358	35.8751	6.91151	22.4829	10.588
58.358	35.8751	6.91151	22.4829	10.588
59.149	21.1917	11.02	37.9573	6.47949
59.149	21.1917	11.02	37.9573	6.47949
60.3861	19.6699	11.5408	40.7162	5.95867
60.3861	19.6699	11.5408	40.7162	5.95867
65.4129	15.8591	12.8719	49.5538	4.62759
65.4129	15.8591	12.8719	49.5538	4.62759
133.316	3.41783	16.2159	129.899	1.28357
133.316	3.41783	16.2159	129.899	1.28357
57.6091	33.3951	7.47303	24.214	10.0265
57.6091	33.3951	7.47303	24.214	10.0265
60.5475	19.4997	11.5997	41.0478	5.89981
60.5475	19.4997	11.5997	41.0478	5.89981
62.4569	17.7986	12.1927	44.6584	5.3068
62.4569	17.7986	12.1927	44.6584	5.3068
68.578	14.29	13.415	54.288	4.08452
68.578	14.29	13.415	54.288	4.08452
60.3318	40.6035	5.97886	19.7283	11.5206
60.3318	40.6035	5.97886	19.7283	11.5206
57.6287	24.1569	10.0446	33.4719	7.45486
57.6287	24.1569	10.0446	33.4719	7.45486
59.6834	20.4796	11.2623	39.2038	6.23715
59.6834	20.4796	11.2623	39.2038	6.23715
92.0019	8.16631	15.3001	83.8356	2.19941
92.0019	8.16631	15.3001	83.8356	2.19941
62.2073	17.9947	12.124	44.2126	5.37548
62.2073	17.9947	12.124	44.2126	5.37548
60.4835	19.5665	11.5766	40.917	5.92293
60.4835	19.5665	11.5766	40.917	5.92293
57.3643	32.3389	7.72837	25.0254	9.77112
57.3643	32.3389	7.72837	25.0254	9.77112
57.0206	30.1281	8.29514	26.8926	9.20435
57.0206	30.1281	8.29514	26.8926	9.20435
57.1924	31.4221	7.95806	25.7704	9.54143
57.1924	31.4221	7.95806	25.7704	9.54143
60.6913	41.3389	5.84877	19.3524	11.6507
60.6913	41.3389	5.84877	19.3524	11.6507
94.7179	86.9918	2.08884	7.72608	15.4106
94.7179	86.9918	2.08884	7.72608	15.4106
59.6261	20.5514	11.2378	39.0747	6.26171
59.6261	20.5514	11.2378	39.0747	6.26171
65.8725	15.6056	12.9603	50.2669	4.5392
65.8725	15.6056	12.9603	50.2669	4.5392
57.3064	32.0527	7.79926	25.2537	9.70022
57.3064	32.0527	7.79926	25.2537	9.70022
94.493	86.7316	2.09755	7.76141	15.4019
94.493	86.7316	2.09755	7.76141	15.4019
63.1537	17.2829	12.3734	45.8708	5.12606
63.1537	17.2829	12.3734	45.8708	5.12606
57.3336	32.1893	7.76532	25.1442	9.73417
57.3336	32.1893	7.76532	25.1442	9.73417
109.5	103.753	1.65204	5.74719	15.8475
109.5	103.753	1.65204	5.74719	15.8475
57.0725	26.478	9.3276	30.5945	8.17189
57.0725	26.478	9.3276	30.5945	8.17189
80.1925	10.5422	14.6339	69.6504	2.86562
80.1925	10.5422	14.6339	69.6504	2.86562
103.367	96.8696	1.80527	6.49697	15.6942
103.367	96.8696	1.80527	6.49697	15.6942
79.2289	68.4472	2.9384	10.7817	14.5611
79.2289	68.4472	2.9384	10.7817	14.5611
63.2556	46.0447	5.10085	17.211	12.3986
63.2556	46.0447	5.10085	17.211	12.3986
63.2706	46.0701	5.09717	17.2005	12.4023
63.2706	46.0701	5.09717	17.2005	12.4023
56.9571	27.6818	8.97389	29.2753	8.52559
56.9571	27.6818	8.97389	29.2753	8.52559
64.3835	16.4674	12.6592	47.9161	4.84027
64.3835	16.4674	12.6592	47.9161	4.84027
62.7272	17.5932	12.2646	45.134	5.23484
62.7272	17.5932	12.2646	45.134	5.23484
57.3219	32.1313	7.77972	25.1906	9.71977
57.3219	32.1313	7.77972	25.1906	9.71977
56.9547	29.2264	8.53901	27.7283	8.96048
56.9547	29.2264	8.53901	27.7283	8.96048
71.0151	57.7142	3.74921	13.3009	13.7503
71.0151	57.7142	3.74921	13.3009	13.7503
80.5662	10.4516	14.6611	70.1146	2.83835
80.5662	10.4516	14.6611	70.1146	2.83835
59.3595	20.8992	11.1192	38.4603	6.38027
59.3595	20.8992	11.1192	38.4603	6.38027
61.0821	18.9706	11.7833	42.1116	5.71614
61.0821	18.9706	11.7833	42.1116	5.71614
56.9428	28.0336	8.87295	28.9093	8.62654
56.9428	28.0336	8.87295	28.9093	8.62654
65.5944	15.7578	12.9073	49.8367	4.59224
65.5944	15.7578	12.9073	49.8367	4.59224
59.7209	20.4331	11.2782	39.2878	6.22125
59.7209	20.4331	11.2782	39.2878	6.22125
57.0723	30.5926	8.17238	26.4797	9.3271
57.0723	30.5926	8.17238	26.4797	9.3271
57.0789	30.646	8.15841	26.433	9.34108
57.0789	30.646	8.15841	26.433	9.34108
65.6486	49.9208	4.5818	15.7278	12.9177
65.6486	49.9208	4.5818	15.7278	12.9177
63.833	16.8191	12.536	47.0139	4.96347
63.833	16.8191	12.536	47.0139	4.96347
57.4128	24.8469	9.82684	32.5659	7.67265
57.4128	24.8469	9.82684	32.5659	7.67265
94.8322	87.124	2.08445	7.70822	15.415
94.8322	87.124	2.08445	7.70822	15.415
94.2712	86.4747	2.10621	7.79644	15.3933
94.2712	86.4747	2.10621	7.79644	15.3933
66.5344	15.2575	13.0813	51.2768	4.4182
66.5344	15.2575	13.0813	51.2768	4.4182
71.065	13.2821	13.7566	57.7829	3.74293
71.065	13.2821	13.7566	57.7829	3.74293
84.6944	9.52895	14.9312	75.1655	2.56834
84.6944	9.52895	14.9312	75.1655	2.56834
100.431	6.8885	15.6081	93.5425	1.8914
100.431	6.8885	15.6081	93.5425	1.8914
67.7672	53.1108	4.21033	14.6564	13.2892
67.7672	53.1108	4.21033	14.6564	13.2892
84.915	75.4318	2.55535	9.48322	14.9441
84.915	75.4318	2.55535	9.48322	14.9441
62.2346	44.2617	5.36785	17.9729	12.1316
62.2346	44.2617	5.36785	17.9729	12.1316
63.0821	45.7483	5.14393	17.3338	12.3556
63.0821	45.7483	5.14393	17.3338	12.3556
59.4646	38.7053	6.33265	20.7593	11.1668
59.4646	38.7053	6.33265	20.7593	11.1668
59.4659	38.7083	6.33207	20.7576	11.1674
59.4659	38.7083	6.33207	20.7576	11.1674
76.7279	11.4492	14.3538	65.2787	3.14566
76.7279	11.4492	14.3538	65.2787	3.14566
58.7145	21.8567	10.7962	36.8579	6.70327
58.7145	21.8567	10.7962	36.8579	6.70327
73.5208	61.0987	3.45815	12.4221	14.0413
73.5208	61.0987	3.45815	12.4221	14.0413
65.5163	15.8012	12.8921	49.7151	4.60739
65.5163	15.8012	12.8921	49.7151	4.60739
58.1151	22.967	10.4288	35.1481	7.07071
58.1151	22.967	10.4288	35.1481	7.07071
70.1975	56.5816	3.85523	13.6159	13.6443
70.1975	56.5816	3.85523	13.6159	13.6443
97.896	90.6492	1.9737	7.24676	15.5258
97.896	90.6492	1.9737	7.24676	15.5258
91.8703	83.6819	2.20508	8.18843	15.2944
91.8703	83.6819	2.20508	8.18843	15.2944
58.3727	22.4553	10.5971	35.9175	6.90238
58.3727	22.4553	10.5971	35.9175	6.90238
83.0755	73.2005	2.66785	9.87499	14.8316
83.0755	73.2005	2.66785	9.87499	14.8316
77.7897	11.1573	14.4453	66.6324	3.05422
77.7897	11.1573	14.4453	66.6324	3.05422
67.8009	53.1601	4.20494	14.6408	13.2945
67.8009	53.1601	4.20494	14.6408	13.2945
79.4927	10.7153	14.5814	68.7774	2.91811
79.4927	10.7153	14.5814	68.7774	2.91811
57.4205	24.8196	9.83536	32.6008	7.66413
57.4205	24.8196	9.83536	32.6008	7.66413
58.2069	22.7774	10.4909	35.4295	7.00857
58.2069	22.7774	10.4909	35.4295	7.00857
77.5406	66.3161	3.07519	11.2245	14.4243
77.5406	66.3161	3.07519	11.2245	14.4243
83.7757	74.0526	2.62388	9.72301	14.8756
83.7757	74.0526	2.62388	9.72301	14.8756
61.0251	42.0004	5.73497	19.0247	11.7645
61.0251	42.0004	5.73497	19.0247	11.7645
62.8519	45.351	5.20247	17.5009	12.297
62.8519	45.351	5.20247	17.5009	12.297
79.1083	68.296	2.94777	10.8124	14.5517
79.1083	68.296	2.94777	10.8124	14.5517
90.2885	81.828	2.27577	8.46055	15.2237
90.2885	81.828	2.27577	8.46055	15.2237
57.6917	23.9796	10.1012	33.7121	7.39831
57.6917	23.9796	10.1012	33.7121	7.39831
64.5164	48.1309	4.81158	16.3855	12.6879
64.5164	48.1309	4.81158	16.3855	12.6879
68.2659	53.8372	4.13202	14.4286	13.3675
68.2659	53.8372	4.13202	14.4286	13.3675
58.2053	35.4246	7.00965	22.7807	10.4898
58.2053	35.4246	7.00965	22.7807	10.4898
65.32	15.9117	12.8536	49.4083	4.64594
65.32	15.9117	12.8536	49.4083	4.64594
57.9729	23.2786	10.3272	34.6944	7.17232
57.9729	23.2786	10.3272	34.6944	7.17232
82.7351	9.9502	14.8097	72.7849	2.68977
82.7351	9.9502	14.8097	72.7849	2.68977
70.7688	13.3942	13.719	57.3746	3.78052
70.7688	13.3942	13.719	57.3746	3.78052
81.4194	10.2496	14.7215	71.1698	2.77798
81.4194	10.2496	14.7215	71.1698	2.77798
61.0172	41.985	5.7376	19.0322	11.7619
61.0172	41.985	5.7376	19.0322	11.7619
60.7891	41.5347	5.81477	19.2544	11.6847
60.7891	41.5347	5.81477	19.2544	11.6847
57.7471	33.9163	7.35065	23.8308	10.1488
57.7471	33.9163	7.35065	23.8308	10.1488
57.2519	31.7642	7.87145	25.4877	9.62804
57.2519	31.7642	7.87145	25.4877	9.62804
60.0927	40.0995	6.07021	19.9932	11.4293
60.0927	40.0995	6.07021	19.9932	11.4293
58.4238	36.0632	6.87106	22.3607	10.6284
58.4238	36.0632	6.87106	22.3607	10.6284
63.5254	17.0247	12.4639	46.5007	5.03556
63.5254	17.0247	12.4639	46.5007	5.03556
126.57	4.00807	16.1388	122.562	1.36064
126.57	4.00807	16.1388	122.562	1.36064
67.6398	52.9238	4.23085	14.716	13.2686
67.6398	52.9238	4.23085	14.716	13.2686
70.7837	57.3952	3.77861	13.3885	13.7209
70.7837	57.3952	3.77861	13.3885	13.7209
78.3006	67.2792	3.01208	11.0214	14.4874
78.3006	67.2792	3.01208	11.0214	14.4874
105.996	6.1651	15.764	99.8311	1.73551
105.996	6.1651	15.764	99.8311	1.73551
57.264	31.8302	7.85488	25.4339	9.64461
57.264	31.8302	7.85488	25.4339	9.64461
61.9895	18.1714	12.0622	43.8181	5.43728
61.9895	18.1714	12.0622	43.8181	5.43728
103.726	97.2751	1.79535	6.45065	15.7041
103.726	97.2751	1.79535	6.45065	15.7041
60.0558	40.0205	6.08471	20.0353	11.4148
60.0558	40.0205	6.08471	20.0353	11.4148
59.0474	37.7082	6.52936	21.3392	10.9701
59.0474	37.7082	6.52936	21.3392	10.9701
69.4707	55.5611	3.95476	13.9097	13.5447
69.4707	55.5611	3.95476	13.9097	13.5447
67.9273	14.5824	13.3146	53.3449	4.18485
67.9273	14.5824	13.3146	53.3449	4.18485
64.67	48.3779	4.7789	16.2921	12.7206
64.67	48.3779	4.7789	16.2921	12.7206
58.8655	21.6152	10.8772	37.2503	6.62229
58.8655	21.6152	10.8772	37.2503	6.62229
56.9428	28.0348	8.87261	28.908	8.62687
56.9428	28.0348	8.87261	28.908	8.62687
97.9862	90.7525	1.97064	7.23367	15.5288
97.9862	90.7525	1.97064	7.23367	15.5288
63.1596	17.2787	12.3749	45.8809	5.12458
63.1596	17.2787	12.3749	45.8809	5.12458
57.3967	24.9051	9.80864	32.4916	7.69085
57.3967	24.9051	9.80864	32.4916	7.69085
57.2687	25.4134	9.65093	31.8554	7.84856
57.2687	25.4134	9.65093	31.8554	7.84856
59.8526	39.5794	6.16643	20.2732	11.3331
59.8526	39.5794	6.16643	20.2732	11.3331
62.0171	43.8685	5.42933	18.1486	12.0702
62.0171	43.8685	5.42933	18.1486	12.0702
60.7873	41.5311	5.81541	19.2562	11.6841
60.7873	41.5311	5.81541	19.2562	11.6841
58.9831	37.548	6.56169	21.4351	10.9378
58.9831	37.548	6.56169	21.4351	10.9378
58.0849	35.0538	7.09168	23.0311	10.4078
58.0849	35.0538	7.09168	23.0311	10.4078
57.7804	34.0363	7.3228	23.7441	10.1767
57.7804	34.0363	7.3228	23.7441	10.1767
57.0563	26.5965	9.2922	30.4598	8.20729
57.0563	26.5965	9.2922	30.4598	8.20729
60.649	19.3953	11.6358	41.2537	5.86365
60.649	19.3953	11.6358	41.2537	5.86365
70.5632	57.0901	3.80706	13.4731	13.6924
70.5632	57.0901	3.80706	13.4731	13.6924
60.1761	40.2766	6.0379	19.8994	11.4616
60.1761	40.2766	6.0379	19.8994	11.4616
57.6327	24.1455	10.0482	33.4871	7.45125
57.6327	24.1455	10.0482	33.4871	7.45125
58.115	22.9672	10.4287	35.1477	7.07079
58.115	22.9672	10.4287	35.1477	7.07079
57.0758	26.4549	9.33453	30.6209	8.16496
57.0758	26.4549	9.33453	30.6209	8.16496
71.2028	57.9721	3.72571	13.2307	13.7738
71.2028	57.9721	3.72571	13.2307	13.7738
59.531	20.6728	11.1963	38.8582	6.30316
59.531	20.6728	11.1963	38.8582	6.30316
57.0417	26.7113	9.25804	30.3303	8.24145
57.0417	26.7113	9.25804	30.3303	8.24145
130.083	3.69545	16.1811	126.387	1.31839
130.083	3.69545	16.1811	126.387	1.31839
63.4785	17.0567	12.4527	46.4217	5.04677
63.4785	17.0567	12.4527	46.4217	5.04677
68.6915	14.2404	13.4319	54.451	4.06754
68.6915	14.2404	13.4319	54.451	4.06754
110.006	5.68894	15.8587	104.317	1.6408
110.006	5.68894	15.8587	104.317	1.6408
68.4713	14.3371	13.3989	54.1343	4.10062
68.4713	14.3371	13.3989	54.1343	4.10062
66.6858	51.5053	4.39149	15.1806	13.108
66.6858	51.5053	4.39149	15.1806	13.108
56.9399	28.7863	8.66072	28.1536	8.83877
56.9399	28.7863	8.66072	28.1536	8.83877
74.9263	62.9489	3.3139	11.9774	14.1856
74.9263	62.9489	3.3139	11.9774	14.1856
61.1673	42.2767	5.68832	18.8906	11.8112
61.1673	42.2767	5.68832	18.8906	11.8112
57.1401	26.0505	9.45627	31.0896	8.04322
57.1401	26.0505	9.45627	31.0896	8.04322
78.5454	67.5881	2.9923	10.9573	14.5072
78.5454	67.5881	2.9923	10.9573	14.5072
81.0591	70.725	2.80316	10.3341	14.6963
81.0591	70.725	2.80316	10.3341	14.6963
64.4218	16.4438	12.6675	47.978	4.83198
64.4218	16.4438	12.6675	47.978	4.83198
58.5679	36.464	6.78579	22.1039	10.7137
58.5679	36.464	6.78579	22.1039	10.7137
57.1622	31.2343	8.00602	25.9279	9.49347
57.1622	31.2343	8.00602	25.9279	9.49347
78.0333	66.9412	3.03399	11.0921	14.4655
78.0333	66.9412	3.03399	11.0921	14.4655
101.361	94.5993	1.8631	6.76188	15.6364
101.361	94.5993	1.8631	6.76188	15.6364
71.5604	58.4614	3.68173	13.0991	13.8178
71.5604	58.4614	3.68173	13.0991	13.8178
57.1268	30.999	8.06659	26.1278	9.4329
57.1268	30.999	8.06659	26.1278	9.4329
61.9822	43.8049	5.43937	18.1773	12.0601
61.9822	43.8049	5.43937	18.1773	12.0601
88.4541	79.6627	2.36389	8.79146	15.1356
88.4541	79.6627	2.36389	8.79146	15.1356
97.3657	90.0414	1.99195	7.32429	15.5075
97.3657	90.0414	1.99195	7.32429	15.5075
58.7636	21.7768	10.823	36.9867	6.67654
58.7636	21.7768	10.823	36.9867	6.67654
59.7789	39.4169	6.1969	20.362	11.3026
59.7789	39.4169	6.1969	20.362	11.3026
57.0791	30.647	8.15813	26.432	9.34136
57.0791	30.647	8.15813	26.432	9.34136
58.8906	21.5761	10.8903	37.3145	6.60916
58.8906	21.5761	10.8903	37.3145	6.60916
69.4052	55.4684	3.96399	13.9368	13.5355
69.4052	55.4684	3.96399	13.9368	13.5355
84.767	75.2531	2.56405	9.51388	14.9354
84.767	75.2531	2.56405	9.51388	14.9354
66.9251	51.8644	4.34998	15.0608	13.1495
66.9251	51.8644	4.34998	15.0608	13.1495
77.7444	66.575	3.05801	11.1694	14.4415
77.7444	66.575	3.05801	11.1694	14.4415
79.3617	68.6136	2.92815	10.7482	14.5713
79.3617	68.6136	2.92815	10.7482	14.5713
83.5079	9.7807	14.859	73.7272	2.64052
83.5079	9.7807	14.859	73.7272	2.64052
84.1963	74.5629	2.59815	9.63342	14.9013
84.1963	74.5629	2.59815	9.63342	14.9013
77.8161	11.1502	14.4475	66.666	3.05201
77.8161	11.1502	14.4475	66.666	3.05201
60.6499	19.3944	11.6361	41.2555	5.86334
60.6499	19.3944	11.6361	41.2555	5.86334
86.4375	9.17635	15.0302	77.2611	2.46925
86.4375	9.17635	15.0302	77.2611	2.46925
64.3557	47.8709	4.84634	16.4848	12.6531
64.3557	47.8709	4.84634	16.4848	12.6531
66.048	50.5366	4.50641	15.5114	12.9931
66.048	50.5366	4.50641	15.5114	12.9931
120.262	115.659	1.4498	4.60312	16.0497
120.262	115.659	1.4498	4.60312	16.0497
73.2835	60.7831	3.48376	12.5003	14.0157
73.2835	60.7831	3.48376	12.5003	14.0157
62.0065	18.1573	12.0671	43.8492	5.43237
62.0065	18.1573	12.0671	43.8492	5.43237
161.253	159.96	1.10472	1.29334	16.3948
161.253	159.96	1.10472	1.29334	16.3948
57.1757	25.8564	9.51521	31.3193	7.98428
57.1757	25.8564	9.51521	31.3193	7.98428
59.7131	39.2703	6.22455	20.4428	11.2749
59.7131	39.2703	6.22455	20.4428	11.2749
57.2099	25.6839	9.56783	31.5259	7.93165
57.2099	25.6839	9.56783	31.5259	7.93165
120.147	115.532	1.45161	4.61445	16.0479
120.147	115.532	1.45161	4.61445	16.0479
60.5544	41.0619	5.89733	19.4925	11.6022
60.5544	41.0619	5.89733	19.4925	11.6022
59.4418	20.7893	11.1566	38.6525	6.34288
59.4418	20.7893	11.1566	38.6525	6.34288
56.9384	28.238	8.8148	28.7004	8.68469
56.9384	28.238	8.8148	28.7004	8.68469
57.002	27.0738	9.15092	29.9282	8.34857
57.002	27.0738	9.15092	29.9282	8.34857
62.7158	17.6018	12.2616	45.114	5.23785
62.7158	17.6018	12.2616	45.114	5.23785
58.5838	22.0765	10.7228	36.5073	6.77665
58.5838	22.0765	10.7228	36.5073	6.77665
76.6302	65.1534	3.15434	11.4768	14.3451
76.6302	65.1534	3.15434	11.4768	14.3451
64.4294	16.439	12.6692	47.9904	4.83033
64.4294	16.439	12.6692	47.9904	4.83033
74.8014	12.0157	14.1733	62.7857	3.32624
74.8014	12.0157	14.1733	62.7857	3.32624
74.1805	12.2095	14.1106	61.971	3.38892
74.1805	12.2095	14.1106	61.971	3.38892
124.029	4.24219	16.1051	119.787	1.39437
124.029	4.24219	16.1051	119.787	1.39437
57.4256	24.8015	9.84105	32.6241	7.65844
57.4256	24.8015	9.84105	32.6241	7.65844
73.7042	12.3623	14.0609	61.3419	3.43862
73.7042	12.3623	14.0609	61.3419	3.43862
62.7796	45.2253	5.22119	17.5543	12.2783
62.7796	45.2253	5.22119	17.5543	12.2783
60.216	19.855	11.4769	40.361	6.02259
60.216	19.855	11.4769	40.361	6.02259
68.8083	14.1897	13.4493	54.6186	4.0502
68.8083	14.1897	13.4493	54.6186	4.0502
59.3709	20.8838	11.1244	38.4871	6.37504
59.3709	20.8838	11.1244	38.4871	6.37504
124.602	120.413	1.38652	4.18878	16.113
124.602	120.413	1.38652	4.18878	16.113
119.749	115.095	1.45789	4.65366	16.0416
119.749	115.095	1.45789	4.65366	16.0416
61.0602	18.9913	11.7761	42.069	5.72335
61.0602	18.9913	11.7761	42.069	5.72335
57.4351	24.7681	9.8515	32.667	7.64799
57.4351	24.7681	9.8515	32.667	7.64799
87.4022	78.4129	2.41767	8.98932	15.0818
87.4022	78.4129	2.41767	8.98932	15.0818
57.4356	24.7666	9.85198	32.669	7.64751
57.4356	24.7666	9.85198	32.669	7.64751
70.3053	56.7318	3.8409	13.5735	13.6586
70.3053	56.7318	3.8409	13.5735	13.6586
59.3894	38.5305	6.36659	20.859	11.1329
59.3894	38.5305	6.36659	20.859	11.1329
57.2508	31.7578	7.87306	25.4929	9.62643
57.2508	31.7578	7.87306	25.4929	9.62643
57.286	31.9469	7.82564	25.3391	9.67384
57.286	31.9469	7.82564	25.3391	9.67384
57.0812	30.6636	8.15379	26.4176	9.34569
57.0812	30.6636	8.15379	26.4176	9.34569
60.8039	41.5641	5.8097	19.2398	11.6898
60.8039	41.5641	5.8097	19.2398	11.6898
57.1095	30.8766	8.09831	26.2329	9.40118
57.1095	30.8766	8.09831	26.2329	9.40118
58.0636	34.9865	7.10669	23.0771	10.3928
58.0636	34.9865	7.10669	23.0771	10.3928
105.719	99.52	1.74255	6.19927	15.7569
105.719	99.52	1.74255	6.19927	15.7569
57.0285	30.2061	8.27439	26.8224	9.2251
57.0285	30.2061	8.27439	26.8224	9.2251
71.7942	13.0145	13.8459	58.7798	3.65355
71.7942	13.0145	13.8459	58.7798	3.65355
66.1673	50.7191	4.48443	15.4482	13.0151
66.1673	50.7191	4.48443	15.4482	13.0151
85.0181	75.5561	2.54934	9.46198	14.9502
85.0181	75.5561	2.54934	9.46198	14.9502
89.6588	8.57222	15.1942	81.0866	2.30524
89.6588	8.57222	15.1942	81.0866	2.30524
73.5997	12.3963	14.0498	61.2034	3.44973
73.5997	12.3963	14.0498	61.2034	3.44973
56.9367	28.4487	8.75529	28.488	8.7442
56.9367	28.4487	8.75529	28.488	8.7442
57.2052	31.4986	7.93859	25.7066	9.5609
57.2052	31.4986	7.93859	25.7066	9.5609
57.7243	33.833	7.37004	23.8913	10.1294
57.7243	33.833	7.37004	23.8913	10.1294
79.3425	10.753	14.5699	68.5894	2.92963
79.3425	10.753	14.5699	68.5894	2.92963
81.1612	70.8512	2.79598	10.3101	14.7035
81.1612	70.8512	2.79598	10.3101	14.7035
59.6748	39.1844	6.24084	20.4904	11.2587
59.6748	39.1844	6.24084	20.4904	11.2587
62.0107	18.1539	12.0683	43.8569	5.43116
62.0107	18.1539	12.0683	43.8569	5.43116
60.3592	19.6987	11.5309	40.6606	5.96862
60.3592	19.6987	11.5309	40.6606	5.96862
57.0755	26.4566	9.33399	30.6189	8.1655
57.0755	26.4566	9.33399	30.6189	8.1655
126.223	122.183	1.36509	4.03965	16.1344
126.223	122.183	1.36509	4.03965	16.1344
61.9288	18.2215	12.0447	43.7072	5.45482
61.9288	18.2215	12.0447	43.7072	5.45482
58.3153	35.7511	6.93836	22.5642	10.5611
58.3153	35.7511	6.93836	22.5642	10.5611
82.9442	9.90389	14.8232	73.0403	2.67626
82.9442	9.90389	14.8232	73.0403	2.67626
56.9395	28.7667	8.66617	28.1728	8.83332
56.9395	28.7667	8.66617	28.1728	8.83332
57.8306	23.6173	10.2175	34.2132	7.28197
57.8306	23.6173	10.2175	34.2132	7.28197
62.2379	44.2676	5.36694	17.9703	12.1325
62.2379	44.2676	5.36694	17.9703	12.1325
75.6657	11.7553	14.2568	63.9104	3.24274
75.6657	11.7553	14.2568	63.9104	3.24274
58.1843	35.361	7.02363	22.8233	10.4759
58.1843	35.361	7.02363	22.8233	10.4759
58.2206	35.4706	6.99955	22.75	10.4999
58.2206	35.4706	6.99955	22.75	10.4999
63.6915	16.9129	12.5032	46.7786	4.99634
63.6915	16.9129	12.5032	46.7786	4.99634
81.4795	10.2356	14.7257	71.2438	2.77383
81.4795	10.2356	14.7257	71.2438	2.77383
130.464	3.66227	16.1854	126.801	1.31409
130.464	3.66227	16.1854	126.801	1.31409
118.461	113.679	1.47882	4.78214	16.0207
118.461	113.679	1.47882	4.78214	16.0207
104.149	97.753	1.78381	6.39641	15.7157
104.149	97.753	1.78381	6.39641	15.7157
58.7837	21.7445	10.8338	37.0392	6.66571
58.7837	21.7445	10.8338	37.0392	6.66571
68.0042	53.4571	4.17272	14.5471	13.3268
68.0042	53.4571	4.17272	14.5471	13.3268
155.404	153.695	1.12724	1.70906	16.3722
155.404	153.695	1.12724	1.70906	16.3722
110.828	5.59544	15.8765	105.232	1.62296
110.828	5.59544	15.8765	105.232	1.62296
66.3905	51.0589	4.44391	15.3316	13.0556
66.3905	51.0589	4.44391	15.3316	13.0556
97.7368	7.26994	15.5203	90.4668	1.97914
97.7368	7.26994	15.5203	90.4668	1.97914
61.3108	18.7585	11.8572	42.5522	5.64231
61.3108	18.7585	11.8572	42.5522	5.64231
62.2148	44.2261	5.37337	17.9887	12.1261
62.2148	44.2261	5.37337	17.9887	12.1261
71.9402	12.9622	13.8633	58.978	3.63618
71.9402	12.9622	13.8633	58.978	3.63618
58.0658	23.0724	10.3943	34.9933	7.10517
58.0658	23.0724	10.3943	34.9933	7.10517
149.819	2.11709	16.3442	147.702	1.15532
149.819	2.11709	16.3442	147.702	1.15532
63.5613	17.0004	12.4725	46.5609	5.02702
63.5613	17.0004	12.4725	46.5609	5.02702
138.878	2.96005	16.2677	135.918	1.23181
138.878	2.96005	16.2677	135.918	1.23181
57.1712	25.8799	9.50806	31.2913	7.99142
57.1712	25.8799	9.50806	31.2913	7.99142
163.419	162.277	1.09804	1.14177	16.4014
163.419	162.277	1.09804	1.14177	16.4014
74.188	12.2071	14.1113	61.9808	3.38815
74.188	12.2071	14.1113	61.9808	3.38815
56.9367	28.4665	8.75025	28.4702	8.74924
56.9367	28.4665	8.75025	28.4702	8.74924
82.9975	73.1053	2.67284	9.89215	14.8266
82.9975	73.1053	2.67284	9.89215	14.8266
95.9568	7.53494	15.4572	88.4219	2.04225
95.9568	7.53494	15.4572	88.4219	2.04225
56.982	29.679	8.41566	27.3029	9.08383
56.982	29.679	8.41566	27.3029	9.08383
62.1945	18.005	12.1204	44.1895	5.37906
62.1945	18.005	12.1204	44.1895	5.37906
80.0835	69.5147	2.87367	10.5688	14.6258
80.0835	69.5147	2.87367	10.5688	14.6258
128.334	3.84955	16.1607	124.485	1.33882
128.334	3.84955	16.1607	124.485	1.33882
81.8093	71.6499	2.75125	10.1594	14.7482
81.8093	71.6499	2.75125	10.1594	14.7482
61.4513	18.632	11.9013	42.8193	5.59819
61.4513	18.632	11.9013	42.8193	5.59819
77.9255	11.1209	14.4566	66.8047	3.0429
77.9255	11.1209	14.4566	66.8047	3.0429
68.1111	53.6127	4.15599	14.4984	13.3435
68.1111	53.6127	4.15599	14.4984	13.3435
57.0935	30.7586	8.12899	26.3349	9.3705
57.0935	30.7586	8.12899	26.3349	9.3705
129.142	125.364	1.32923	3.77801	16.1703
129.142	125.364	1.32923	3.77801	16.1703
63.3558	46.2147	5.07636	17.1411	12.4231
63.3558	46.2147	5.07636	17.1411	12.4231
69.594	55.7351	3.93751	13.8589	13.562
69.594	55.7351	3.93751	13.8589	13.562
61.5319	18.5606	11.9262	42.9712	5.57329
61.5319	18.5606	11.9262	42.9712	5.57329
64.0379	16.6858	12.5827	47.3521	4.91677
64.0379	16.6858	12.5827	47.3521	4.91677
57.1823	31.3604	7.97378	25.8219	9.52571
57.1823	31.3604	7.97378	25.8219	9.52571
58.0858	23.0292	10.4084	35.0566	7.09107
58.0858	23.0292	10.4084	35.0566	7.09107
57.3473	25.0906	9.75082	32.2566	7.74867
57.3473	25.0906	9.75082	32.2566	7.74867
64.9281	48.7899	4.72509	16.1382	12.7744
64.9281	48.7899	4.72509	16.1382	12.7744
59.9641	39.8228	6.12117	20.1413	11.3783
59.9641	39.8228	6.12117	20.1413	11.3783
57.6078	33.3899	7.47426	24.2179	10.0252
57.6078	33.3899	7.47426	24.2179	10.0252
66.304	15.3765	13.04	50.9276	4.4595
66.304	15.3765	13.04	50.9276	4.4595
57.6168	24.1914	10.0336	33.4254	7.46584
57.6168	24.1914	10.0336	33.4254	7.46584
74.2551	12.1859	14.1182	62.0693	3.38126
74.2551	12.1859	14.1182	62.0693	3.38126
120.633	116.067	1.44403	4.56674	16.0555
120.633	116.067	1.44403	4.56674	16.0555
75.8944	11.6881	14.2782	64.2063	3.22133
75.8944	11.6881	14.2782	64.2063	3.22133
72.8624	12.6415	13.9694	60.2209	3.53013
72.8624	12.6415	13.9694	60.2209	3.53013
63.4684	46.4047	5.04919	17.0636	12.4503
63.4684	46.4047	5.04919	17.0636	12.4503
82.1507	10.0815	14.7712	72.0692	2.72825
82.1507	10.0815	14.7712	72.0692	2.72825
83.7348	9.73177	14.8731	74.0031	2.6264
83.7348	9.73177	14.8731	74.0031	2.6264
89.8227	81.2797	2.29749	8.54297	15.202
89.8227	81.2797	2.29749	8.54297	15.202
77.7777	11.1605	14.4443	66.6172	3.05523
77.7777	11.1605	14.4443	66.6172	3.05523
105.781	99.5897	1.74097	6.1916	15.7585
105.781	99.5897	1.74097	6.1916	15.7585
84.8821	75.3921	2.55728	9.49003	14.9422
84.8821	75.3921	2.55728	9.49003	14.9422
100.906	6.82349	15.6227	94.0828	1.87682
100.906	6.82349	15.6227	94.0828	1.87682
61.9354	43.7193	5.45291	18.2161	12.0466
61.9354	43.7193	5.45291	18.2161	12.0466
60.7834	41.5233	5.81674	19.2601	11.6827
60.7834	41.5233	5.81674	19.2601	11.6827
56.9566	29.2655	8.52829	27.6911	8.9712
56.9566	29.2655	8.52829	27.6911	8.9712
128.574	124.746	1.33594	3.82821	16.1635
128.574	124.746	1.33594	3.82821	16.1635
57.1181	26.1797	9.4172	30.9384	8.08229
57.1181	26.1797	9.4172	30.9384	8.08229
60.6754	19.3685	11.6451	41.3069	5.85436
60.6754	19.3685	11.6451	41.3069	5.85436
64.8916	16.1598	12.7669	48.7318	4.73262
64.8916	16.1598	12.7669	48.7318	4.73262
58.5052	22.2139	10.6771	36.2914	6.82235
58.5052	22.2139	10.6771	36.2914	6.82235
71.1305	57.8728	3.73473	13.2576	13.7648
71.1305	57.8728	3.73473	13.2576	13.7648
93.0225	85.0251	2.15643	7.99731	15.3431
93.0225	85.0251	2.15643	7.99731	15.3431
66.9396	15.0536	13.152	51.886	4.3475
66.9396	15.0536	13.152	51.886	4.3475
57.8338	23.6093	10.2201	34.2245	7.27938
57.8338	23.6093	10.2201	34.2245	7.27938
115.021	5.13699	15.9602	109.884	1.53925
115.021	5.13699	15.9602	109.884	1.53925
57.626	24.1648	10.0421	33.4612	7.45739
57.626	24.1648	10.0421	33.4612	7.45739
113.048	5.34885	15.9223	107.7	1.57716
113.048	5.34885	15.9223	107.7	1.57716
62.9687	45.5532	5.17256	17.4155	12.3269
62.9687	45.5532	5.17256	17.4155	12.3269
57.4391	32.6849	7.64363	24.7543	9.85585
57.4391	32.6849	7.64363	24.7543	9.85585
72.7927	60.1275	3.53793	12.6652	13.9616
72.7927	60.1275	3.53793	12.6652	13.9616
60.7282	41.4129	5.8359	19.3153	11.6636
60.7282	41.4129	5.8359	19.3153	11.6636
60.8023	41.561	5.81022	19.2413	11.6893
60.8023	41.561	5.81022	19.2413	11.6893
57.1717	31.2947	7.99056	25.877	9.50893
57.1717	31.2947	7.99056	25.877	9.50893
126.339	4.02909	16.1359	122.31	1.3636
126.339	4.02909	16.1359	122.31	1.3636
78.3237	67.3084	3.0102	11.0153	14.4893
78.3237	67.3084	3.0102	11.0153	14.4893
57.3215	25.1925	9.71919	32.1289	7.7803
57.3215	25.1925	9.71919	32.1289	7.7803
58.636	21.9874	10.7525	36.6486	6.74696
58.636	21.9874	10.7525	36.6486	6.74696
57.2794	31.912	7.83437	25.3673	9.66511
57.2794	31.912	7.83437	25.3673	9.66511
70.0341	13.6808	13.6223	56.3533	3.87716
70.0341	13.6808	13.6223	56.3533	3.87716
65.9621	15.5573	12.9771	50.4048	4.5224
65.9621	15.5573	12.9771	50.4048	4.5224
70.7495	13.4015	13.7165	57.348	3.78299
70.7495	13.4015	13.7165	57.348	3.78299
70.1797	13.623	13.6419	56.5568	3.8576
70.1797	13.623	13.6419	56.5568	3.8576
110.24	5.66219	15.8638	104.578	1.63567
110.24	5.66219	15.8638	104.578	1.63567
58.1742	22.844	10.4691	35.3301	7.03044
58.1742	22.844	10.4691	35.3301	7.03044
87.8529	8.90379	15.1052	78.9491	2.39433
87.8529	8.90379	15.1052	78.9491	2.39433
57.1333	31.0436	8.05509	26.0897	9.4444
57.1333	31.0436	8.05509	26.0897	9.4444
72.7916	60.126	3.53806	12.6656	13.9614
72.7916	60.126	3.53806	12.6656	13.9614
60.432	40.811	5.94176	19.6209	11.5577
60.432	40.811	5.94176	19.6209	11.5577
59.3836	20.8668	11.1302	38.5169	6.36924
59.3836	20.8668	11.1302	38.5169	6.36924
57.0937	26.3333	9.37098	30.7605	8.12851
57.0937	26.3333	9.37098	30.7605	8.12851
73.6101	61.2173	3.44861	12.3929	14.0509
73.6101	61.2173	3.44861	12.3929	14.0509
57.4197	24.8222	9.83456	32.5975	7.66492
57.4197	24.8222	9.83456	32.5975	7.66492
57.6899	33.7053	7.39992	23.9846	10.0996
57.6899	33.7053	7.39992	23.9846	10.0996
57.0132	30.0512	8.31565	26.962	9.18384
57.0132	30.0512	8.31565	26.962	9.18384
58.4474	22.3175	10.6427	36.1299	6.85676
58.4474	22.3175	10.6427	36.1299	6.85676
128.297	124.444	1.33926	3.85286	16.1602
128.297	124.444	1.33926	3.85286	16.1602
57.3154	25.2171	9.71158	32.0983	7.78791
57.3154	25.2171	9.71158	32.0983	7.78791
57.3299	25.159	9.72959	32.1709	7.7699
57.3299	25.159	9.72959	32.1709	7.7699
86.609	77.4663	2.45991	9.14269	15.0396
86.609	77.4663	2.45991	9.14269	15.0396
58.1111	35.1357	7.07346	22.9754	10.426
58.1111	35.1357	7.07346	22.9754	10.426
57.1992	25.7366	9.55174	31.4626	7.94775
57.1992	25.7366	9.55174	31.4626	7.94775
56.942	28.0638	8.86433	28.8782	8.63516
56.942	28.0638	8.86433	28.8782	8.63516
64.0683	16.6663	12.5896	47.402	4.90993
64.0683	16.6663	12.5896	47.402	4.90993
61.1301	18.9255	11.799	42.2046	5.70045
61.1301	18.9255	11.799	42.2046	5.70045
63.9242	47.1647	4.94257	16.7595	12.5569
63.9242	47.1647	4.94257	16.7595	12.5569
65.3043	49.3838	4.64904	15.9205	12.8505
65.3043	49.3838	4.64904	15.9205	12.8505
83.5754	73.8093	2.6363	9.76611	14.8632
83.5754	73.8093	2.6363	9.76611	14.8632
57.0132	30.0511	8.31566	26.9621	9.18383
57.0132	30.0511	8.31566	26.9621	9.18383
57.201	25.7273	9.55457	31.4737	7.94492
57.201	25.7273	9.55457	31.4737	7.94492
57.2469	25.5103	9.62109	31.7366	7.8784
57.2469	25.5103	9.62109	31.7366	7.8784
78.7797	67.8831	2.97361	10.8966	14.5259
78.7797	67.8831	2.97361	10.8966	14.5259
59.1011	37.8402	6.50286	21.2608	10.9966
59.1011	37.8402	6.50286	21.2608	10.9966
90.113	8.49148	15.2156	81.6215	2.2839
90.113	8.49148	15.2156	81.6215	2.2839
124.222	119.997	1.39171	4.22419	16.1078
124.222	119.997	1.39171	4.22419	16.1078
63.9547	16.7396	12.5639	47.2151	4.93562
63.9547	16.7396	12.5639	47.2151	4.93562
66.6881	51.5088	4.39108	15.1794	13.1084
66.6881	51.5088	4.39108	15.1794	13.1084
81.0632	10.3332	14.6966	70.7301	2.80287
81.0632	10.3332	14.6966	70.7301	2.80287
105.63	99.4202	1.74482	6.21027	15.7547
105.63	99.4202	1.74482	6.21027	15.7547
74.3446	12.1577	14.1274	62.1869	3.37213
74.3446	12.1577	14.1274	62.1869	3.37213
70.5526	57.0755	3.80844	13.4772	13.6911
70.5526	57.0755	3.80844	13.4772	13.6911
137.112	134.009	1.24721	3.10297	16.2523
137.112	134.009	1.24721	3.10297	16.2523
57.2206	25.6323	9.58365	31.5883	7.91584
57.2206	25.6323	9.58365	31.5883	7.91584
62.9648	45.5465	5.17355	17.4183	12.3259
62.9648	45.5465	5.17355	17.4183	12.3259
73.9749	61.7	3.41019	12.275	14.0893
73.9749	61.7	3.41019	12.275	14.0893
58.1932	22.8053	10.4818	35.3878	7.01773
58.1932	22.8053	10.4818	35.3878	7.01773
68.1698	14.4719	13.3526	53.6979	4.14686
68.1698	14.4719	13.3526	53.6979	4.14686
97.2615	7.33964	15.5039	89.9218	1.99557
97.2615	7.33964	15.5039	89.9218	1.99557
72.8331	12.6515	13.9661	60.1816	3.53341
72.8331	12.6515	13.9661	60.1816	3.53341
57.2488	25.5019	9.62367	31.7469	7.87582
57.2488	25.5019	9.62367	31.7469	7.87582
60.502	19.5471	11.5833	40.9549	5.91622
60.502	19.5471	11.5833	40.9549	5.91622
57.3511	32.2751	7.74411	25.076	9.75538
57.3511	32.2751	7.74411	25.076	9.75538
73.1164	60.5604	3.50202	12.556	13.9975
73.1164	60.5604	3.50202	12.556	13.9975
57.5188	24.49	9.93901	33.0288	7.56048
57.5188	24.49	9.93901	33.0288	7.56048
77.2	65.8823	3.10434	11.3178	14.3951
77.2	65.8823	3.10434	11.3178	14.3951
73.8182	12.3254	14.0729	61.4928	3.4266
73.8182	12.3254	14.0729	61.4928	3.4266
72.1852	12.8754	13.8921	59.3098	3.60738
72.1852	12.8754	13.8921	59.3098	3.60738
126.624	122.621	1.35995	4.00317	16.1395
126.624	122.621	1.35995	4.00317	16.1395
75.1104	63.189	3.2959	11.9214	14.2036
75.1104	63.189	3.2959	11.9214	14.2036
70.5878	13.4636	13.6956	57.1242	3.80386
70.5878	13.4636	13.6956	57.1242	3.80386
131.487	3.57379	16.1967	127.913	1.30281
131.487	3.57379	16.1967	127.913	1.30281
59.3992	20.8459	11.1373	38.5533	6.36215
59.3992	20.8459	11.1373	38.5533	6.36215
87.5466	78.5849	2.41014	8.96178	15.0894
87.5466	78.5849	2.41014	8.96178	15.0894
58.1755	22.8413	10.47	35.3343	7.02952
58.1755	22.8413	10.47	35.3343	7.02952
58.2933	22.6066	10.5471	35.6867	6.95236
58.2933	22.6066	10.5471	35.6867	6.95236
59.2042	38.0907	6.45298	21.1134	11.0465
59.2042	38.0907	6.45298	21.1134	11.0465
74.5486	12.0939	14.148	62.4547	3.35148
74.5486	12.0939	14.148	62.4547	3.35148
75.905	11.6851	14.2791	64.22	3.22035
75.905	11.6851	14.2791	64.22	3.22035
67.4511	52.6459	4.26162	14.8052	13.2379
67.4511	52.6459	4.26162	14.8052	13.2379
77.2437	11.3057	14.3989	65.938	3.10057
77.2437	11.3057	14.3989	65.938	3.10057
56.9481	29.0713	8.58171	27.8769	8.91778
56.9481	29.0713	8.58171	27.8769	8.91778
59.9909	39.8807	6.11045	20.1102	11.389
59.9909	39.8807	6.11045	20.1102	11.389
56.9384	28.2416	8.8138	28.6968	8.68569
56.9384	28.2416	8.8138	28.6968	8.68569
56.9961	27.1369	9.13242	29.8593	8.36707
56.9961	27.1369	9.13242	29.8593	8.36707
82.4993	72.4964	2.70517	10.0028	14.7943
82.4993	72.4964	2.70517	10.0028	14.7943
58.3661	22.4678	10.593	35.8983	6.90652
58.3661	22.4678	10.593	35.8983	6.90652
62.3522	17.8801	12.1642	44.4722	5.33534
62.3522	17.8801	12.1642	44.4722	5.33534
58.9013	37.3419	6.60358	21.5595	10.8959
58.9013	37.3419	6.60358	21.5595	10.8959
63.8015	46.9616	4.97075	16.8399	12.5287
63.8015	46.9616	4.97075	16.8399	12.5287
78.3716	11.0028	14.4932	67.3688	3.00632
78.3716	11.0028	14.4932	67.3688	3.00632
57.8805	23.4951	10.257	34.3854	7.24252
57.8805	23.4951	10.257	34.3854	7.24252
64.175	16.5983	12.6134	47.5768	4.88609
64.175	16.5983	12.6134	47.5768	4.88609
67.2545	14.8995	13.2053	52.355	4.29419
67.2545	14.8995	13.2053	52.355	4.29419
64.4536	16.4241	12.6744	48.0295	4.8251
64.4536	16.4241	12.6744	48.0295	4.8251
84.729	9.52176	14.9332	75.2072	2.56629
84.729	9.52176	14.9332	75.2072	2.56629
58.9864	21.4301	10.9395	37.5563	6.56
58.9864	21.4301	10.9395	37.5563	6.56
112.692	107.304	1.58428	5.38784	15.9152
112.692	107.304	1.58428	5.38784	15.9152
59.0904	37.814	6.50811	21.2763	10.9914
59.0904	37.814	6.50811	21.2763	10.9914
75.2554	11.8776	14.2176	63.3778	3.28185
75.2554	11.8776	14.2176	63.3778	3.28185
81.519	10.2265	14.7284	71.2925	2.77111
81.519	10.2265	14.7284	71.2925	2.77111
71.4073	13.1551	13.7991	58.2522	3.70043
71.4073	13.1551	13.7991	58.2522	3.70043
57.0247	30.1691	8.28421	26.8556	9.21528
57.0247	30.1691	8.28421	26.8556	9.21528
65.9044	50.3161	4.5332	15.5883	12.9663
65.9044	50.3161	4.5332	15.5883	12.9663
57.5942	24.2579	10.0125	33.3363	7.48699
57.5942	24.2579	10.0125	33.3363	7.48699
76.534	65.03	3.16295	11.504	14.3365
76.534	65.03	3.16295	11.504	14.3365
58.1631	22.8669	10.4616	35.2962	7.03793
58.1631	22.8669	10.4616	35.2962	7.03793
57.8834	34.3952	7.24027	23.4882	10.2592
57.8834	34.3952	7.24027	23.4882	10.2592
57.7316	33.8598	7.3638	23.8718	10.1357
57.7316	33.8598	7.3638	23.8718	10.1357
158.752	157.282	1.11352	1.46983	16.386
158.752	157.282	1.11352	1.46983	16.386
64.2837	47.7539	4.86209	16.5297	12.6374
64.2837	47.7539	4.86209	16.5297	12.6374
58.2032	35.4183	7.01104	22.785	10.4885
58.2032	35.4183	7.01104	22.785	10.4885
58.2429	22.7054	10.5146	35.5375	6.9849
58.2429	22.7054	10.5146	35.5375	6.9849
62.4942	44.7244	5.29672	17.7698	12.2028
62.4942	44.7244	5.29672	17.7698	12.2028
58.2551	35.5738	6.97697	22.6813	10.5225
58.2551	35.5738	6.97697	22.6813	10.5225
61.9013	43.6568	5.46283	18.2444	12.0367
61.9013	43.6568	5.46283	18.2444	12.0367
88.2421	79.4113	2.37453	8.83085	15.125
88.2421	79.4113	2.37453	8.83085	15.125
114.103	108.868	1.55659	5.2348	15.9429
114.103	108.868	1.55659	5.2348	15.9429
59.5516	20.6463	11.2054	38.9053	6.29411
59.5516	20.6463	11.2054	38.9053	6.29411
57.9287	34.5479	7.20549	23.3808	10.294
57.9287	34.5479	7.20549	23.3808	10.294
56.9523	27.7795	8.94574	29.1728	8.55375
56.9523	27.7795	8.94574	29.1728	8.55375
130.952	127.332	1.30866	3.61989	16.1908
130.952	127.332	1.30866	3.61989	16.1908
67.0621	52.0689	4.32659	14.9932	13.1729
67.0621	52.0689	4.32659	14.9932	13.1729
105.353	99.1088	1.75196	6.24468	15.7475
105.353	99.1088	1.75196	6.24468	15.7475
58.7932	21.7293	10.8389	37.0639	6.66059
58.7932	21.7293	10.8389	37.0639	6.66059
64.784	16.2236	12.7445	48.5604	4.75496
64.784	16.2236	12.7445	48.5604	4.75496
63.2659	17.2038	12.4012	46.0622	5.09832
63.2659	17.2038	12.4012	46.0622	5.09832
70.4829	13.5042	13.682	56.9788	3.81753
70.4829	13.5042	13.682	56.9788	3.81753
80.2076	69.6691	2.86451	10.5385	14.635
80.2076	69.6691	2.86451	10.5385	14.635
87.164	9.03498	15.0693	78.1291	2.4302
87.164	9.03498	15.0693	78.1291	2.4302
165.997	0.962756	16.4083	165.034	1.09123
165.997	0.962756	16.4083	165.034	1.09123
57.408	24.864	9.82148	32.544	7.67801
57.408	24.864	9.82148	32.544	7.67801
58.4737	36.2037	6.84101	22.27	10.6585
58.4737	36.2037	6.84101	22.27	10.6585
61.3792	42.6827	5.62069	18.6965	11.8788
61.3792	42.6827	5.62069	18.6965	11.8788
57.6223	24.1754	10.0387	33.4469	7.46076
57.6223	24.1754	10.0387	33.4469	7.46076
83.5214	9.77778	14.8598	73.7436	2.63968
83.5214	9.77778	14.8598	73.7436	2.63968
97.3582	90.0328	1.99221	7.32539	15.5073
97.3582	90.0328	1.99221	7.32539	15.5073
62.7195	17.599	12.2626	45.1204	5.23689
62.7195	17.599	12.2626	45.1204	5.23689
57.0464	26.6734	9.26933	30.3731	8.23016
57.0464	26.6734	9.26933	30.3731	8.23016
62.9147	45.46	5.18633	17.4548	12.3132
62.9147	45.46	5.18633	17.4548	12.3132
77.695	66.5123	3.06216	11.1828	14.4373
77.695	66.5123	3.06216	11.1828	14.4373
85.0349	9.45853	14.9511	75.5763	2.54836
85.0349	9.45853	14.9511	75.5763	2.54836
70.4171	56.8874	3.82615	13.5298	13.6733
70.4171	56.8874	3.82615	13.5298	13.6733
57.3422	25.1102	9.74475	32.2321	7.75474
57.3422	25.1102	9.74475	32.2321	7.75474
58.6152	36.5923	6.75876	22.0228	10.7407
58.6152	36.5923	6.75876	22.0228	10.7407
75.4714	63.6585	3.26114	11.8129	14.2383
75.4714	63.6585	3.26114	11.8129	14.2383
69.3418	55.3786	3.97296	13.9632	13.5265
69.3418	55.3786	3.97296	13.9632	13.5265
86.75	77.6348	2.4523	9.11516	15.0472
86.75	77.6348	2.4523	9.11516	15.0472
62.0329	43.8971	5.42482	18.1357	12.0747
62.0329	43.8971	5.42482	18.1357	12.0747
74.5598	62.4695	3.35035	12.0904	14.1491
74.5598	62.4695	3.35035	12.0904	14.1491
76.6552	65.1855	3.15212	11.4697	14.3474
76.6552	65.1855	3.15212	11.4697	14.3474
76.959	11.3845	14.3742	65.5745	3.1253
76.959	11.3845	14.3742	65.5745	3.1253
92.8223	8.03009	15.3348	84.7922	2.16472
92.8223	8.03009	15.3348	84.7922	2.16472
115.836	110.785	1.5243	5.05124	15.9752
115.836	110.785	1.5243	5.05124	15.9752
68.4755	54.1402	4.1	14.3352	13.3995
68.4755	54.1402	4.1	14.3352	13.3995
56.9402	28.7986	8.65728	28.1415	8.8422
56.9402	28.7986	8.65728	28.1415	8.8422
58.4913	36.2528	6.83054	22.2385	10.6689
58.4913	36.2528	6.83054	22.2385	10.6689
59.7593	20.386	11.2944	39.3733	6.2051
59.7593	20.386	11.2944	39.3733	6.2051
79.6614	10.6731	14.5942	68.9883	2.90528
79.6614	10.6731	14.5942	68.9883	2.90528
85.0185	75.5566	2.54931	9.4619	14.9502
85.0185	75.5566	2.54931	9.4619	14.9502
58.3956	35.983	6.88827	22.4126	10.6112
58.3956	35.983	6.88827	22.4126	10.6112
67.2803	14.887	13.2096	52.3933	4.28989
67.2803	14.887	13.2096	52.3933	4.28989
59.6111	39.0407	6.26818	20.5704	11.2313
59.6111	39.0407	6.26818	20.5704	11.2313
57.1199	30.9507	8.0791	26.1692	9.42039
57.1199	30.9507	8.0791	26.1692	9.42039
58.3445	22.5085	10.5795	35.836	6.91997
58.3445	22.5085	10.5795	35.836	6.91997
75.1332	11.9145	14.2058	63.2188	3.29368
75.1332	11.9145	14.2058	63.2188	3.29368
68.3778	53.9992	4.11485	14.3786	13.3846
68.3778	53.9992	4.11485	14.3786	13.3846
71.9661	59.0131	3.63311	12.953	13.8664
71.9661	59.0131	3.63311	12.953	13.8664
62.1125	44.0415	5.40216	18.071	12.0973
62.1125	44.0415	5.40216	18.071	12.0973
69.6272	13.8453	13.5666	55.782	3.93288
69.6272	13.8453	13.5666	55.782	3.93288
129.265	125.497	1.3278	3.76718	16.1717
129.265	125.497	1.3278	3.76718	16.1717
58.1158	35.1502	7.07024	22.9656	10.4292
58.1158	35.1502	7.07024	22.9656	10.4292
59.8597	39.5949	6.16353	20.2647	11.336
59.8597	39.5949	6.16353	20.2647	11.336
62.5741	44.8654	5.2753	17.7087	12.2242
62.5741	44.8654	5.2753	17.7087	12.2242
58.513	22.2	10.6817	36.3131	6.81774
58.513	22.2	10.6817	36.3131	6.81774
63.202	45.9533	5.11408	17.2487	12.3854
63.202	45.9533	5.11408	17.2487	12.3854
70.4068	13.5338	13.672	56.8731	3.82751
70.4068	13.5338	13.672	56.8731	3.82751
73.2562	12.5094	14.0128	60.7468	3.48673
73.2562	12.5094	14.0128	60.7468	3.48673
57.245	25.519	9.6184	31.7259	7.88109
57.245	25.519	9.6184	31.7259	7.88109
62.2742	44.3326	5.35686	17.9415	12.1426
62.2742	44.3326	5.35686	17.9415	12.1426
101.175	94.3883	1.86868	6.78699	15.6308
101.175	94.3883	1.86868	6.78699	15.6308
58.2222	22.7468	10.501	35.4754	6.9985
58.2222	22.7468	10.501	35.4754	6.9985
59.016	37.6301	6.5451	21.3859	10.9544
59.016	37.6301	6.5451	21.3859	10.9544
69.2614	13.9968	13.5151	55.2646	3.98441
69.2614	13.9968	13.5151	55.2646	3.98441
59.2022	21.1163	11.0455	38.0859	6.45394
59.2022	21.1163	11.0455	38.0859	6.45394
57.8789	23.4989	10.2557	34.38	7.24375
57.8789	23.4989	10.2557	34.38	7.24375
67.6891	14.6928	13.2766	52.9963	4.22288
67.6891	14.6928	13.2766	52.9963	4.22288
62.6745	17.6328	12.2508	45.0417	5.2487
62.6745	17.6328	12.2508	45.0417	5.2487
58.2157	22.7597	10.4967	35.4561	7.00274
58.2157	22.7597	10.4967	35.4561	7.00274
69.9176	13.7275	13.6065	56.1901	3.89295
69.9176	13.7275	13.6065	56.1901	3.89295
75.0268	11.9468	14.1954	63.08	3.30406
75.0268	11.9468	14.1954	63.08	3.30406
72.7318	60.0459	3.54477	12.686	13.9547
72.7318	60.0459	3.54477	12.686	13.9547
62.2049	17.9966	12.1233	44.2083	5.37614
62.2049	17.9966	12.1233	44.2083	5.37614
60.646	19.3985	11.6348	41.2475	5.86474
60.646	19.3985	11.6348	41.2475	5.86474
133.67	130.282	1.27998	3.38801	16.2195
133.67	130.282	1.27998	3.38801	16.2195
70.4483	13.5176	13.6774	56.9307	3.82206
70.4483	13.5176	13.6774	56.9307	3.82206
70.0587	13.671	13.6256	56.3877	3.87384
70.0587	13.671	13.6256	56.3877	3.87384
59.2181	21.0939	11.0531	38.1242	6.44636
59.2181	21.0939	11.0531	38.1242	6.44636
57.5302	33.0766	7.54899	24.4536	9.9505
57.5302	33.0766	7.54899	24.4536	9.9505
79.4825	68.7647	2.91889	10.7178	14.5806
79.4825	68.7647	2.91889	10.7178	14.5806
57.9609	23.3062	10.3182	34.6547	7.18128
57.9609	23.3062	10.3182	34.6547	7.18128
56.9482	27.8746	8.91843	29.0736	8.58106
56.9482	27.8746	8.91843	29.0736	8.58106
87.6479	78.7053	2.40489	8.94255	15.0946
87.6479	78.7053	2.40489	8.94255	15.0946
106.5	6.10338	15.7766	100.397	1.72287
106.5	6.10338	15.7766	100.397	1.72287
82.3229	72.2804	2.71679	10.0425	14.7827
82.3229	72.2804	2.71679	10.0425	14.7827
57.1336	26.0878	9.44499	31.0458	8.0545
57.1336	26.0878	9.44499	31.0458	8.0545
75.0543	11.9384	14.1981	63.1159	3.30137
75.0543	11.9384	14.1981	63.1159	3.30137
74.2668	12.1822	14.1194	62.0846	3.38006
74.2668	12.1822	14.1194	62.0846	3.38006
76.983	65.6051	3.1232	11.3779	14.3763
76.983	65.6051	3.1232	11.3779	14.3763
58.4363	22.3378	10.636	36.0986	6.86348
58.4363	22.3378	10.636	36.0986	6.86348
145.336	142.881	1.18298	2.45459	16.3165
145.336	142.881	1.18298	2.45459	16.3165
67.039	52.0344	4.33052	15.0046	13.169
67.039	52.0344	4.33052	15.0046	13.169
60.7283	19.3151	11.6636	41.4132	5.83584
60.7283	19.3151	11.6636	41.4132	5.83584
70.3594	56.807	3.83376	13.5523	13.6657
70.3594	56.807	3.83376	13.5523	13.6657
57.9879	34.7432	7.1613	23.2447	10.3382
57.9879	34.7432	7.1613	23.2447	10.3382
72.373	59.5633	3.58562	12.8097	13.9139
72.373	59.5633	3.58562	12.8097	13.9139
125.118	120.977	1.37957	4.14096	16.1199
125.118	120.977	1.37957	4.14096	16.1199
59.4515	38.6748	6.33855	20.7766	11.1609
59.4515	38.6748	6.33855	20.7766	11.1609
124.124	4.23333	16.1064	119.89	1.39306
124.124	4.23333	16.1064	119.89	1.39306
60.4292	40.8053	5.94279	19.6239	11.5567
60.4292	40.8053	5.94279	19.6239	11.5567
60.0773	20.0107	11.4232	40.0666	6.07624
60.0773	20.0107	11.4232	40.0666	6.07624
78.05	66.9623	3.03261	11.0877	14.4669
78.05	66.9623	3.03261	11.0877	14.4669
57.9248	23.3899	10.291	34.5348	7.20846
57.9248	23.3899	10.291	34.5348	7.20846
59.9157	20.1982	11.3588	39.7175	6.14069
59.9157	20.1982	11.3588	39.7175	6.14069
71.5743	13.094	13.8194	58.4802	3.68005
71.5743	13.094	13.8194	58.4802	3.68005
60.4142	19.6398	11.5512	40.7744	5.94828
60.4142	19.6398	11.5512	40.7744	5.94828
57.745	23.8362	10.1471	33.9088	7.35239
57.745	23.8362	10.1471	33.9088	7.35239
62.2119	44.2208	5.3742	17.9911	12.1253
62.2119	44.2208	5.3742	17.9911	12.1253
98.7891	7.11826	15.5557	91.6708	1.94381
98.7891	7.11826	15.5557	91.6708	1.94381
59.1803	21.1471	11.0351	38.0332	6.4644
59.1803	21.1471	11.0351	38.0332	6.4644
59.0105	21.394	10.9517	37.6165	6.54784
59.0105	21.394	10.9517	37.6165	6.54784
72.1094	12.9021	13.8833	59.2073	3.61624
72.1094	12.9021	13.8833	59.2073	3.61624
58.6798	36.7657	6.72246	21.9141	10.777
58.6798	36.7657	6.72246	21.9141	10.777
128.989	125.197	1.33103	3.79152	16.1685
128.989	125.197	1.33103	3.79152	16.1685
65.1567	16.0051	12.8209	49.1516	4.67855
65.1567	16.0051	12.8209	49.1516	4.67855
57.0347	26.7691	9.2409	30.2656	8.25859
57.0347	26.7691	9.2409	30.2656	8.25859
90.5359	8.41722	15.2351	82.1187	2.2644
90.5359	8.41722	15.2351	82.1187	2.2644
85.6637	76.3332	2.51226	9.33047	14.9872
85.6637	76.3332	2.51226	9.33047	14.9872
65.5486	49.7654	4.60111	15.7832	12.8984
65.5486	49.7654	4.60111	15.7832	12.8984
76.5958	65.1093	3.15742	11.4865	14.3421
76.5958	65.1093	3.15742	11.4865	14.3421
105.582	99.3653	1.74608	6.21632	15.7534
105.582	99.3653	1.74608	6.21632	15.7534
126.382	4.02512	16.1365	122.357	1.36304
126.382	4.02512	16.1365	122.357	1.36304
77.1135	65.7719	3.11183	11.3416	14.3877
77.1135	65.7719	3.11183	11.3416	14.3877
57.3664	25.0173	9.77363	32.3491	7.72586
57.3664	25.0173	9.77363	32.3491	7.72586
66.0215	15.5255	12.9882	50.496	4.51134
66.0215	15.5255	12.9882	50.496	4.51134
118.245	4.8039	16.0171	113.441	1.48241
118.245	4.8039	16.0171	113.441	1.48241
120.238	4.60544	16.0493	115.633	1.45017
120.238	4.60544	16.0493	115.633	1.45017
61.7503	18.3716	11.9922	43.3788	5.50727
61.7503	18.3716	11.9922	43.3788	5.50727
70.0113	56.3213	3.88024	13.6899	13.6192
70.0113	56.3213	3.88024	13.6899	13.6192
106.648	6.08539	15.7803	100.562	1.71921
106.648	6.08539	15.7803	100.562	1.71921
57.1869	25.7985	9.53284	31.3883	7.96665
57.1869	25.7985	9.53284	31.3883	7.96665
104.542	98.1955	1.77328	6.34655	15.7262
104.542	98.1955	1.77328	6.34655	15.7262
70.3778	13.5451	13.6682	56.8327	3.83133
70.3778	13.5451	13.6682	56.8327	3.83133
57.8081	23.6734	10.1994	34.1347	7.30006
57.8081	23.6734	10.1994	34.1347	7.30006
58.4058	22.3938	10.6174	36.0119	6.88206
58.4058	22.3938	10.6174	36.0119	6.88206
56.9982	27.1148	9.1389	29.8834	8.36059
56.9982	27.1148	9.1389	29.8834	8.36059
56.9434	28.0158	8.87803	28.9276	8.62146
56.9434	28.0158	8.87803	28.9276	8.62146
66.3727	15.3408	13.0524	51.032	4.4471
66.3727	15.3408	13.0524	51.032	4.4471
64.3586	16.483	12.6538	47.8756	4.84571
64.3586	16.483	12.6538	47.8756	4.84571
124.155	4.23037	16.1069	119.925	1.39262
124.155	4.23037	16.1069	119.925	1.39262
60.6655	41.287	5.85784	19.3785	11.6417
60.6655	41.287	5.85784	19.3785	11.6417
137.537	134.469	1.24341	3.06832	16.2561
137.537	134.469	1.24341	3.06832	16.2561
60.5839	41.1219	5.88677	19.462	11.6127
60.5839	41.1219	5.88677	19.462	11.6127
66.8822	51.8002	4.35735	15.0821	13.1421
66.8822	51.8002	4.35735	15.0821	13.1421
150.753	2.04801	16.3493	148.705	1.15016
150.753	2.04801	16.3493	148.705	1.15016
57.1241	26.1435	9.42814	30.9806	8.07135
57.1241	26.1435	9.42814	30.9806	8.07135
56.9528	29.1843	8.55058	27.7685	8.94891
56.9528	29.1843	8.55058	27.7685	8.94891
56.9477	29.0608	8.58461	27.887	8.91488
56.9477	29.0608	8.58461	27.887	8.91488
118.645	113.882	1.47576	4.76359	16.0237
118.645	113.882	1.47576	4.76359	16.0237
57.968	34.6782	7.17597	23.2898	10.3235
57.968	34.6782	7.17597	23.2898	10.3235
56.9431	28.0261	8.87509	28.917	8.6244
56.9431	28.0261	8.87509	28.917	8.6244
147.532	145.244	1.16883	2.28802	16.3307
147.532	145.244	1.16883	2.28802	16.3307
58.9655	37.5038	6.57063	21.4616	10.9289
58.9655	37.5038	6.57063	21.4616	10.9289
56.9432	28.0197	8.87691	28.9235	8.62258
56.9432	28.0197	8.87691	28.9235	8.62258
81.6203	71.4173	2.76414	10.203	14.7353
81.6203	71.4173	2.76414	10.203	14.7353
69.3003	13.9805	13.5206	55.3198	3.97887
69.3003	13.9805	13.5206	55.3198	3.97887
94.2985	7.7921	15.3944	86.5064	2.10513
94.2985	7.7921	15.3944	86.5064	2.10513
72.7937	60.1289	3.53782	12.6649	13.9617
72.7937	60.1289	3.53782	12.6649	13.9617
62.9688	45.5533	5.17254	17.4155	12.3269
62.9688	45.5533	5.17254	17.4155	12.3269
57.736	33.8757	7.3601	23.8603	10.1394
57.736	33.8757	7.3601	23.8603	10.1394
85.9905	76.7256	2.49391	9.26491	15.0056
85.9905	76.7256	2.49391	9.26491	15.0056
56.992	29.8087	8.38068	27.1833	9.11881
56.992	29.8087	8.38068	27.1833	9.11881
99.3062	7.04502	15.5725	92.2612	1.92695
99.3062	7.04502	15.5725	92.2612	1.92695
57.4257	32.6244	7.65836	24.8012	9.84113
57.4257	32.6244	7.65836	24.8012	9.84113
86.106	76.864	2.48749	9.24192	15.012
86.106	76.864	2.48749	9.24192	15.012
76.3433	11.5583	14.3194	64.785	3.18013
76.3433	11.5583	14.3194	64.785	3.18013
62.2647	17.9491	12.14	44.3156	5.3595
62.2647	17.9491	12.14	44.3156	5.3595
57.9103	23.4241	10.28	34.4862	7.21952
57.9103	23.4241	10.28	34.4862	7.21952
60.195	19.8783	11.4689	40.3166	6.03063
60.195	19.8783	11.4689	40.3166	6.03063
57.1363	31.0643	8.04974	26.072	9.44975
57.1363	31.0643	8.04974	26.072	9.44975
59.2003	21.1189	11.0447	38.0814	6.45483
59.2003	21.1189	11.0447	38.0814	6.45483
66.751	15.1477	13.1194	51.6033	4.38009
66.751	15.1477	13.1194	51.6033	4.38009
57.8881	34.4112	7.23662	23.4769	10.2629
57.8881	34.4112	7.23662	23.4769	10.2629
67.0979	14.9757	13.179	52.1222	4.32052
67.0979	14.9757	13.179	52.1222	4.32052
110.952	105.371	1.62029	5.58133	15.8792
110.952	105.371	1.62029	5.58133	15.8792
61.6591	43.2093	5.53459	18.4498	11.9649
61.6591	43.2093	5.53459	18.4498	11.9649
58.4813	36.225	6.83648	22.2564	10.663
58.4813	36.225	6.83648	22.2564	10.663
56.9378	28.6534	8.69783	28.2844	8.80166
56.9378	28.6534	8.69783	28.2844	8.80166
61.932	18.2188	12.0456	43.7132	5.45388
61.932	18.2188	12.0456	43.7132	5.45388
57.4725	32.8318	7.60797	24.6407	9.89152
57.4725	32.8318	7.60797	24.6407	9.89152
58.4631	22.2892	10.6521	36.1739	6.84736
58.4631	22.2892	10.6521	36.1739	6.84736
120.456	4.58413	16.0527	115.871	1.44678
120.456	4.58413	16.0527	115.871	1.44678
98.1212	7.21411	15.5334	90.9071	1.96607
98.1212	7.21411	15.5334	90.9071	1.96607
57.5802	33.2804	7.50029	24.2998	9.9992
57.5802	33.2804	7.50029	24.2998	9.9992
75.3995	63.5651	3.26801	11.8344	14.2315
75.3995	63.5651	3.26801	11.8344	14.2315
95.0892	7.66819	15.4248	87.421	2.07464
95.0892	7.66819	15.4248	87.421	2.07464
64.7535	48.5116	4.76134	16.2419	12.7381
64.7535	48.5116	4.76134	16.2419	12.7381
58.8944	21.5702	10.8923	37.3243	6.60716
58.8944	21.5702	10.8923	37.3243	6.60716
87.4272	8.98455	15.0831	78.4426	2.41637
87.4272	8.98455	15.0831	78.4426	2.41637
79.575	68.8804	2.91184	10.6946	14.5877
79.575	68.8804	2.91184	10.6946	14.5877
68.4858	14.3307	13.4011	54.1551	4.09843
68.4858	14.3307	13.4011	54.1551	4.09843
65.8383	15.6241	12.9538	50.2142	4.54566
65.8383	15.6241	12.9538	50.2142	4.54566
59.5563	38.916	6.29205	20.6403	11.2074
59.5563	38.916	6.29205	20.6403	11.2074
86.1375	76.9018	2.48575	9.23566	15.0137
86.1375	76.9018	2.48575	9.23566	15.0137
61.8734	18.2677	12.0285	43.6057	5.47096
61.8734	18.2677	12.0285	43.6057	5.47096
139.426	2.91612	16.2723	136.51	1.22722
139.426	2.91612	16.2723	136.51	1.22722
57.5335	33.0902	7.54573	24.4433	9.95376
57.5335	33.0902	7.54573	24.4433	9.95376
60.5817	41.1174	5.88755	19.4643	11.6119
60.5817	41.1174	5.88755	19.4643	11.6119
57.0698	30.5722	8.17775	26.4976	9.32174
57.0698	30.5722	8.17775	26.4976	9.32174
79.2542	10.7753	14.563	68.4789	2.93644
79.2542	10.7753	14.563	68.4789	2.93644
71.7143	58.671	3.66314	13.0433	13.8363
71.7143	58.671	3.66314	13.0433	13.8363
63.2784	46.0833	5.09527	17.1951	12.4042
63.2784	46.0833	5.09527	17.1951	12.4042
83.762	74.0361	2.62472	9.72593	14.8748
83.762	74.0361	2.62472	9.72593	14.8748
56.9458	27.94	8.89969	29.0058	8.5998
56.9458	27.94	8.89969	29.0058	8.5998
71.7188	58.6771	3.6626	13.0416	13.8369
71.7188	58.6771	3.6626	13.0416	13.8369
74.0152	61.7531	3.40601	12.2621	14.0935
74.0152	61.7531	3.40601	12.2621	14.0935
57.6026	33.3694	7.47912	24.2331	10.0204
57.6026	33.3694	7.47912	24.2331	10.0204
95.0031	7.68157	15.4216	87.3216	2.07791
95.0031	7.68157	15.4216	87.3216	2.07791
62.2323	44.2575	5.36849	17.9748	12.131
62.2323	44.2575	5.36849	17.9748	12.131
103.71	6.4526	15.7037	97.2579	1.79577
103.71	6.4526	15.7037	97.2579	1.79577
67.1711	52.2311	4.30818	14.94	13.1913
67.1711	52.2311	4.30818	14.94	13.1913
103.448	6.48639	15.6965	96.962	1.803
103.448	6.48639	15.6965	96.962	1.803
64.7923	48.5735	4.75323	16.2187	12.7463
64.7923	48.5735	4.75323	16.2187	12.7463
113.583	5.29081	15.9328	108.292	1.56664
113.583	5.29081	15.9328	108.292	1.56664
66.8737	51.7874	4.35882	15.0863	13.1407
66.8737	51.7874	4.35882	15.0863	13.1407
120.791	116.24	1.4416	4.55135	16.0579
120.791	116.24	1.4416	4.55135	16.0579
61.9819	18.1776	12.06	43.8043	5.43946
61.9819	18.1776	12.06	43.8043	5.43946
74.1267	12.2266	14.105	61.9001	3.39446
74.1267	12.2266	14.105	61.9001	3.39446
59.5123	38.8152	6.31144	20.6971	11.1881
59.5123	38.8152	6.31144	20.6971	11.1881
57.0002	29.9068	8.35432	27.0934	9.14517
57.0002	29.9068	8.35432	27.0934	9.14517
57.5857	24.2833	10.0045	33.3024	7.49504
57.5857	24.2833	10.0045	33.3024	7.49504
146.565	2.36106	16.3246	144.204	1.17492
146.565	2.36106	16.3246	144.204	1.17492
58.7109	21.8626	10.7942	36.8483	6.70525
58.7109	21.8626	10.7942	36.8483	6.70525
79.5557	10.6995	14.5862	68.8563	2.91331
79.5557	10.6995	14.5862	68.8563	2.91331
121.574	117.098	1.42972	4.47543	16.0698
121.574	117.098	1.42972	4.47543	16.0698
85.136	75.6983	2.54248	9.43774	14.957
85.136	75.6983	2.54248	9.43774	14.957
57.5107	32.995	7.56859	24.5157	9.9309
57.5107	32.995	7.56859	24.5157	9.9309
74.7395	12.0347	14.1671	62.7048	3.33238
74.7395	12.0347	14.1671	62.7048	3.33238
67.9045	53.3117	4.18845	14.5929	13.311
67.9045	53.3117	4.18845	14.5929	13.311
59.126	37.9012	6.49068	21.2248	11.0088
59.126	37.9012	6.49068	21.2248	11.0088
138.719	2.97282	16.2663	135.746	1.23316
138.719	2.97282	16.2663	135.746	1.23316
66.1199	50.6467	4.49313	15.4732	13.0064
66.1199	50.6467	4.49313	15.4732	13.0064
60.5008	19.5484	11.5828	40.9524	5.91666
60.5008	19.5484	11.5828	40.9524	5.91666
57.8574	23.5512	10.2389	34.3062	7.26062
57.8574	23.5512	10.2389	34.3062	7.26062
65.1355	49.1182	4.68282	16.0173	12.8167
65.1355	49.1182	4.68282	16.0173	12.8167
57.3451	32.2461	7.75126	25.099	9.74823
57.3451	32.2461	7.75126	25.099	9.74823
58.971	37.5178	6.56779	21.4532	10.9317
58.971	37.5178	6.56779	21.4532	10.9317
61.276	18.7903	11.8461	42.4857	5.65337
61.276	18.7903	11.8461	42.4857	5.65337
57.2188	25.6413	9.5809	31.5775	7.91859
57.2188	25.6413	9.5809	31.5775	7.91859
69.4087	55.4734	3.9635	13.9354	13.536
69.4087	55.4734	3.9635	13.9354	13.536
101.343	6.76439	15.6358	94.5781	1.86366
101.343	6.76439	15.6358	94.5781	1.86366
58.9793	37.5386	6.56359	21.4407	10.9359
58.9793	37.5386	6.56359	21.4407	10.9359
57.1138	26.2057	9.40936	30.9081	8.09013
57.1138	26.2057	9.40936	30.9081	8.09013
59.1531	21.1859	11.022	37.9672	6.47751
59.1531	21.1859	11.022	37.9672	6.47751
57.0582	26.5824	9.29642	30.4758	8.20307
57.0582	26.5824	9.29642	30.4758	8.20307
101.461	94.7122	1.86013	6.74847	15.6394
101.461	94.7122	1.86013	6.74847	15.6394
67.5201	52.7476	4.25032	14.7724	13.2492
67.5201	52.7476	4.25032	14.7724	13.2492
64.6841	48.4005	4.77593	16.2836	12.7236
64.6841	48.4005	4.77593	16.2836	12.7236
57.0397	26.7278	9.25315	30.3119	8.24634
57.0397	26.7278	9.25315	30.3119	8.24634
61.3707	18.7043	11.8761	42.6664	5.62339
61.3707	18.7043	11.8761	42.6664	5.62339
66.9341	51.8778	4.34843	15.0563	13.1511
66.9341	51.8778	4.34843	15.0563	13.1511
56.9441	28.953	8.61442	27.9911	8.88507
56.9441	28.953	8.61442	27.9911	8.88507
62.3651	44.4951	5.3318	17.87	12.1677
62.3651	44.4951	5.3318	17.87	12.1677
57.1396	31.0864	8.04405	26.0532	9.45544
57.1396	31.0864	8.04405	26.0532	9.45544
57.1002	26.2914	9.38356	30.8088	8.11593
57.1002	26.2914	9.38356	30.8088	8.11593
110.717	5.60799	15.8741	105.109	1.62534
110.717	5.60799	15.8741	105.109	1.62534
59.8609	39.5978	6.163	20.2632	11.3365
59.8609	39.5978	6.163	20.2632	11.3365
74.6855	12.0514	14.1617	62.6341	3.33776
74.6855	12.0514	14.1617	62.6341	3.33776
67.2562	14.8987	13.2056	52.3576	4.2939
67.2562	14.8987	13.2056	52.3576	4.2939
69.7011	13.8151	13.5768	55.886	3.92264
69.7011	13.8151	13.5768	55.886	3.92264
69.457	13.9153	13.5428	55.5417	3.95669
69.457	13.9153	13.5428	55.5417	3.95669
101.836	6.69816	15.6505	95.1379	1.84902
101.836	6.69816	15.6505	95.1379	1.84902
89.603	81.0207	2.30789	8.58221	15.1916
89.603	81.0207	2.30789	8.58221	15.1916
57.4969	32.9364	7.58271	24.5605	9.91678
57.4969	32.9364	7.58271	24.5605	9.91678
115.864	110.816	1.52379	5.04832	15.9757
115.864	110.816	1.52379	5.04832	15.9757
69.4943	13.8999	13.548	55.5944	3.95144
69.4943	13.8999	13.548	55.5944	3.95144
58.9642	21.4636	10.9282	37.5006	6.57129
58.9642	21.4636	10.9282	37.5006	6.57129
73.831	12.3212	14.0742	61.5098	3.42525
73.831	12.3212	14.0742	61.5098	3.42525
66.0953	15.4862	13.0018	50.6091	4.49766
66.0953	15.4862	13.0018	50.6091	4.49766
60.6747	19.3692	11.6449	41.3055	5.8546
60.6747	19.3692	11.6449	41.3055	5.8546
69.6501	55.8142	3.92971	13.8359	13.5698
69.6501	55.8142	3.92971	13.8359	13.5698
66.2626	50.8644	4.46703	15.3982	13.0325
66.2626	50.8644	4.46703	15.3982	13.0325
58.0297	34.8784	7.1309	23.1513	10.3686
58.0297	34.8784	7.1309	23.1513	10.3686
66.9253	51.8647	4.34994	15.0607	13.1495
66.9253	51.8647	4.34994	15.0607	13.1495
67.8098	14.6366	13.296	53.1731	4.20352
67.8098	14.6366	13.296	53.1731	4.20352
89.398	80.7789	2.31768	8.61904	15.1818
89.398	80.7789	2.31768	8.61904	15.1818
62.487	44.7117	5.29866	17.7754	12.2008
62.487	44.7117	5.29866	17.7754	12.2008
63.6942	16.9111	12.5038	46.7831	4.99571
63.6942	16.9111	12.5038	46.7831	4.99571
59.1529	37.9669	6.47759	21.1861	11.0219
59.1529	37.9669	6.47759	21.1861	11.0219
68.1845	14.4652	13.3549	53.7192	4.14459
68.1845	14.4652	13.3549	53.7192	4.14459
57.3173	25.2094	9.71396	32.1079	7.78552
57.3173	25.2094	9.71396	32.1079	7.78552
59.7874	20.3518	11.3061	39.4355	6.1934
59.7874	20.3518	11.3061	39.4355	6.1934
93.1638	85.1895	2.15062	7.97425	15.3489
93.1638	85.1895	2.15062	7.97425	15.3489
56.9969	29.8685	8.36458	27.1284	9.13491
56.9969	29.8685	8.36458	27.1284	9.13491
73.7062	12.3616	14.0611	61.3446	3.43841
73.7062	12.3616	14.0611	61.3446	3.43841
62.4024	44.5614	5.32162	17.8409	12.1779
62.4024	44.5614	5.32162	17.8409	12.1779
67.6631	52.958	4.22708	14.705	13.2724
67.6631	52.958	4.22708	14.705	13.2724
57.042	26.709	9.25873	30.3329	8.24076
57.042	26.709	9.25873	30.3329	8.24076
71.2177	13.2252	13.7756	57.9925	3.72385
71.2177	13.2252	13.7756	57.9925	3.72385
61.555	18.5404	11.9333	43.0146	5.56622
61.555	18.5404	11.9333	43.0146	5.56622
70.1118	13.6499	13.6328	56.4619	3.8667
70.1118	13.6499	13.6328	56.4619	3.8667
57.4394	24.7533	9.85615	32.6861	7.64334
57.4394	24.7533	9.85615	32.6861	7.64334
138.748	2.97046	16.2666	135.778	1.23291
138.748	2.97046	16.2666	135.778	1.23291
61.026	19.0239	11.7648	42.0021	5.73468
61.026	19.0239	11.7648	42.0021	5.73468
81.574	71.3604	2.76732	10.2137	14.7322
81.574	71.3604	2.76732	10.2137	14.7322
85.432	76.0546	2.52544	9.37736	14.974
85.432	76.0546	2.52544	9.37736	14.974
153.021	1.88163	16.3611	151.14	1.1384
153.021	1.88163	16.3611	151.14	1.1384
60.1321	40.1835	6.05487	19.9487	11.4446
60.1321	40.1835	6.05487	19.9487	11.4446
73.9457	12.2843	14.0862	61.6614	3.41324
73.9457	12.2843	14.0862	61.6614	3.41324
57.3084	32.063	7.79668	25.2454	9.70281
57.3084	32.063	7.79668	25.2454	9.70281
111.641	106.136	1.60579	5.50413	15.8937
111.641	106.136	1.60579	5.50413	15.8937
60.5864	19.4595	11.6136	41.1269	5.88588
60.5864	19.4595	11.6136	41.1269	5.88588
137.086	3.10508	16.2521	133.981	1.24744
137.086	3.10508	16.2521	133.981	1.24744
56.9612	29.3547	8.50387	27.6065	8.99562
56.9612	29.3547	8.50387	27.6065	8.99562
56.939	28.7381	8.67416	28.2009	8.82533
56.939	28.7381	8.67416	28.2009	8.82533
100.081	93.144	1.90231	6.93682	15.5972
100.081	93.144	1.90231	6.93682	15.5972
57.62	33.4378	7.46292	24.1822	10.0366
57.62	33.4378	7.46292	24.1822	10.0366
59.0053	37.6035	6.55046	21.4018	10.949
59.0053	37.6035	6.55046	21.4018	10.949
59.5728	38.9538	6.28481	20.6191	11.2147
59.5728	38.9538	6.28481	20.6191	11.2147
77.9418	11.1165	14.4579	66.8253	3.04156
77.9418	11.1165	14.4579	66.8253	3.04156
56.9368	28.5295	8.73256	28.4073	8.76693
56.9368	28.5295	8.73256	28.4073	8.76693
76.3072	11.5687	14.3161	64.7385	3.1834
76.3072	11.5687	14.3161	64.7385	3.1834
61.1403	42.2244	5.69711	18.9159	11.8024
61.1403	42.2244	5.69711	18.9159	11.8024
71.5354	58.4272	3.68478	13.1082	13.8147
71.5354	58.4272	3.68478	13.1082	13.8147
80.0399	10.5795	14.6226	69.4604	2.8769
80.0399	10.5795	14.6226	69.4604	2.8769
153.869	152.049	1.13429	1.82	16.3652
153.869	152.049	1.13429	1.82	16.3652
84.7156	9.52455	14.9324	75.1911	2.56709
84.7156	9.52455	14.9324	75.1911	2.56709
57.7043	23.9452	10.1122	33.7591	7.3873
57.7043	23.9452	10.1122	33.7591	7.3873
119.653	114.99	1.45941	4.66311	16.0401
119.653	114.99	1.45941	4.66311	16.0401
88.8006	80.073	2.34671	8.72763	15.1528
88.8006	80.073	2.34671	8.72763	15.1528
57.6641	33.6078	7.4228	24.0563	10.0767
57.6641	33.6078	7.4228	24.0563	10.0767
60.9397	41.8329	5.76351	19.1068	11.736
60.9397	41.8329	5.76351	19.1068	11.736
67.4716	52.6762	4.25825	14.7954	13.2412
67.4716	52.6762	4.25825	14.7954	13.2412
68.4108	54.0469	4.10982	14.3639	13.3897
68.4108	54.0469	4.10982	14.3639	13.3897
57.2094	31.523	7.9324	25.6864	9.56709
57.2094	31.523	7.9324	25.6864	9.56709
58.8703	21.6076	10.8798	37.2628	6.61974
58.8703	21.6076	10.8798	37.2628	6.61974
73.4191	60.9637	3.46908	12.4555	14.0304
73.4191	60.9637	3.46908	12.4555	14.0304
58.8398	37.1844	6.63581	21.6554	10.8637
58.8398	37.1844	6.63581	21.6554	10.8637
140.871	2.80129	16.284	138.07	1.21553
140.871	2.80129	16.284	138.07	1.21553
98.5963	7.14578	15.5493	91.4505	1.95017
98.5963	7.14578	15.5493	91.4505	1.95017
57.2882	25.3299	9.67669	31.9583	7.8228
57.2882	25.3299	9.67669	31.9583	7.8228
56.9871	27.2395	9.10237	29.7477	8.39712
56.9871	27.2395	9.10237	29.7477	8.39712
60.2198	19.8507	11.4784	40.3691	6.02112
60.2198	19.8507	11.4784	40.3691	6.02112
99.8446	6.96963	15.5897	92.875	1.90975
99.8446	6.96963	15.5897	92.875	1.90975
59.8877	39.6564	6.15206	20.2313	11.3474
59.8877	39.6564	6.15206	20.2313	11.3474
57.6931	33.7174	7.39707	23.9757	10.1024
57.6931	33.7174	7.39707	23.9757	10.1024
83.2242	9.8424	14.8411	73.3818	2.65839
83.2242	9.8424	14.8411	73.3818	2.65839
57.9004	34.4528	7.22712	23.4475	10.2724
57.9004	34.4528	7.22712	23.4475	10.2724
88.7347	79.9949	2.34996	8.73973	15.1495
88.7347	79.9949	2.34996	8.73973	15.1495
57.9547	34.6343	7.18589	23.3204	10.3136
57.9547	34.6343	7.18589	23.3204	10.3136
68.1704	14.4716	13.3527	53.6989	4.14676
68.1704	14.4716	13.3527	53.6989	4.14676
59.7731	39.404	6.19933	20.3691	11.3002
59.7731	39.404	6.19933	20.3691	11.3002
60.0492	40.0063	6.08731	20.0429	11.4122
60.0492	40.0063	6.08731	20.0429	11.4122
57.5762	33.2642	7.50414	24.3119	9.99535
57.5762	33.2642	7.50414	24.3119	9.99535
69.6843	13.8219	13.5745	55.8623	3.92497
69.6843	13.8219	13.5745	55.8623	3.92497
57.0143	26.9514	9.18698	30.0629	8.31251
57.0143	26.9514	9.18698	30.0629	8.31251
60.2681	40.4706	6.00277	19.7976	11.4967
60.2681	40.4706	6.00277	19.7976	11.4967
73.6195	12.3898	14.0519	61.2297	3.44762
73.6195	12.3898	14.0519	61.2297	3.44762
79.9893	10.5919	14.6188	69.3973	2.88067
79.9893	10.5919	14.6188	69.3973	2.88067
56.9383	28.2418	8.81373	28.6965	8.68576
56.9383	28.2418	8.81373	28.6965	8.68576
131.971	3.53222	16.2019	128.439	1.2976
131.971	3.53222	16.2019	128.439	1.2976
65.7045	15.6971	12.9284	50.0074	4.57108
65.7045	15.6971	12.9284	50.0074	4.57108
57.4544	32.7524	7.62722	24.7019	9.87227
57.4544	32.7524	7.62722	24.7019	9.87227
81.8074	71.6475	2.75138	10.1599	14.7481
81.8074	71.6475	2.75138	10.1599	14.7481
62.9711	17.4138	12.3275	45.5573	5.17196
62.9711	17.4138	12.3275	45.5573	5.17196
64.8959	16.1572	12.7678	48.7387	4.73172
64.8959	16.1572	12.7678	48.7387	4.73172
94.1344	86.3163	2.11159	7.81813	15.3879
94.1344	86.3163	2.11159	7.81813	15.3879
74.2999	12.1718	14.1228	62.1281	3.37668
74.2999	12.1718	14.1228	62.1281	3.37668
57.6107	24.2092	10.028	33.4015	7.47152
57.6107	24.2092	10.028	33.4015	7.47152
112.477	107.065	1.58862	5.41149	15.9109
112.477	107.065	1.58862	5.41149	15.9109
60.9182	19.1276	11.7287	41.7905	5.77076
60.9182	19.1276	11.7287	41.7905	5.77076
151.235	2.01245	16.3519	149.223	1.14756
151.235	2.01245	16.3519	149.223	1.14756
57.2039	31.4904	7.94068	25.7135	9.55881
57.2039	31.4904	7.94068	25.7135	9.55881
111.854	106.374	1.60137	5.48037	15.8981
111.854	106.374	1.60137	5.48037	15.8981
86.9195	77.8372	2.4432	9.08222	15.0563
86.9195	77.8372	2.4432	9.08222	15.0563
124.155	4.2304	16.1069	119.925	1.39263
124.155	4.2304	16.1069	119.925	1.39263
58.4342	36.0926	6.86475	22.3416	10.6347
58.4342	36.0926	6.86475	22.3416	10.6347
70.1347	56.4939	3.86362	13.6408	13.6359
70.1347	56.4939	3.86362	13.6408	13.6359
59.4071	20.8354	11.1409	38.5717	6.35856
59.4071	20.8354	11.1409	38.5717	6.35856
59.6126	39.0441	6.26755	20.5685	11.2319
59.6126	39.0441	6.26755	20.5685	11.2319
94.7083	7.72759	15.4103	86.9807	2.08921
94.7083	7.72759	15.4103	86.9807	2.08921
66.3994	15.3269	13.0572	51.0725	4.44229
66.3994	15.3269	13.0572	51.0725	4.44229
133.668	130.28	1.28	3.38817	16.2195
133.668	130.28	1.28	3.38817	16.2195
57.0088	27.005	9.17118	30.0038	8.32831
57.0088	27.005	9.17118	30.0038	8.32831
85.4507	76.0772	2.52437	9.37355	14.9751
85.4507	76.0772	2.52437	9.37355	14.9751
68.6318	54.3654	4.07645	14.2665	13.423
68.6318	54.3654	4.07645	14.2665	13.423
63.0885	45.7591	5.14234	17.3293	12.3571
63.0885	45.7591	5.14234	17.3293	12.3571
64.958	16.1206	12.7805	48.8374	4.71894
64.958	16.1206	12.7805	48.8374	4.71894
59.0433	37.698	6.5314	21.3453	10.9681
59.0433	37.698	6.5314	21.3453	10.9681
59.0514	37.718	6.52739	21.3334	10.9721
59.0514	37.718	6.52739	21.3334	10.9721
123.388	119.086	1.40332	4.30238	16.0962
123.388	119.086	1.40332	4.30238	16.0962
64.2658	16.541	12.6335	47.7249	4.86602
64.2658	16.541	12.6335	47.7249	4.86602
59.4987	20.7147	11.182	38.7839	6.31746
59.4987	20.7147	11.182	38.7839	6.31746
77.8631	66.7255	3.0481	11.1376	14.4514
77.8631	66.7255	3.0481	11.1376	14.4514
84.2188	9.62867	14.9027	74.5901	2.59679
84.2188	9.62867	14.9027	74.5901	2.59679
73.7443	12.3492	14.0651	61.3951	3.43438
73.7443	12.3492	14.0651	61.3951	3.43438
74.1832	12.2087	14.1108	61.9745	3.38865
74.1832	12.2087	14.1108	61.9745	3.38865
103.897	97.4679	1.79068	6.42871	15.7088
103.897	97.4679	1.79068	6.42871	15.7088
65.5098	49.705	4.60864	15.8048	12.8908
65.5098	49.705	4.60864	15.8048	12.8908
57.4047	32.529	7.68168	24.8758	9.81781
57.4047	32.529	7.68168	24.8758	9.81781
57.0068	29.982	8.33414	27.0248	9.16535
57.0068	29.982	8.33414	27.0248	9.16535
74.3635	62.2118	3.3702	12.1518	14.1293
74.3635	62.2118	3.3702	12.1518	14.1293
131.631	3.56143	16.1982	128.069	1.30126
131.631	3.56143	16.1982	128.069	1.30126
62.0363	18.1329	12.0757	43.9034	5.42383
62.0363	18.1329	12.0757	43.9034	5.42383
70.0896	56.431	3.86967	13.6587	13.6298
70.0896	56.431	3.86967	13.6587	13.6298
61.0421	19.0085	11.7702	42.0337	5.72933
61.0421	19.0085	11.7702	42.0337	5.72933
78.3104	11.0188	14.4882	67.2916	3.01128
78.3104	11.0188	14.4882	67.2916	3.01128
57.6262	33.4619	7.45722	24.1643	10.0423
57.6262	33.4619	7.45722	24.1643	10.0423
57.3031	32.0355	7.80354	25.2676	9.69595
57.3031	32.0355	7.80354	25.2676	9.69595
57.7262	33.84	7.36841	23.8862	10.1311
57.7262	33.84	7.36841	23.8862	10.1311
58.469	22.2785	10.6557	36.1906	6.84381
58.469	22.2785	10.6557	36.1906	6.84381
134.621	3.30831	16.2289	131.313	1.27054
134.621	3.30831	16.2289	131.313	1.27054
59.5648	38.9354	6.28834	20.6294	11.2111
59.5648	38.9354	6.28834	20.6294	11.2111
114.498	109.306	1.54906	5.1925	15.9504
114.498	109.306	1.54906	5.1925	15.9504
118.32	4.79638	16.0183	113.523	1.48117
118.32	4.79638	16.0183	113.523	1.48117
69.0187	54.9193	4.01938	14.0994	13.4801
69.0187	54.9193	4.01938	14.0994	13.4801
57.3806	32.4165	7.70927	24.9641	9.79022
57.3806	32.4165	7.70927	24.9641	9.79022
64.3976	16.4587	12.6623	47.9388	4.83723
64.3976	16.4587	12.6623	47.9388	4.83723
57.4465	32.7176	7.63568	24.7289	9.86381
57.4465	32.7176	7.63568	24.7289	9.86381
57.0102	26.9912	9.17525	30.019	8.32424
57.0102	26.9912	9.17525	30.019	8.32424
59.2809	38.2744	6.41672	21.0065	11.0828
59.2809	38.2744	6.41672	21.0065	11.0828
96.232	7.49324	15.4673	88.7388	2.03221
96.232	7.49324	15.4673	88.7388	2.03221
57.2298	31.6409	7.90256	25.589	9.59693
57.2298	31.6409	7.90256	25.589	9.59693
104.455	98.0977	1.77559	6.35753	15.7239
104.455	98.0977	1.77559	6.35753	15.7239
59.7171	39.2793	6.22285	20.4378	11.2766
59.7171	39.2793	6.22285	20.4378	11.2766
74.0564	61.8074	3.40174	12.249	14.0978
74.0564	61.8074	3.40174	12.249	14.0978
60.6695	41.295	5.85643	19.3745	11.6431
60.6695	41.295	5.85643	19.3745	11.6431
64.5863	16.3428	12.7028	48.2434	4.79665
64.5863	16.3428	12.7028	48.2434	4.79665
58.7417	21.8122	10.8111	36.9295	6.68839
58.7417	21.8122	10.8111	36.9295	6.68839
65.7284	50.0444	4.56652	15.684	12.933
65.7284	50.0444	4.56652	15.684	12.933
61.52	18.5711	11.9225	42.9489	5.57695
61.52	18.5711	11.9225	42.9489	5.57695
66.0603	15.5048	12.9954	50.5555	4.50413
66.0603	15.5048	12.9954	50.5555	4.50413
82.8944	72.9796	2.67946	9.91488	14.82
82.8944	72.9796	2.67946	9.91488	14.82
56.9368	28.3977	8.76964	28.5391	8.72985
56.9368	28.3977	8.76964	28.5391	8.72985
56.961	27.6097	8.99471	29.3513	8.50478
56.961	27.6097	8.99471	29.3513	8.50478
64.6225	48.3017	4.78895	16.3208	12.7105
64.6225	48.3017	4.78895	16.3208	12.7105
58.8232	37.1415	6.64462	21.6816	10.8549
58.8232	37.1415	6.64462	21.6816	10.8549
68.0843	53.5737	4.16017	14.5106	13.3393
68.0843	53.5737	4.16017	14.5106	13.3393
82.5913	9.98225	14.8004	72.6091	2.69913
82.5913	9.98225	14.8004	72.6091	2.69913
61.2304	18.8322	11.8315	42.3982	5.66796
61.2304	18.8322	11.8315	42.3982	5.66796
56.946	29.0117	8.59817	27.9343	8.90132
56.946	29.0117	8.59817	27.9343	8.90132
56.9605	29.3419	8.50736	27.6186	8.99213
56.9605	29.3419	8.50736	27.6186	8.99213
74.578	62.4932	3.34852	12.0847	14.151
74.578	62.4932	3.34852	12.0847	14.151
58.9313	21.5135	10.9114	37.4178	6.58811
58.9313	21.5135	10.9114	37.4178	6.58811
98.7657	7.12159	15.5549	91.6441	1.94458
98.7657	7.12159	15.5549	91.6441	1.94458
56.9695	29.4955	8.46545	27.4739	9.03404
56.9695	29.4955	8.46545	27.4739	9.03404
63.2446	46.0258	5.10358	17.2187	12.3959
63.2446	46.0258	5.10358	17.2187	12.3959
62.2788	44.3408	5.35559	17.9379	12.1439
62.2788	44.3408	5.35559	17.9379	12.1439
59.9174	39.7212	6.14001	20.1962	11.3595
59.9174	39.7212	6.14001	20.1962	11.3595
57.3114	32.078	7.79297	25.2334	9.70652
57.3114	32.078	7.79297	25.2334	9.70652
57.3066	32.0537	7.799	25.2529	9.70049
57.3066	32.0537	7.799	25.2529	9.70049
61.2581	18.8067	11.8404	42.4513	5.6591
61.2581	18.8067	11.8404	42.4513	5.6591
57.3194	32.1187	7.78284	25.2007	9.71665
57.3194	32.1187	7.78284	25.2007	9.71665
57.2833	25.3506	9.67029	31.9327	7.8292
57.2833	25.3506	9.67029	31.9327	7.8292
79.1834	10.7933	14.5576	68.3901	2.94193
79.1834	10.7933	14.5576	68.3901	2.94193
76.8608	11.4119	14.3656	65.4489	3.13391
76.8608	11.4119	14.3656	65.4489	3.13391
81.6396	71.4411	2.76282	10.1985	14.7367
81.6396	71.4411	2.76282	10.1985	14.7367
67.997	14.5504	13.3256	53.4466	4.17386
67.997	14.5504	13.3256	53.4466	4.17386
112.494	5.40961	15.9112	107.084	1.58828
112.494	5.40961	15.9112	107.084	1.58828
57.6869	33.6941	7.40252	23.9928	10.097
57.6869	33.6941	7.40252	23.9928	10.097
76.1336	11.6186	14.3002	64.515	3.19925
76.1336	11.6186	14.3002	64.515	3.19925
66.5251	15.2623	13.0796	51.2628	4.41985
66.5251	15.2623	13.0796	51.2628	4.41985
86.0523	9.25259	15.009	76.7998	2.49047
86.0523	9.25259	15.009	76.7998	2.49047
71.8609	12.9905	13.8539	58.8704	3.64559
71.8609	12.9905	13.8539	58.8704	3.64559
70.1182	13.6473	13.6336	56.4708	3.86584
70.1182	13.6473	13.6336	56.4708	3.86584
60.2094	19.8623	11.4744	40.3471	6.02511
60.2094	19.8623	11.4744	40.3471	6.02511
114.837	109.68	1.54269	5.15651	15.9568
114.837	109.68	1.54269	5.15651	15.9568
102.207	6.6488	15.6613	95.5585	1.83819
102.207	6.6488	15.6613	95.5585	1.83819
65.6741	49.9603	4.5769	15.7138	12.9226
65.6741	49.9603	4.5769	15.7138	12.9226
82.6708	9.96451	14.8055	72.7063	2.69395
82.6708	9.96451	14.8055	72.7063	2.69395
63.8405	16.8142	12.5377	47.0263	4.96176
63.8405	16.8142	12.5377	47.0263	4.96176
73.3975	12.4626	14.0281	60.9349	3.47141
73.3975	12.4626	14.0281	60.9349	3.47141
60.1718	19.9041	11.46	40.2677	6.03953
60.1718	19.9041	11.46	40.2677	6.03953
64.0895	47.4367	4.90519	16.6528	12.5943
64.0895	47.4367	4.90519	16.6528	12.5943
57.2718	31.8721	7.84438	25.3998	9.65511
57.2718	31.8721	7.84438	25.3998	9.65511
108.163	102.26	1.68269	5.90359	15.8168
108.163	102.26	1.68269	5.90359	15.8168
61.6218	18.4821	11.9536	43.1396	5.54588
61.6218	18.4821	11.9536	43.1396	5.54588
100.295	6.90721	15.6039	93.3879	1.89561
100.295	6.90721	15.6039	93.3879	1.89561
59.7679	39.3925	6.2015	20.3755	11.298
59.7679	39.3925	6.2015	20.3755	11.298
63.0986	17.3221	12.3597	45.7765	5.13981
63.0986	17.3221	12.3597	45.7765	5.13981
95.4008	87.7807	2.06288	7.62002	15.4366
95.4008	87.7807	2.06288	7.62002	15.4366
70.096	13.6562	13.6307	56.4398	3.86882
70.096	13.6562	13.6307	56.4398	3.86882
66.4042	51.0797	4.44144	15.3245	13.0581
66.4042	51.0797	4.44144	15.3245	13.0581
57.0453	26.6821	9.26672	30.3632	8.23277
57.0453	26.6821	9.26672	30.3632	8.23277
57.9645	23.2979	10.3209	34.6666	7.1786
57.9645	23.2979	10.3209	34.6666	7.1786
59.8823	39.6445	6.15428	20.2378	11.3452
59.8823	39.6445	6.15428	20.2378	11.3452
79.875	10.6201	14.6103	69.2549	2.8892
79.875	10.6201	14.6103	69.2549	2.8892
57.4555	32.7572	7.62607	24.6983	9.87342
57.4555	32.7572	7.62607	24.6983	9.87342
102.214	6.64785	15.6615	95.5665	1.83798
102.214	6.64785	15.6615	95.5665	1.83798
58.2005	22.7904	10.4866	35.4101	7.01284
58.2005	22.7904	10.4866	35.4101	7.01284
63.0087	45.6221	5.16242	17.3866	12.3371
63.0087	45.6221	5.16242	17.3866	12.3371
57.764	23.7866	10.163	33.9774	7.33645
57.764	23.7866	10.163	33.9774	7.33645
58.2943	35.6897	6.9517	22.6046	10.5478
58.2943	35.6897	6.9517	22.6046	10.5478
98.1069	90.8907	1.96655	7.21619	15.5329
98.1069	90.8907	1.96655	7.21619	15.5329
67.5277	52.7589	4.24907	14.7688	13.2504
67.5277	52.7589	4.24907	14.7688	13.2504
58.6841	36.777	6.7201	21.907	10.7794
58.6841	36.777	6.7201	21.907	10.7794
126.498	122.483	1.36156	4.01462	16.1379
126.498	122.483	1.36156	4.01462	16.1379
71.4451	13.1412	13.8037	58.3039	3.6958
71.4451	13.1412	13.8037	58.3039	3.6958
66.9187	15.0639	13.1484	51.8548	4.35107
66.9187	15.0639	13.1484	51.8548	4.35107
78.5015	10.9688	14.5037	67.5327	2.99583
78.5015	10.9688	14.5037	67.5327	2.99583
56.9463	29.0211	8.59557	27.9252	8.90392
56.9463	29.0211	8.59557	27.9252	8.90392
56.9394	28.1777	8.83192	28.7617	8.66757
56.9394	28.1777	8.83192	28.7617	8.66757
76.3886	64.8431	3.17604	11.5454	14.3235
76.3886	64.8431	3.17604	11.5454	14.3235
63.7082	16.9017	12.5071	46.8064	4.99244
63.7082	16.9017	12.5071	46.8064	4.99244
87.7626	8.92083	15.1005	78.8418	2.39897
87.7626	8.92083	15.1005	78.8418	2.39897
57.7785	23.7491	10.1751	34.0294	7.3244
57.7785	23.7491	10.1751	34.0294	7.3244
69.5785	13.8652	13.5598	55.7133	3.93966
69.5785	13.8652	13.5598	55.7133	3.93966
61.4792	42.8721	5.58952	18.6072	11.91
61.4792	42.8721	5.58952	18.6072	11.91
57.1071	30.8594	8.10278	26.2477	9.39671
57.1071	30.8594	8.10278	26.2477	9.39671
61.0977	18.9559	11.7885	42.1418	5.71103
61.0977	18.9559	11.7885	42.1418	5.71103
110.805	5.59798	15.876	105.207	1.62344
110.805	5.59798	15.876	105.207	1.62344
91.4051	83.1378	2.22539	8.26726	15.2741
91.4051	83.1378	2.22539	8.26726	15.2741
72.3165	59.4872	3.59214	12.8294	13.9074
72.3165	59.4872	3.59214	12.8294	13.9074
57.3808	32.4176	7.709	24.9632	9.79049
57.3808	32.4176	7.709	24.9632	9.79049
57.7427	23.8423	10.1451	33.9004	7.35435
57.7427	23.8423	10.1451	33.9004	7.35435
68.9364	54.8018	4.03138	14.1346	13.4681
68.9364	54.8018	4.03138	14.1346	13.4681
60.1865	40.2987	6.0339	19.8878	11.4656
60.1865	40.2987	6.0339	19.8878	11.4656
62.3198	44.4142	5.34426	17.9055	12.1552
62.3198	44.4142	5.34426	17.9055	12.1552
57.0143	30.0632	8.31245	26.9512	9.18704
57.0143	30.0632	8.31245	26.9512	9.18704
56.9376	28.6413	8.70121	28.2964	8.79828
56.9376	28.6413	8.70121	28.2964	8.79828
74.2231	12.196	14.1149	62.0271	3.38454
74.2231	12.196	14.1149	62.0271	3.38454
77.0975	11.3461	14.3863	65.7514	3.11322
77.0975	11.3461	14.3863	65.7514	3.11322
76.8593	11.4124	14.3654	65.4469	3.13405
76.8593	11.4124	14.3654	65.4469	3.13405
61.6233	18.4808	11.9541	43.1425	5.54542
61.6233	18.4808	11.9541	43.1425	5.54542
60.8555	41.6667	5.79201	19.1888	11.7075
60.8555	41.6667	5.79201	19.1888	11.7075
57.8214	23.6402	10.2102	34.1812	7.28934
57.8214	23.6402	10.2102	34.1812	7.28934
59.2041	38.0905	6.45303	21.1136	11.0465
59.2041	38.0905	6.45303	21.1136	11.0465
60.4373	40.8219	5.93982	19.6153	11.5597
60.4373	40.8219	5.93982	19.6153	11.5597
102.016	6.67418	15.6557	95.3418	1.84375
102.016	6.67418	15.6557	95.3418	1.84375
119.014	4.72673	16.0298	114.287	1.46973
119.014	4.72673	16.0298	114.287	1.46973
105.359	99.1145	1.75183	6.24404	15.7477
105.359	99.1145	1.75183	6.24404	15.7477
59.1185	37.8828	6.49435	21.2356	11.0051
59.1185	37.8828	6.49435	21.2356	11.0051
76.7509	11.4428	14.3559	65.3081	3.14362
76.7509	11.4428	14.3559	65.3081	3.14362
60.2223	40.3743	6.02017	19.848	11.4793
60.2223	40.3743	6.02017	19.848	11.4793
113.871	108.612	1.56104	5.25966	15.9385
113.871	108.612	1.56104	5.25966	15.9385
71.604	58.5208	3.67645	13.0832	13.823
71.604	58.5208	3.67645	13.0832	13.823
57.4882	32.8993	7.59167	24.5889	9.90782
57.4882	32.8993	7.59167	24.5889	9.90782
57.8718	23.5162	10.2502	34.3555	7.24934
57.8718	23.5162	10.2502	34.3555	7.24934
69.0185	14.0995	13.4801	54.919	4.01941
69.0185	14.0995	13.4801	54.919	4.01941
80.2236	10.5346	14.6362	69.689	2.86333
80.2236	10.5346	14.6362	69.689	2.86333
57.7529	33.9373	7.34577	23.8156	10.1537
57.7529	33.9373	7.34577	23.8156	10.1537
57.2785	25.371	9.66399	31.9075	7.8355
57.2785	25.371	9.66399	31.9075	7.8355
73.6704	12.3732	14.0573	61.2972	3.4422
73.6704	12.3732	14.0573	61.2972	3.4422
59.49	38.7638	6.32134	20.7261	11.1782
59.49	38.7638	6.32134	20.7261	11.1782
62.8263	17.5197	12.2904	45.3066	5.20907
62.8263	17.5197	12.2904	45.3066	5.20907
61.4195	18.6604	11.8914	42.759	5.6081
61.4195	18.6604	11.8914	42.759	5.6081
67.5405	14.7628	13.2525	52.7777	4.24698
67.5405	14.7628	13.2525	52.7777	4.24698
133.383	3.41219	16.2166	129.971	1.28289
133.383	3.41219	16.2166	129.971	1.28289
57.1191	26.1737	9.41904	30.9455	8.08045
57.1191	26.1737	9.41904	30.9455	8.08045
57.1709	31.2893	7.99196	25.8816	9.50753
57.1709	31.2893	7.99196	25.8816	9.50753
59.4494	20.7793	11.16	38.67	6.33947
59.4494	20.7793	11.16	38.67	6.33947
56.9371	28.3552	8.78164	28.5819	8.71785
56.9371	28.3552	8.78164	28.5819	8.71785
65.4345	49.5875	4.62336	15.847	12.8761
65.4345	49.5875	4.62336	15.847	12.8761
59.4741	20.7468	11.1711	38.7273	6.3284
59.4741	20.7468	11.1711	38.7273	6.3284
106.575	6.09424	15.7785	100.481	1.72101
106.575	6.09424	15.7785	100.481	1.72101
59.3059	20.9721	11.0945	38.3338	6.40503
59.3059	20.9721	11.0945	38.3338	6.40503
108.158	5.90419	15.8167	102.254	1.68281
108.158	5.90419	15.8167	102.254	1.68281
58.4195	36.051	6.87367	22.3685	10.6258
58.4195	36.051	6.87367	22.3685	10.6258
67.548	14.7592	13.2537	52.7887	4.24577
67.548	14.7592	13.2537	52.7887	4.24577
59.6259	20.5517	11.2377	39.0741	6.26181
59.6259	20.5517	11.2377	39.0741	6.26181
63.9054	16.7717	12.5526	47.1337	4.94686
63.9054	16.7717	12.5526	47.1337	4.94686
64.087	16.6543	12.5938	47.4327	4.90574
64.087	16.6543	12.5938	47.4327	4.90574
57.5945	24.2571	10.0128	33.3374	7.48672
57.5945	24.2571	10.0128	33.3374	7.48672
60.6254	19.4194	11.6275	41.206	5.872
60.6254	19.4194	11.6275	41.206	5.872
59.6724	20.4934	11.2576	39.179	6.24186
59.6724	20.4934	11.2576	39.179	6.24186
98.7681	7.12125	15.555	91.6468	1.9445
98.7681	7.12125	15.555	91.6468	1.9445
81.5614	71.3448	2.76818	10.2166	14.7313
81.5614	71.3448	2.76818	10.2166	14.7313
68.5246	54.2111	4.09257	14.3135	13.4069
68.5246	54.2111	4.09257	14.3135	13.4069
58.901	37.341	6.60375	21.56	10.8957
58.901	37.341	6.60375	21.56	10.8957
151.742	1.97522	16.3546	149.767	1.14489
151.742	1.97522	16.3546	149.767	1.14489
60.8096	19.2341	11.6918	41.5755	5.80772
60.8096	19.2341	11.6918	41.5755	5.80772
100.488	93.6079	1.88962	6.8806	15.6099
100.488	93.6079	1.88962	6.8806	15.6099
76.6471	11.472	14.3466	65.1751	3.15284
76.6471	11.472	14.3466	65.1751	3.15284
65.7501	50.0781	4.56237	15.6721	12.9371
65.7501	50.0781	4.56237	15.6721	12.9371
74.0784	61.8365	3.39945	12.2419	14.1
74.0784	61.8365	3.39945	12.2419	14.1
70.3807	13.544	13.6685	56.8368	3.83094
70.3807	13.544	13.6685	56.8368	3.83094
57.6377	33.5066	7.44666	24.1311	10.0528
57.6377	33.5066	7.44666	24.1311	10.0528
72.5169	12.7598	13.9304	59.7571	3.56913
72.5169	12.7598	13.9304	59.7571	3.56913
57.3909	32.465	7.69736	24.9259	9.80213
57.3909	32.465	7.69736	24.9259	9.80213
58.6115	36.5824	6.76084	22.0291	10.7386
58.6115	36.5824	6.76084	22.0291	10.7386
121.792	4.45445	16.073	117.337	1.42647
121.792	4.45445	16.073	117.337	1.42647
57.1092	30.8746	8.09881	26.2346	9.40068
57.1092	30.8746	8.09881	26.2346	9.40068
59.0698	37.7633	6.51828	21.3064	10.9812
59.0698	37.7633	6.51828	21.3064	10.9812
58.4379	22.3349	10.637	36.103	6.86252
58.4379	22.3349	10.637	36.103	6.86252
56.9368	28.4193	8.76355	28.5174	8.73594
56.9368	28.4193	8.76355	28.5174	8.73594
68.1446	53.6613	4.15078	14.4833	13.3487
68.1446	53.6613	4.15078	14.4833	13.3487
60.1204	19.9619	11.44	40.1584	6.05944
60.1204	19.9619	11.44	40.1584	6.05944
67.949	53.3766	4.18142	14.5724	13.3181
67.949	53.3766	4.18142	14.5724	13.3181
128.208	3.86076	16.1592	124.347	1.34033
128.208	3.86076	16.1592	124.347	1.34033
66.602	51.379	4.40622	15.223	13.0933
66.602	51.379	4.40622	15.223	13.0933
63.9412	16.7484	12.5608	47.1928	4.9387
63.9412	16.7484	12.5608	47.1928	4.9387
67.3244	52.4586	4.28255	14.8658	13.2169
67.3244	52.4586	4.28255	14.8658	13.2169
57.138	31.0754	8.04689	26.0626	9.4526
57.138	31.0754	8.04689	26.0626	9.4526
64.7866	48.5644	4.75442	16.2221	12.7451
64.7866	48.5644	4.75442	16.2221	12.7451
100.834	94.0007	1.87902	6.83334	15.6205
100.834	94.0007	1.87902	6.83334	15.6205
79.84	10.6288	14.6077	69.2112	2.89183
79.84	10.6288	14.6077	69.2112	2.89183
72.7641	60.0892	3.54114	12.675	13.9583
72.7641	60.0892	3.54114	12.675	13.9583
70.4065	56.8727	3.82755	13.5339	13.6719
70.4065	56.8727	3.82755	13.5339	13.6719
57.1899	31.4067	7.96198	25.7832	9.53751
57.1899	31.4067	7.96198	25.7832	9.53751
57.6899	23.9846	10.0996	33.7053	7.39989
57.6899	23.9846	10.0996	33.7053	7.39989
165.388	1.00495	16.4068	164.383	1.09273
165.388	1.00495	16.4068	164.383	1.09273
56.9454	27.9525	8.8961	28.9928	8.60339
56.9454	27.9525	8.8961	28.9928	8.60339
57.1518	31.1671	8.02328	25.9847	9.47621
57.1518	31.1671	8.02328	25.9847	9.47621
63.3453	46.1969	5.07892	17.1484	12.4206
63.3453	46.1969	5.07892	17.1484	12.4206
61.1269	42.1984	5.70149	18.9285	11.798
61.1269	42.1984	5.70149	18.9285	11.798
58.7528	21.7944	10.8171	36.9584	6.68241
58.7528	21.7944	10.8171	36.9584	6.68241
61.2591	18.8058	11.8407	42.4533	5.65876
61.2591	18.8058	11.8407	42.4533	5.65876
62.8779	17.4817	12.3037	45.3962	5.19577
62.8779	17.4817	12.3037	45.3962	5.19577
67.9447	14.5744	13.3174	53.3703	4.1821
67.9447	14.5744	13.3174	53.3703	4.1821
58.7545	21.7915	10.818	36.963	6.68145
58.7545	21.7915	10.818	36.963	6.68145
57.6415	24.1201	10.0564	33.5215	7.44314
57.6415	24.1201	10.0564	33.5215	7.44314
57.7086	23.9337	10.1159	33.7749	7.38361
57.7086	23.9337	10.1159	33.7749	7.38361
56.9369	28.5396	8.7297	28.3972	8.76978
56.9369	28.5396	8.7297	28.3972	8.76978
68.1983	53.7393	4.14245	14.459	13.357
68.1983	53.7393	4.14245	14.459	13.357
65.3613	49.473	4.63777	15.8883	12.8617
65.3613	49.473	4.63777	15.8883	12.8617
60.4913	19.5583	11.5794	40.933	5.9201
60.4913	19.5583	11.5794	40.933	5.9201
88.3112	8.81798	15.1284	79.4932	2.37105
88.3112	8.81798	15.1284	79.4932	2.37105
61.6523	18.4556	11.9629	43.1967	5.53663
61.6523	18.4556	11.9629	43.1967	5.53663
77.2921	11.2924	14.4031	65.9997	3.0964
77.2921	11.2924	14.4031	65.9997	3.0964
65.2227	15.9671	12.8342	49.2556	4.6653
65.2227	15.9671	12.8342	49.2556	4.6653
64.9915	16.101	12.7874	48.8905	4.71208
64.9915	16.101	12.7874	48.8905	4.71208
73.4694	61.0304	3.46367	12.4389	14.0358
73.4694	61.0304	3.46367	12.4389	14.0358
70.0942	13.6568	13.6304	56.4374	3.86906
70.0942	13.6568	13.6304	56.4374	3.86906
64.6013	16.3337	12.706	48.2676	4.79346
64.6013	16.3337	12.706	48.2676	4.79346
58.7076	21.8682	10.7924	36.8394	6.70711
58.7076	21.8682	10.7924	36.8394	6.70711
56.9822	27.3004	9.08456	29.6817	8.41493
56.9822	27.3004	9.08456	29.6817	8.41493
91.3431	83.0652	2.22813	8.27784	15.2714
91.3431	83.0652	2.22813	8.27784	15.2714
59.5487	20.6501	11.2041	38.8986	6.2954
59.5487	20.6501	11.2041	38.8986	6.2954
96.9238	89.5342	2.00743	7.38962	15.4921
96.9238	89.5342	2.00743	7.38962	15.4921
60.2272	19.8426	11.4812	40.3847	6.01829
60.2272	19.8426	11.4812	40.3847	6.01829
83.4861	73.7006	2.64189	9.78543	14.8576
83.4861	73.7006	2.64189	9.78543	14.8576
84.1663	74.5265	2.59997	9.63978	14.8995
84.1663	74.5265	2.59997	9.63978	14.8995
57.0414	30.3279	8.24209	26.7135	9.2574
57.0414	30.3279	8.24209	26.7135	9.2574
71.4301	13.1467	13.8019	58.2834	3.69763
71.4301	13.1467	13.8019	58.2834	3.69763
68.3902	54.0171	4.11296	14.3731	13.3865
68.3902	54.0171	4.11296	14.3731	13.3865
64.1216	47.4894	4.89799	16.6322	12.6015
64.1216	47.4894	4.89799	16.6322	12.6015
57.0038	29.948	8.34326	27.0558	9.15623
57.0038	29.948	8.34326	27.0558	9.15623
56.9448	28.9745	8.60845	27.9702	8.89104
56.9448	28.9745	8.60845	27.9702	8.89104
59.3077	38.3381	6.40421	20.9697	11.0953
59.3077	38.3381	6.40421	20.9697	11.0953
108.577	5.85484	15.8264	102.722	1.67306
108.577	5.85484	15.8264	102.722	1.67306
124.764	4.17369	16.1152	120.591	1.38432
124.764	4.17369	16.1152	120.591	1.38432
122.724	118.358	1.41281	4.3653	16.0867
122.724	118.358	1.41281	4.3653	16.0867
57.6078	24.2179	10.0252	33.3899	7.47427
57.6078	24.2179	10.0252	33.3899	7.47427
56.9464	27.9237	8.90437	29.0227	8.59512
56.9464	27.9237	8.90437	29.0227	8.59512
79.3961	10.7395	14.574	68.6566	2.92551
79.3961	10.7395	14.574	68.6566	2.92551
57.1258	26.1333	9.43123	30.9926	8.06826
57.1258	26.1333	9.43123	30.9926	8.06826
114.462	5.19637	15.9497	109.266	1.54974
114.462	5.19637	15.9497	109.266	1.54974
56.9906	27.1994	9.11409	29.7912	8.3854
56.9906	27.1994	9.11409	29.7912	8.3854
57.3733	32.382	7.71776	24.9913	9.78173
57.3733	32.382	7.71776	24.9913	9.78173
56.9588	29.3097	8.51616	27.6491	8.98333
56.9588	29.3097	8.51616	27.6491	8.98333
58.6836	21.9077	10.7792	36.7759	6.72033
58.6836	21.9077	10.7792	36.7759	6.72033
75.762	64.0351	3.23369	11.7269	14.2658
75.762	64.0351	3.23369	11.7269	14.2658
82.0305	10.1088	14.7632	71.9217	2.7363
82.0305	10.1088	14.7632	71.9217	2.7363
56.9584	27.6563	8.98125	29.3021	8.51824
56.9584	27.6563	8.98125	29.3021	8.51824
57.2086	31.5186	7.93352	25.69	9.56597
57.2086	31.5186	7.93352	25.69	9.56597
57.7896	23.7205	10.1843	34.0692	7.31519
57.7896	23.7205	10.1843	34.0692	7.31519
58.5765	22.089	10.7187	36.4876	6.78081
58.5765	22.089	10.7187	36.4876	6.78081
63.7021	16.9058	12.5056	46.7963	4.99386
63.7021	16.9058	12.5056	46.7963	4.99386
57.538	24.4292	9.95821	33.1088	7.54128
57.538	24.4292	9.95821	33.1088	7.54128
145.522	2.44037	16.3178	143.082	1.18174
145.522	2.44037	16.3178	143.082	1.18174
64.5796	48.2327	4.79808	16.3469	12.7014
64.5796	48.2327	4.79808	16.3469	12.7014
69.6534	55.8189	3.92925	13.8345	13.5702
69.6534	55.8189	3.92925	13.8345	13.5702
60.1872	19.887	11.4659	40.3002	6.03362
60.1872	19.887	11.4659	40.3002	6.03362
57.1897	25.784	9.53728	31.4058	7.96221
57.1897	25.784	9.53728	31.4058	7.96221
66.0405	50.5252	4.5078	15.5154	12.9917
66.0405	50.5252	4.5078	15.5154	12.9917
57.7182	33.8106	7.37526	23.9076	10.1242
57.7182	33.8106	7.37526	23.9076	10.1242
58.1747	22.8429	10.4694	35.3318	7.03007
58.1747	22.8429	10.4694	35.3318	7.03007
63.7803	16.8539	12.5238	46.9264	4.97566
63.7803	16.8539	12.5238	46.9264	4.97566
57.0369	26.7506	9.24638	30.2863	8.25311
57.0369	26.7506	9.24638	30.2863	8.25311
67.2241	14.9142	13.2002	52.3098	4.29929
67.2241	14.9142	13.2002	52.3098	4.29929
61.6559	18.4525	11.9639	43.2034	5.53555
61.6559	18.4525	11.9639	43.2034	5.53555
56.9837	27.2818	9.08998	29.7018	8.4095
56.9837	27.2818	9.08998	29.7018	8.4095
62.2047	44.2079	5.37621	17.9968	12.1233
62.2047	44.2079	5.37621	17.9968	12.1233
64.3967	47.9375	4.83741	16.4593	12.6621
64.3967	47.9375	4.83741	16.4593	12.6621
57.4147	24.84	9.82899	32.5747	7.6705
57.4147	24.84	9.82899	32.5747	7.6705
91.7929	83.5914	2.20844	8.20149	15.2911
91.7929	83.5914	2.20844	8.20149	15.2911
76.1387	64.5215	3.19878	11.6172	14.3007
76.1387	64.5215	3.19878	11.6172	14.3007
58.4947	36.2622	6.82854	22.2325	10.6709
58.4947	36.2622	6.82854	22.2325	10.6709
82.6542	9.9682	14.8045	72.686	2.69503
82.6542	9.9682	14.8045	72.686	2.69503
57.4402	32.6898	7.64245	24.7505	9.85704
57.4402	32.6898	7.64245	24.7505	9.85704
88.4689	79.6801	2.36315	8.78874	15.1363
88.4689	79.6801	2.36315	8.78874	15.1363
66.4714	51.1815	4.42941	15.2898	13.0701
66.4714	51.1815	4.42941	15.2898	13.0701
60.3789	19.6775	11.5382	40.7014	5.96131
60.3789	19.6775	11.5382	40.7014	5.96131
88.8193	80.0951	2.34579	8.7242	15.1537
88.8193	80.0951	2.34579	8.7242	15.1537
59.4988	38.7842	6.31741	20.7146	11.1821
59.4988	38.7842	6.31741	20.7146	11.1821
75.4881	11.8079	14.2399	63.6802	3.25955
75.4881	11.8079	14.2399	63.6802	3.25955
73.3943	12.4637	14.0277	60.9306	3.47176
73.3943	12.4637	14.0277	60.9306	3.47176
86.1478	76.9142	2.48517	9.2336	15.0143
86.1478	76.9142	2.48517	9.2336	15.0143
71.4923	58.3684	3.69003	13.1239	13.8095
71.4923	58.3684	3.69003	13.1239	13.8095
123.74	4.26923	16.1011	119.471	1.39838
123.74	4.26923	16.1011	119.471	1.39838
61.6985	43.2826	5.52275	18.4159	11.9767
61.6985	43.2826	5.52275	18.4159	11.9767
63.0583	45.7073	5.14992	17.3509	12.3496
63.0583	45.7073	5.14992	17.3509	12.3496
63.6146	46.6502	5.0144	16.9644	12.4851
63.6146	46.6502	5.0144	16.9644	12.4851
56.9658	29.4355	8.4818	27.5303	9.01769
56.9658	29.4355	8.4818	27.5303	9.01769
57.503	24.5404	9.9231	32.9626	7.57639
57.503	24.5404	9.9231	32.9626	7.57639
57.3258	32.1507	7.7749	25.1751	9.72459
57.3258	32.1507	7.7749	25.1751	9.72459
58.9919	37.5701	6.55722	21.4218	10.9423
58.9919	37.5701	6.55722	21.4218	10.9423
64.5176	16.3847	12.6882	48.1329	4.81132
64.5176	16.3847	12.6882	48.1329	4.81132
59.9212	20.1917	11.361	39.7295	6.13847
59.9212	20.1917	11.361	39.7295	6.13847
58.1836	22.8247	10.4754	35.3589	7.0241
58.1836	22.8247	10.4754	35.3589	7.0241
132.549	3.48293	16.208	129.066	1.2915
132.549	3.48293	16.208	129.066	1.2915
61.7888	43.4499	5.49585	18.3389	12.0036
61.7888	43.4499	5.49585	18.3389	12.0036
70.6897	13.4244	13.7088	57.2653	3.79069
70.6897	13.4244	13.7088	57.2653	3.79069
56.9908	29.7946	8.38447	27.1962	9.11502
56.9908	29.7946	8.38447	27.1962	9.11502
57.155	31.1879	8.01793	25.9671	9.48156
57.155	31.1879	8.01793	25.9671	9.48156
58.7609	21.7812	10.8215	36.9797	6.678
58.7609	21.7812	10.8215	36.9797	6.678
57.8649	34.332	7.25472	23.5329	10.2448
57.8649	34.332	7.25472	23.5329	10.2448
57.6682	33.6234	7.41913	24.0448	10.0804
57.6682	33.6234	7.41913	24.0448	10.0804
57.8979	23.4533	10.2705	34.4446	7.229
57.8979	23.4533	10.2705	34.4446	7.229
70.8405	13.3669	13.7281	57.4736	3.77135
70.8405	13.3669	13.7281	57.4736	3.77135
58.4046	22.396	10.6167	36.0087	6.88275
58.4046	22.396	10.6167	36.0087	6.88275
57.1843	31.3728	7.97061	25.8115	9.52888
57.1843	31.3728	7.97061	25.8115	9.52888
58.0779	23.0461	10.4029	35.0318	7.09659
58.0779	23.0461	10.4029	35.0318	7.09659
145.925	143.515	1.17907	2.40967	16.3204
145.925	143.515	1.17907	2.40967	16.3204
83.2124	9.84499	14.8404	73.3674	2.65914
83.2124	9.84499	14.8404	73.3674	2.65914
57.4015	32.5141	7.68533	24.8874	9.81416
57.4015	32.5141	7.68533	24.8874	9.81416
84.3802	74.7856	2.58706	9.59465	14.9124
84.3802	74.7856	2.58706	9.59465	14.9124
115.655	5.07026	15.9719	110.584	1.52759
115.655	5.07026	15.9719	110.584	1.52759
57.0007	27.0875	9.1469	29.9132	8.35259
57.0007	27.0875	9.1469	29.9132	8.35259
103.217	6.51631	15.6901	96.7011	1.80943
103.217	6.51631	15.6901	96.7011	1.80943
59.2752	38.2608	6.41939	21.0144	11.0801
59.2752	38.2608	6.41939	21.0144	11.0801
56.977	29.6089	8.43465	27.368	9.06484
56.977	29.6089	8.43465	27.368	9.06484
85.8977	76.6143	2.49909	9.28346	15.0004
85.8977	76.6143	2.49909	9.28346	15.0004
162.074	160.839	1.10208	1.23573	16.3974
162.074	160.839	1.10208	1.23573	16.3974
78.7367	10.9077	14.5225	67.829	2.97702
78.7367	10.9077	14.5225	67.829	2.97702
131.061	127.451	1.30746	3.61047	16.192
131.061	127.451	1.30746	3.61047	16.192
94.3554	86.5723	2.10291	7.78312	15.3966
94.3554	86.5723	2.10291	7.78312	15.3966
66.3837	51.0485	4.44513	15.3351	13.0544
66.3837	51.0485	4.44513	15.3351	13.0544
76.6703	11.4655	14.3487	65.2048	3.15078
76.6703	11.4655	14.3487	65.2048	3.15078
57.8159	34.1621	7.29374	23.6538	10.2057
57.8159	34.1621	7.29374	23.6538	10.2057
58.7069	21.8693	10.792	36.8376	6.70748
58.7069	21.8693	10.792	36.8376	6.70748
58.3491	22.4998	10.5824	35.8494	6.91708
58.3491	22.4998	10.5824	35.8494	6.91708
58.5847	22.0749	10.7234	36.5098	6.77612
58.5847	22.0749	10.7234	36.5098	6.77612
135.979	3.19577	16.2419	132.783	1.25758
135.979	3.19577	16.2419	132.783	1.25758
63.4096	46.3056	5.06335	17.104	12.4361
63.4096	46.3056	5.06335	17.104	12.4361
150.179	148.089	1.15331	2.0904	16.3462
150.179	148.089	1.15331	2.0904	16.3462
74.3193	62.1537	3.3747	12.1656	14.1248
74.3193	62.1537	3.3747	12.1656	14.1248
71.8674	58.8792	3.64482	12.9882	13.8547
71.8674	58.8792	3.64482	12.9882	13.8547
149.488	2.1417	16.3423	147.346	1.15721
149.488	2.1417	16.3423	147.346	1.15721
105.971	99.8023	1.73616	6.16825	15.7633
105.971	99.8023	1.73616	6.16825	15.7633
120.917	116.378	1.43967	4.53912	16.0598
120.917	116.378	1.43967	4.53912	16.0598
58.972	21.4518	10.9322	37.5202	6.56731
58.972	21.4518	10.9322	37.5202	6.56731
65.8648	15.6098	12.9588	50.255	4.54066
65.8648	15.6098	12.9588	50.255	4.54066
57.9187	23.4041	10.2864	34.5147	7.21304
57.9187	23.4041	10.2864	34.5147	7.21304
141.801	2.72812	16.2912	139.073	1.20831
141.801	2.72812	16.2912	139.073	1.20831
57.4392	24.7541	9.85591	32.6851	7.64358
57.4392	24.7541	9.85591	32.6851	7.64358
102.347	6.63024	15.6654	95.7172	1.83413
102.347	6.63024	15.6654	95.7172	1.83413
63.1699	45.8986	5.12202	17.2714	12.3775
63.1699	45.8986	5.12202	17.2714	12.3775
58.0356	34.8973	7.12665	23.1383	10.3728
58.0356	34.8973	7.12665	23.1383	10.3728
57.1856	31.3804	7.96868	25.8052	9.53081
57.1856	31.3804	7.96868	25.8052	9.53081
57.1461	31.1295	8.03295	26.0166	9.46654
57.1461	31.1295	8.03295	26.0166	9.46654
60.0444	39.996	6.08921	20.0484	11.4103
60.0444	39.996	6.08921	20.0484	11.4103
67.3348	14.8608	13.2187	52.474	4.28082
67.3348	14.8608	13.2187	52.474	4.28082
64.0512	47.374	4.91378	16.6773	12.5857
64.0512	47.374	4.91378	16.6773	12.5857
72.3227	59.4955	3.59142	12.8272	13.9081
72.3227	59.4955	3.59142	12.8272	13.9081
68.5306	54.2197	4.09167	14.3109	13.4078
68.5306	54.2197	4.09167	14.3109	13.4078
90.857	8.36141	15.2497	82.4956	2.24982
90.857	8.36141	15.2497	82.4956	2.24982
70.5596	13.4745	13.692	57.0851	3.80753
70.5596	13.4745	13.692	57.0851	3.80753
139.032	136.085	1.23051	2.94766	16.269
139.032	136.085	1.23051	2.94766	16.269
58.5074	22.21	10.6784	36.2974	6.82107
58.5074	22.21	10.6784	36.2974	6.82107
57.3572	32.3048	7.73676	25.0523	9.76273
57.3572	32.3048	7.73676	25.0523	9.76273
83.6984	9.73961	14.8708	73.9588	2.62866
83.6984	9.73961	14.8708	73.9588	2.62866
103.635	6.46237	15.7016	97.1722	1.79786
103.635	6.46237	15.7016	97.1722	1.79786
60.4316	19.6214	11.5576	40.8102	5.94191
60.4316	19.6214	11.5576	40.8102	5.94191
64.175	16.5983	12.6134	47.5767	4.8861
64.175	16.5983	12.6134	47.5767	4.8861
133.721	130.337	1.27947	3.38376	16.22
133.721	130.337	1.27947	3.38376	16.22
83.9831	74.3044	2.61113	9.67867	14.8884
83.9831	74.3044	2.61113	9.67867	14.8884
58.5566	22.1236	10.7071	36.433	6.79234
58.5566	22.1236	10.7071	36.433	6.79234
57.428	32.635	7.65578	24.793	9.84371
57.428	32.635	7.65578	24.793	9.84371
82.3387	72.2998	2.71575	10.0389	14.7837
82.3387	72.2998	2.71575	10.0389	14.7837
64.0848	47.429	4.90624	16.6558	12.5933
64.0848	47.429	4.90624	16.6558	12.5933
74.2654	62.0828	3.3802	12.1826	14.1193
74.2654	62.0828	3.3802	12.1826	14.1193
106.719	100.643	1.71743	6.07666	15.7821
106.719	100.643	1.71743	6.07666	15.7821
64.4295	16.439	12.6692	47.9905	4.8303
64.4295	16.439	12.6692	47.9905	4.8303
125.586	121.488	1.37337	4.09787	16.1261
125.586	121.488	1.37337	4.09787	16.1261
103.523	6.47672	15.6986	97.0466	1.80093
103.523	6.47672	15.6986	97.0466	1.80093
108.072	5.91436	15.8147	102.158	1.68483
108.072	5.91436	15.8147	102.158	1.68483
57.0767	30.6285	8.16299	26.4483	9.3365
57.0767	30.6285	8.16299	26.4483	9.3365
57.0479	26.6614	9.27288	30.3865	8.22661
57.0479	26.6614	9.27288	30.3865	8.22661
60.6602	41.2762	5.85972	19.384	11.6398
60.6602	41.2762	5.85972	19.384	11.6398
68.8072	14.1902	13.4491	54.617	4.05038
68.8072	14.1902	13.4491	54.617	4.05038
78.3244	11.0151	14.4893	67.3093	3.01015
78.3244	11.0151	14.4893	67.3093	3.01015
70.6796	13.4283	13.7075	57.2513	3.79199
70.6796	13.4283	13.7075	57.2513	3.79199
57.2296	25.59	9.59663	31.6397	7.90286
57.2296	25.59	9.59663	31.6397	7.90286
83.7965	74.0779	2.62259	9.71855	14.8769
83.7965	74.0779	2.62259	9.71855	14.8769
132.732	129.264	1.28959	3.46737	16.2099
132.732	129.264	1.28959	3.46737	16.2099
72.7203	60.0304	3.54607	12.6899	13.9534
72.7203	60.0304	3.54607	12.6899	13.9534
85.4286	9.37804	14.9739	76.0506	2.52564
85.4286	9.37804	14.9739	76.0506	2.52564
57.279	31.9102	7.83483	25.3688	9.66466
57.279	31.9102	7.83483	25.3688	9.66466
58.7722	37.0092	6.6719	21.763	10.8276
58.7722	37.0092	6.6719	21.763	10.8276
81.8942	10.14	14.754	71.7542	2.74549
81.8942	10.14	14.754	71.7542	2.74549
82.2105	72.1425	2.72426	10.0679	14.7752
82.2105	72.1425	2.72426	10.0679	14.7752
58.3052	22.5836	10.5547	35.7216	6.94476
58.3052	22.5836	10.5547	35.7216	6.94476
94.688	7.73077	15.4095	86.9572	2.08999
94.688	7.73077	15.4095	86.9572	2.08999
57.0522	30.4239	8.21674	26.6283	9.28275
57.0522	30.4239	8.21674	26.6283	9.28275
57.2541	25.478	9.63102	31.7761	7.86847
57.2541	25.478	9.63102	31.7761	7.86847
127.133	3.95716	16.1459	123.176	1.35354
127.133	3.95716	16.1459	123.176	1.35354
56.9396	28.1701	8.83407	28.7694	8.66542
56.9396	28.1701	8.83407	28.7694	8.66542
60.7142	19.3293	11.6587	41.3849	5.84077
60.7142	19.3293	11.6587	41.3849	5.84077
60.9783	41.9087	5.75057	19.0696	11.7489
60.9783	41.9087	5.75057	19.0696	11.7489
57.0849	30.6925	8.14625	26.3924	9.35324
57.0849	30.6925	8.14625	26.3924	9.35324
67.1297	52.1696	4.31515	14.9601	13.1843
67.1297	52.1696	4.31515	14.9601	13.1843
61.1732	18.8852	11.8131	42.2879	5.68643
61.1732	18.8852	11.8131	42.2879	5.68643
78.2572	11.0328	14.4839	67.2243	3.01562
78.2572	11.0328	14.4839	67.2243	3.01562
58.4451	36.1232	6.85819	22.3218	10.6413
58.4451	36.1232	6.85819	22.3218	10.6413
61.6373	43.1687	5.54116	18.4686	11.9583
61.6373	43.1687	5.54116	18.4686	11.9583
99.2908	92.2436	1.92745	7.04718	15.572
99.2908	92.2436	1.92745	7.04718	15.572
62.4478	44.6421	5.30928	17.8057	12.1902
62.4478	44.6421	5.30928	17.8057	12.1902
56.9712	27.4484	9.04147	29.5228	8.45802
56.9712	27.4484	9.04147	29.5228	8.45802
65.8674	15.6083	12.9593	50.2591	4.54015
65.8674	15.6083	12.9593	50.2591	4.54015
69.0254	14.0966	13.4811	54.9289	4.0184
69.0254	14.0966	13.4811	54.9289	4.0184
57.0406	26.7201	9.25544	30.3205	8.24405
57.0406	26.7201	9.25544	30.3205	8.24405
59.4235	38.6099	6.35113	20.8136	11.1484
59.4235	38.6099	6.35113	20.8136	11.1484
59.9141	20.2	11.3582	39.7141	6.14133
59.9141	20.2	11.3582	39.7141	6.14133
105.208	6.2628	15.7438	98.9454	1.75573
105.208	6.2628	15.7438	98.9454	1.75573
64.5292	48.1516	4.80883	16.3776	12.6907
64.5292	48.1516	4.80883	16.3776	12.6907
64.983	16.106	12.7857	48.8771	4.71381
64.983	16.106	12.7857	48.8771	4.71381
62.1933	44.1873	5.37941	18.006	12.1201
62.1933	44.1873	5.37941	18.006	12.1201
65.0974	49.058	4.69053	16.0393	12.809
65.0974	49.058	4.69053	16.0393	12.809
71.4726	58.3415	3.69243	13.1311	13.8071
71.4726	58.3415	3.69243	13.1311	13.8071
56.9681	27.4952	9.02789	29.4729	8.4716
56.9681	27.4952	9.02789	29.4729	8.4716
140.93	2.79668	16.2844	138.133	1.21506
140.93	2.79668	16.2844	138.133	1.21506
60.1294	40.1776	6.05594	19.9518	11.4435
60.1294	40.1776	6.05594	19.9518	11.4435
62.6726	45.0384	5.2492	17.6342	12.2503
62.6726	45.0384	5.2492	17.6342	12.2503
58.5415	22.1498	10.6984	36.3917	6.80107
58.5415	22.1498	10.6984	36.3917	6.80107
57.4851	32.8863	7.59481	24.5989	9.90468
57.4851	32.8863	7.59481	24.5989	9.90468
66.4334	15.3094	13.0633	51.1239	4.43621
66.4334	15.3094	13.0633	51.1239	4.43621
57.4711	32.8256	7.60949	24.6455	9.89
57.4711	32.8256	7.60949	24.6455	9.89
94.7454	7.72178	15.4117	87.0236	2.08778
94.7454	7.72178	15.4117	87.0236	2.08778
57.3687	25.0088	9.77628	32.3598	7.72321
57.3687	25.0088	9.77628	32.3598	7.72321
76.1423	64.5261	3.19845	11.6162	14.301
76.1423	64.5261	3.19845	11.6162	14.301
58.3382	22.5205	10.5755	35.8176	6.92394
58.3382	22.5205	10.5755	35.8176	6.92394
61.2211	42.3804	5.67094	18.8407	11.8285
61.2211	42.3804	5.67094	18.8407	11.8285
60.6584	19.3858	11.6392	41.2727	5.86033
60.6584	19.3858	11.6392	41.2727	5.86033
60.5333	41.0187	5.90494	19.5145	11.5946
60.5333	41.0187	5.90494	19.5145	11.5946
95.4958	7.6054	15.4402	87.8904	2.05933
95.4958	7.6054	15.4402	87.8904	2.05933
63.1974	45.9455	5.11521	17.2519	12.3843
63.1974	45.9455	5.11521	17.2519	12.3843
68.1601	14.4762	13.3511	53.6839	4.14836
68.1601	14.4762	13.3511	53.6839	4.14836
75.8692	64.1737	3.22368	11.6955	14.2758
75.8692	64.1737	3.22368	11.6955	14.2758
57.4227	32.6111	7.66162	24.8117	9.83787
57.4227	32.6111	7.66162	24.8117	9.83787
58.472	36.1989	6.84204	22.2731	10.6575
58.472	36.1989	6.84204	22.2731	10.6575
70.618	57.1661	3.79995	13.4519	13.6995
70.618	57.1661	3.79995	13.4519	13.6995
67.4559	14.8029	13.2386	52.6529	4.26084
67.4559	14.8029	13.2386	52.6529	4.26084
57.8117	34.1473	7.29716	23.6644	10.2023
57.8117	34.1473	7.29716	23.6644	10.2023
66.4275	15.3124	13.0622	51.1151	4.43726
66.4275	15.3124	13.0622	51.1151	4.43726
62.3276	44.4281	5.34212	17.8994	12.1574
62.3276	44.4281	5.34212	17.8994	12.1574
57.0908	26.353	9.36505	30.7377	8.13444
57.0908	26.353	9.36505	30.7377	8.13444
58.5872	22.0707	10.7248	36.5165	6.77472
58.5872	22.0707	10.7248	36.5165	6.77472
95.0657	7.67185	15.424	87.3938	2.07553
95.0657	7.67185	15.424	87.3938	2.07553
93.1283	85.1482	2.15208	7.98004	15.3474
93.1283	85.1482	2.15208	7.98004	15.3474
83.1167	73.2507	2.66522	9.86595	14.8343
83.1167	73.2507	2.66522	9.86595	14.8343
61.7866	43.4458	5.49651	18.3408	12.003
61.7866	43.4458	5.49651	18.3408	12.003
57.2923	25.3126	9.68203	31.9797	7.81746
57.2923	25.3126	9.68203	31.9797	7.81746
111.884	5.47699	15.8988	106.407	1.60074
111.884	5.47699	15.8988	106.407	1.60074
66.4619	15.2947	13.0684	51.1672	4.4311
66.4619	15.2947	13.0684	51.1672	4.4311
157.938	1.52767	16.3828	156.41	1.11665
157.938	1.52767	16.3828	156.41	1.11665
143.296	2.61158	16.3023	140.684	1.1972
143.296	2.61158	16.3023	140.684	1.1972
60.6051	41.1648	5.87922	19.4403	11.6203
60.6051	41.1648	5.87922	19.4403	11.6203
57.0313	26.7979	9.23237	30.2335	8.26712
57.0313	26.7979	9.23237	30.2335	8.26712
90.135	81.6474	2.28288	8.4876	15.2166
90.135	81.6474	2.28288	8.4876	15.2166
58.0308	34.8821	7.13007	23.1488	10.3694
58.0308	34.8821	7.13007	23.1488	10.3694
74.0305	12.2572	14.0951	61.7733	3.40442
74.0305	12.2572	14.0951	61.7733	3.40442
56.9369	28.3881	8.77235	28.5488	8.72714
56.9369	28.3881	8.77235	28.5488	8.72714
60.5608	19.486	11.6044	41.0748	5.89505
60.5608	19.486	11.6044	41.0748	5.89505
57.0225	26.8755	9.20938	30.147	8.29011
57.0225	26.8755	9.20938	30.147	8.29011
99.1099	7.07273	15.5662	92.0371	1.93331
99.1099	7.07273	15.5662	92.0371	1.93331
56.9669	29.4538	8.4768	27.5131	9.02269
56.9669	29.4538	8.4768	27.5131	9.02269
67.486	52.6975	4.25589	14.7886	13.2436
67.486	52.6975	4.25589	14.7886	13.2436
61.3832	42.6903	5.61943	18.6929	11.8801
61.3832	42.6903	5.61943	18.6929	11.8801
56.9422	28.0554	8.86673	28.8868	8.63276
56.9422	28.0554	8.86673	28.8868	8.63276
117.009	112.079	1.50349	4.92979	15.996
117.009	112.079	1.50349	4.92979	15.996
77.185	65.8631	3.10564	11.3219	14.3939
77.185	65.8631	3.10564	11.3219	14.3939
63.8356	47.0183	4.96287	16.8174	12.5366
63.8356	47.0183	4.96287	16.8174	12.5366
57.0591	26.5759	9.29835	30.4831	8.20114
57.0591	26.5759	9.29835	30.4831	8.20114
85.0442	75.5875	2.54782	9.45661	14.9517
85.0442	75.5875	2.54782	9.45661	14.9517
82.5388	72.5448	2.70257	9.99399	14.7969
82.5388	72.5448	2.70257	9.99399	14.7969
61.8221	43.5114	5.48601	18.3107	12.0135
61.8221	43.5114	5.48601	18.3107	12.0135
56.9371	28.5859	8.71672	28.3512	8.78277
56.9371	28.5859	8.71672	28.3512	8.78277
65.3696	15.8836	12.8634	49.486	4.63613
65.3696	15.8836	12.8634	49.486	4.63613
90.2986	8.45878	15.2242	81.8398	2.2753
90.2986	8.45878	15.2242	81.8398	2.2753
56.9626	27.5832	9.00238	29.3794	8.49711
56.9626	27.5832	9.00238	29.3794	8.49711
65.9153	50.3328	4.53116	15.5825	12.9683
65.9153	50.3328	4.53116	15.5825	12.9683
124.498	120.3	1.38793	4.19841	16.1116
124.498	120.3	1.38793	4.19841	16.1116
75.3677	63.5238	3.27105	11.8439	14.2284
75.3677	63.5238	3.27105	11.8439	14.2284
56.9368	28.5387	8.72997	28.3981	8.76952
56.9368	28.5387	8.72997	28.3981	8.76952
60.3882	40.7207	5.95787	19.6675	11.5416
60.3882	40.7207	5.95787	19.6675	11.5416
72.3901	59.5864	3.58365	12.8037	13.9158
72.3901	59.5864	3.58365	12.8037	13.9158
59.4769	38.7338	6.32714	20.7431	11.1723
59.4769	38.7338	6.32714	20.7431	11.1723
65.6978	49.9971	4.57236	15.7007	12.9271
65.6978	49.9971	4.57236	15.7007	12.9271
61.0297	19.0203	11.766	42.0094	5.73345
61.0297	19.0203	11.766	42.0094	5.73345
60.5156	40.9827	5.91131	19.5329	11.5882
60.5156	40.9827	5.91131	19.5329	11.5882
59.5011	38.7895	6.31638	20.7116	11.1831
59.5011	38.7895	6.31638	20.7116	11.1831
68.6724	14.2488	13.4291	54.4236	4.07039
68.6724	14.2488	13.4291	54.4236	4.07039
58.6801	36.7664	6.72231	21.9136	10.7772
58.6801	36.7664	6.72231	21.9136	10.7772
62.2413	44.2736	5.366	17.9676	12.1335
62.2413	44.2736	5.366	17.9676	12.1335
75.9224	64.2424	3.21873	11.68	14.2808
75.9224	64.2424	3.21873	11.68	14.2808
63.5869	46.6038	5.02095	16.9831	12.4785
63.5869	46.6038	5.02095	16.9831	12.4785
90.7972	82.4255	2.25252	8.37176	15.247
90.7972	82.4255	2.25252	8.37176	15.247
70.9707	57.6531	3.75482	13.3176	13.7447
70.9707	57.6531	3.75482	13.3176	13.7447
144.796	142.3	1.18665	2.49594	16.3128
144.796	142.3	1.18665	2.49594	16.3128
81.5178	71.2911	2.77119	10.2267	14.7283
81.5178	71.2911	2.77119	10.2267	14.7283
85.4146	9.38089	14.9731	76.0337	2.52644
85.4146	9.38089	14.9731	76.0337	2.52644
77.8201	11.1491	14.4478	66.671	3.05168
77.8201	11.1491	14.4478	66.671	3.05168
76.3938	64.8498	3.17557	11.5439	14.3239
76.3938	64.8498	3.17557	11.5439	14.3239
57.2906	31.9713	7.81955	25.3193	9.67994
57.2906	31.9713	7.81955	25.3193	9.67994
126.521	122.508	1.36127	4.01252	16.1382
126.521	122.508	1.36127	4.01252	16.1382
59.8117	39.4893	6.1833	20.3223	11.3162
59.8117	39.4893	6.1833	20.3223	11.3162
57.8351	34.2291	7.27833	23.606	10.2212
57.8351	34.2291	7.27833	23.606	10.2212
79.5943	68.9045	2.91037	10.6898	14.5891
79.5943	68.9045	2.91037	10.6898	14.5891
57.2304	31.6441	7.90175	25.5863	9.59774
57.2304	31.6441	7.90175	25.5863	9.59774
81.809	71.6496	2.75126	10.1595	14.7482
81.809	71.6496	2.75126	10.1595	14.7482
63.664	16.9313	12.4967	46.7327	5.00278
63.664	16.9313	12.4967	46.7327	5.00278
58.3015	22.5908	10.5523	35.7106	6.94715
58.3015	22.5908	10.5523	35.7106	6.94715
61.7157	18.4012	11.9819	43.3145	5.5176
61.7157	18.4012	11.9819	43.3145	5.5176
62.7255	45.1309	5.23531	17.5945	12.2642
62.7255	45.1309	5.23531	17.5945	12.2642
103.474	96.9912	1.80228	6.48304	15.6972
103.474	96.9912	1.80228	6.48304	15.6972
60.5554	19.4915	11.6025	41.0638	5.89698
60.5554	19.4915	11.6025	41.0638	5.89698
75.6478	63.8873	3.24442	11.7606	14.2551
75.6478	63.8873	3.24442	11.7606	14.2551
56.9414	28.8523	8.64236	28.0891	8.85713
56.9414	28.8523	8.64236	28.0891	8.85713
70.9608	57.6394	3.75607	13.3213	13.7434
70.9608	57.6394	3.75607	13.3213	13.7434
57.1814	25.8265	9.52431	31.3549	7.97518
57.1814	25.8265	9.52431	31.3549	7.97518
71.7153	58.6725	3.66301	13.0429	13.8365
71.7153	58.6725	3.66301	13.0429	13.8365
58.3036	35.7169	6.94579	22.5867	10.5537
58.3036	35.7169	6.94579	22.5867	10.5537
74.6508	62.5887	3.34122	12.0621	14.1583
74.6508	62.5887	3.34122	12.0621	14.1583
89.1794	80.5209	2.32822	8.65856	15.1713
89.1794	80.5209	2.32822	8.65856	15.1713
57.4149	32.5755	7.67032	24.8394	9.82917
57.4149	32.5755	7.67032	24.8394	9.82917
110.116	104.44	1.63838	5.67637	15.8611
110.116	104.44	1.63838	5.67637	15.8611
57.7807	34.0373	7.32256	23.7434	10.1769
57.7807	34.0373	7.32256	23.7434	10.1769
56.9775	29.6166	8.43256	27.3609	9.06693
56.9775	29.6166	8.43256	27.3609	9.06693
58.2393	22.7126	10.5122	35.5267	6.98726
58.2393	22.7126	10.5122	35.5267	6.98726
94.3289	86.5416	2.10394	7.7873	15.3955
94.3289	86.5416	2.10394	7.7873	15.3955
60.2152	19.8559	11.4766	40.3592	6.0229
60.2152	19.8559	11.4766	40.3592	6.0229
60.9053	41.7652	5.77509	19.1401	11.7244
60.9053	41.7652	5.77509	19.1401	11.7244
171.545	0.581428	16.4189	170.964	1.08056
171.545	0.581428	16.4189	170.964	1.08056
59.8732	39.6247	6.15797	20.2485	11.3415
59.8732	39.6247	6.15797	20.2485	11.3415
57.1179	30.9369	8.08266	26.181	9.41683
57.1179	30.9369	8.08266	26.181	9.41683
82.8605	72.9381	2.68165	9.92239	14.8178
82.8605	72.9381	2.68165	9.92239	14.8178
136.127	3.18356	16.2433	132.944	1.2562
136.127	3.18356	16.2433	132.944	1.2562
122.622	4.37493	16.0852	118.247	1.41427
122.622	4.37493	16.0852	118.247	1.41427
91.7517	8.20844	15.2893	83.5432	2.21022
91.7517	8.20844	15.2893	83.5432	2.21022
72.666	12.7085	13.9473	59.9575	3.5522
72.666	12.7085	13.9473	59.9575	3.5522
61.385	18.6914	11.8806	42.6936	5.61889
61.385	18.6914	11.8806	42.6936	5.61889
59.4178	38.5967	6.35371	20.8211	11.1458
59.4178	38.5967	6.35371	20.8211	11.1458
71.5978	13.0854	13.8223	58.5124	3.67719
71.5978	13.0854	13.8223	58.5124	3.67719
69.3551	55.3974	3.97109	13.9577	13.5284
69.3551	55.3974	3.97109	13.9577	13.5284
69.4691	55.5588	3.95499	13.9103	13.5445
69.4691	55.5588	3.95499	13.9103	13.5445
58.4187	22.3701	10.6253	36.0486	6.87418
58.4187	22.3701	10.6253	36.0486	6.87418
60.3195	40.5778	5.98347	19.7416	11.516
60.3195	40.5778	5.98347	19.7416	11.516
75.2622	11.8755	14.2183	63.3866	3.28119
75.2622	11.8755	14.2183	63.3866	3.28119
58.3365	22.5238	10.5745	35.8127	6.92502
58.3365	22.5238	10.5745	35.8127	6.92502
57.1655	31.2553	8.00064	25.9101	9.49885
57.1655	31.2553	8.00064	25.9101	9.49885
59.1859	38.0467	6.46171	21.1392	11.0378
59.1859	38.0467	6.46171	21.1392	11.0378
56.9916	29.8044	8.38183	27.1872	9.11766
56.9916	29.8044	8.38183	27.1872	9.11766
62.8903	45.4176	5.19259	17.4727	12.3069
62.8903	45.4176	5.19259	17.4727	12.3069
76.9664	11.3825	14.3748	65.5839	3.12465
76.9664	11.3825	14.3748	65.5839	3.12465
57.3665	32.3494	7.72579	25.0171	9.7737
57.3665	32.3494	7.72579	25.0171	9.7737
56.9667	27.517	9.02154	29.4496	8.47795
56.9667	27.517	9.02154	29.4496	8.47795
144.594	142.082	1.18803	2.51145	16.3115
144.594	142.082	1.18803	2.51145	16.3115
68.8129	54.6252	4.04953	14.1877	13.45
68.8129	54.6252	4.04953	14.1877	13.45
116.631	4.96865	15.9894	111.663	1.5101
116.631	4.96865	15.9894	111.663	1.5101
57.2732	25.3938	9.65694	31.8794	7.84255
57.2732	25.3938	9.65694	31.8794	7.84255
61.4728	18.6129	11.908	42.8599	5.59152
61.4728	18.6129	11.908	42.8599	5.59152
67.353	14.8521	13.2217	52.501	4.2778
67.353	14.8521	13.2217	52.501	4.2778
57.1739	31.3085	7.98703	25.8654	9.51246
57.1739	31.3085	7.98703	25.8654	9.51246
62.8416	17.5084	12.2944	45.3333	5.20511
62.8416	17.5084	12.2944	45.3333	5.20511
74.506	62.3988	3.35577	12.1072	14.1437
74.506	62.3988	3.35577	12.1072	14.1437
57.5833	33.2927	7.49736	24.2906	10.0021
57.5833	33.2927	7.49736	24.2906	10.0021
60.3371	19.7226	11.5226	40.6145	5.97688
60.3371	19.7226	11.5226	40.6145	5.97688
56.9808	29.6623	8.4202	27.3185	9.07929
56.9808	29.6623	8.4202	27.3185	9.07929
62.1584	18.0339	12.1103	44.1245	5.3892
62.1584	18.0339	12.1103	44.1245	5.3892
60.8649	19.1796	11.7107	41.6853	5.78882
60.8649	19.1796	11.7107	41.6853	5.78882
81.0749	70.7445	2.80205	10.3304	14.6974
81.0749	70.7445	2.80205	10.3304	14.6974
74.0646	12.2463	14.0986	61.8183	3.40088
74.0646	12.2463	14.0986	61.8183	3.40088
112.753	5.38117	15.9164	107.372	1.58306
112.753	5.38117	15.9164	107.372	1.58306
86.1244	76.8861	2.48647	9.23827	15.013
86.1244	76.8861	2.48647	9.23827	15.013
76.6722	65.2073	3.1506	11.4649	14.3489
76.6722	65.2073	3.1506	11.4649	14.3489
59.1832	21.1431	11.0365	38.0401	6.46303
59.1832	21.1431	11.0365	38.0401	6.46303
66.7684	15.1389	13.1224	51.6295	4.37706
66.7684	15.1389	13.1224	51.6295	4.37706
60.6746	41.3054	5.85462	19.3693	11.6449
60.6746	41.3054	5.85462	19.3693	11.6449
56.9946	27.1542	9.12734	29.8404	8.37215
56.9946	27.1542	9.12734	29.8404	8.37215
57.5717	24.3255	9.99104	33.2461	7.50845
57.5717	24.3255	9.99104	33.2461	7.50845
58.0941	23.0115	10.4142	35.0825	7.08528
58.0941	23.0115	10.4142	35.0825	7.08528
56.9519	27.7872	8.94352	29.1647	8.55597
56.9519	27.7872	8.94352	29.1647	8.55597
65.2416	49.2853	4.66152	15.9563	12.838
65.2416	49.2853	4.66152	15.9563	12.838
62.8021	45.2644	5.21536	17.5376	12.2841
62.8021	45.2644	5.21536	17.5376	12.2841
58.1016	35.1062	7.08002	22.9954	10.4195
58.1016	35.1062	7.08002	22.9954	10.4195
57.3881	24.9364	9.79888	32.4517	7.70061
57.3881	24.9364	9.79888	32.4517	7.70061
57.6282	24.1585	10.0441	33.4696	7.45538
57.6282	24.1585	10.0441	33.4696	7.45538
60.6799	41.3159	5.85278	19.364	11.6467
60.6799	41.3159	5.85278	19.364	11.6467
62.8199	17.5244	12.2887	45.2954	5.21074
62.8199	17.5244	12.2887	45.2954	5.21074
75.8747	64.1808	3.22317	11.6939	14.2763
75.8747	64.1808	3.22317	11.6939	14.2763
59.1958	21.1252	11.0425	38.0707	6.45696
59.1958	21.1252	11.0425	38.0707	6.45696
65.9727	50.421	4.52043	15.5516	12.9791
65.9727	50.421	4.52043	15.5516	12.9791
60.4197	40.7858	5.94626	19.634	11.5532
60.4197	40.7858	5.94626	19.634	11.5532
58.4633	36.1744	6.84725	22.2888	10.6522
58.4633	36.1744	6.84725	22.2888	10.6522
58.4337	36.0912	6.86504	22.3425	10.6344
58.4337	36.0912	6.86504	22.3425	10.6344
62.3773	44.5169	5.32846	17.8604	12.171
62.3773	44.5169	5.32846	17.8604	12.171
57.2836	25.3491	9.67074	31.9345	7.82875
57.2836	25.3491	9.67074	31.9345	7.82875
71.3129	13.1899	13.7874	58.123	3.71205
71.3129	13.1899	13.7874	58.123	3.71205
82.2805	10.0521	14.7799	72.2284	2.71961
82.2805	10.0521	14.7799	72.2284	2.71961
61.4399	42.7978	5.60172	18.6421	11.8978
61.4399	42.7978	5.60172	18.6421	11.8978
58.0962	23.007	10.4157	35.0892	7.0838
58.0962	23.007	10.4157	35.0892	7.0838
76.1632	64.553	3.19654	11.6101	14.3029
76.1632	64.553	3.19654	11.6101	14.3029
72.6282	59.9067	3.55647	12.7215	13.943
72.6282	59.9067	3.55647	12.7215	13.943
58.3579	35.8748	6.91158	22.4831	10.5879
58.3579	35.8748	6.91158	22.4831	10.5879
68.1231	14.493	13.3454	53.63	4.15413
68.1231	14.493	13.3454	53.63	4.15413
117.289	112.388	1.49864	4.90107	16.0008
117.289	112.388	1.49864	4.90107	16.0008
70.7678	57.3733	3.78065	13.3945	13.7188
70.7678	57.3733	3.78065	13.3945	13.7188
59.3049	38.3314	6.40552	20.9735	11.094
59.3049	38.3314	6.40552	20.9735	11.094
94.2623	86.4645	2.10655	7.79784	15.3929
94.2623	86.4645	2.10655	7.79784	15.3929
116.909	4.94003	15.9943	111.969	1.50523
116.909	4.94003	15.9943	111.969	1.50523
96.8646	7.39842	15.49	89.4662	2.00953
96.8646	7.39842	15.49	89.4662	2.00953
67.6601	52.9536	4.22757	14.7064	13.2719
67.6601	52.9536	4.22757	14.7064	13.2719
95.6831	7.57669	15.4471	88.1064	2.05235
95.6831	7.57669	15.4471	88.1064	2.05235
62.9336	17.441	12.318	45.4926	5.1815
62.9336	17.441	12.318	45.4926	5.1815
59.2036	38.0895	6.45323	21.1142	11.0463
59.2036	38.0895	6.45323	21.1142	11.0463
69.8049	13.7729	13.5911	56.032	3.90834
69.8049	13.7729	13.5911	56.032	3.90834
62.6893	17.6216	12.2547	45.0677	5.2448
62.6893	17.6216	12.2547	45.0677	5.2448
58.6547	36.6988	6.73645	21.956	10.763
58.6547	36.6988	6.73645	21.956	10.763
61.091	18.9622	11.7862	42.1287	5.71325
61.091	18.9622	11.7862	42.1287	5.71325
58.7919	21.7313	10.8382	37.0606	6.66127
58.7919	21.7313	10.8382	37.0606	6.66127
57.9089	34.4817	7.22054	23.4272	10.279
57.9089	34.4817	7.22054	23.4272	10.279
78.7287	67.8189	2.97766	10.9098	14.5218
78.7287	67.8189	2.97766	10.9098	14.5218
62.6987	17.6145	12.2572	45.0842	5.24232
62.6987	17.6145	12.2572	45.0842	5.24232
66.6881	51.5087	4.39109	15.1794	13.1084
66.6881	51.5087	4.39109	15.1794	13.1084
60.6893	19.3544	11.65	41.3349	5.84948
60.6893	19.3544	11.65	41.3349	5.84948
57.7352	23.8623	10.1387	33.8729	7.36075
57.7352	23.8623	10.1387	33.8729	7.36075
74.8392	62.8351	3.3225	12.0041	14.177
74.8392	62.8351	3.3225	12.0041	14.177
62.3805	44.5225	5.3276	17.858	12.1719
62.3805	44.5225	5.3276	17.858	12.1719
110.642	105.026	1.62694	5.61642	15.8725
110.642	105.026	1.62694	5.61642	15.8725
102.38	95.754	1.8332	6.62596	15.6663
102.38	95.754	1.8332	6.62596	15.6663
63.0383	45.6731	5.15494	17.3653	12.3446
63.0383	45.6731	5.15494	17.3653	12.3446
57.0773	26.444	9.33778	30.6333	8.16171
57.0773	26.444	9.33778	30.6333	8.16171
131.184	3.59985	16.1934	127.584	1.30611
131.184	3.59985	16.1934	127.584	1.30611
61.997	43.8319	5.43511	18.1651	12.0644
61.997	43.8319	5.43511	18.1651	12.0644
72.1289	12.8953	13.8855	59.2336	3.61396
72.1289	12.8953	13.8855	59.2336	3.61396
107.996	5.92341	15.8129	102.072	1.68663
107.996	5.92341	15.8129	102.072	1.68663
74.9687	63.0042	3.30974	11.9644	14.1897
74.9687	63.0042	3.30974	11.9644	14.1897
57.0235	30.1567	8.28751	26.8667	9.21198
57.0235	30.1567	8.28751	26.8667	9.21198
61.9699	43.7824	5.44293	18.1875	12.0566
61.9699	43.7824	5.44293	18.1875	12.0566
59.6658	39.1642	6.24467	20.5016	11.2548
59.6658	39.1642	6.24467	20.5016	11.2548
57.6043	24.2281	10.022	33.3762	7.47752
57.6043	24.2281	10.022	33.3762	7.47752
64.1913	47.6033	4.88249	16.588	12.617
64.1913	47.6033	4.88249	16.588	12.617
57.0418	26.7107	9.25822	30.331	8.24127
57.0418	26.7107	9.25822	30.331	8.24127
59.8815	39.6428	6.15459	20.2387	11.3449
59.8815	39.6428	6.15459	20.2387	11.3449
56.9667	29.4497	8.47792	27.5169	9.02156
56.9667	29.4497	8.47792	27.5169	9.02156
57.067	30.5495	8.1837	26.5175	9.31578
57.067	30.5495	8.1837	26.5175	9.31578
57.186	31.3832	7.96797	25.8028	9.53152
57.186	31.3832	7.96797	25.8028	9.53152
95.4012	7.61996	15.4366	87.7812	2.06287
95.4012	7.61996	15.4366	87.7812	2.06287
62.4505	44.647	5.30853	17.8035	12.191
62.4505	44.647	5.30853	17.8035	12.191
67.2473	14.903	13.2041	52.3444	4.29539
67.2473	14.903	13.2041	52.3444	4.29539
65.8453	15.6203	12.9552	50.225	4.54433
65.8453	15.6203	12.9552	50.225	4.54433
59.6398	20.5342	11.2437	39.1056	6.25582
59.6398	20.5342	11.2437	39.1056	6.25582
62.3245	17.9018	12.1565	44.4227	5.34295
62.3245	17.9018	12.1565	44.4227	5.34295
75.7672	64.0418	3.2332	11.7254	14.2663
75.7672	64.0418	3.2332	11.7254	14.2663
71.7487	13.0308	13.8405	58.7179	3.659
71.7487	13.0308	13.8405	58.7179	3.659
57.4596	32.7754	7.62164	24.6842	9.87785
57.4596	32.7754	7.62164	24.6842	9.87785
58.8529	21.6348	10.8706	37.2181	6.62888
58.8529	21.6348	10.8706	37.2181	6.62888
67.1821	52.2474	4.30633	14.9346	13.1932
67.1821	52.2474	4.30633	14.9346	13.1932
58.2694	22.6532	10.5318	35.6162	6.9677
58.2694	22.6532	10.5318	35.6162	6.9677
109.607	103.872	1.64966	5.7349	15.8498
109.607	103.872	1.64966	5.7349	15.8498
57.0872	30.7103	8.14158	26.3768	9.35791
57.0872	30.7103	8.14158	26.3768	9.35791
74.0699	12.2446	14.0992	61.8252	3.40033
74.0699	12.2446	14.0992	61.8252	3.40033
70.8373	13.3681	13.7277	57.4692	3.77176
70.8373	13.3681	13.7277	57.4692	3.77176
72.2463	12.854	13.8992	59.3924	3.60027
72.2463	12.854	13.8992	59.3924	3.60027
65.4475	49.6078	4.62082	15.8397	12.8787
65.4475	49.6078	4.62082	15.8397	12.8787
75.562	11.786	14.247	63.7761	3.25253
75.562	11.786	14.247	63.7761	3.25253
57.6209	33.4416	7.46202	24.1794	10.0375
57.6209	33.4416	7.46202	24.1794	10.0375
102.072	95.4056	1.84211	6.6667	15.6574
102.072	95.4056	1.84211	6.6667	15.6574
109.171	5.78532	15.84	103.386	1.65944
109.171	5.78532	15.84	103.386	1.65944
123.629	4.27967	16.0996	119.35	1.39993
123.629	4.27967	16.0996	119.35	1.39993
63.8459	16.8106	12.539	47.0353	4.9605
63.8459	16.8106	12.539	47.0353	4.9605
57.3618	25.0348	9.76818	32.3269	7.73131
57.3618	25.0348	9.76818	32.3269	7.73131
91.6231	8.2302	15.2837	83.3929	2.21582
91.6231	8.2302	15.2837	83.3929	2.21582
56.9636	27.5667	9.00714	29.3968	8.49235
56.9636	27.5667	9.00714	29.3968	8.49235
133.78	130.401	1.27888	3.37878	16.2206
133.78	130.401	1.27888	3.37878	16.2206
105.22	6.26133	15.7441	98.9587	1.75542
105.22	6.26133	15.7441	98.9587	1.75542
60.3931	40.7307	5.95609	19.6624	11.5434
60.3931	40.7307	5.95609	19.6624	11.5434
62.9312	17.4428	12.3174	45.4884	5.18213
62.9312	17.4428	12.3174	45.4884	5.18213
60.1196	40.1568	6.05973	19.9628	11.4398
60.1196	40.1568	6.05973	19.9628	11.4398
59.9307	20.1805	11.3649	39.7503	6.1346
59.9307	20.1805	11.3649	39.7503	6.1346
65.5758	15.7681	12.9037	49.8077	4.59584
65.5758	15.7681	12.9037	49.8077	4.59584
56.9816	27.3078	9.08241	29.6738	8.41708
56.9816	27.3078	9.08241	29.6738	8.41708
57.0215	30.1366	8.29287	26.8849	9.20662
57.0215	30.1366	8.29287	26.8849	9.20662
58.8602	37.2368	6.62506	21.6234	10.8744
58.8602	37.2368	6.62506	21.6234	10.8744
57.0645	30.5292	8.18901	26.5353	9.31048
57.0645	30.5292	8.18901	26.5353	9.31048
108.496	102.632	1.67492	5.86427	15.8246
108.496	102.632	1.67492	5.86427	15.8246
57.4784	32.8572	7.60184	24.6212	9.89765
57.4784	32.8572	7.60184	24.6212	9.89765
57.812	23.6639	10.2025	34.1481	7.29697
57.812	23.6639	10.2025	34.1481	7.29697
57.5567	33.1853	7.52297	24.3714	9.97651
57.5567	33.1853	7.52297	24.3714	9.97651
61.4711	42.8567	5.59204	18.6144	11.9074
61.4711	42.8567	5.59204	18.6144	11.9074
58.8556	37.2251	6.62745	21.6305	10.872
58.8556	37.2251	6.62745	21.6305	10.872
76.3211	64.7564	3.18214	11.5647	14.3173
76.3211	64.7564	3.18214	11.5647	14.3173
58.6886	21.8995	10.7819	36.7891	6.71758
58.6886	21.8995	10.7819	36.7891	6.71758
148.232	2.23549	16.3349	145.996	1.16457
148.232	2.23549	16.3349	145.996	1.16457
67.8343	14.6253	13.2999	53.2091	4.19961
67.8343	14.6253	13.2999	53.2091	4.19961
83.0016	9.89124	14.8269	73.1104	2.67258
83.0016	9.89124	14.8269	73.1104	2.67258
58.2254	35.485	6.9964	22.7404	10.5031
58.2254	35.485	6.9964	22.7404	10.5031
57.6841	33.6835	7.40501	24.0006	10.0945
57.6841	33.6835	7.40501	24.0006	10.0945
68.1379	53.6517	4.15181	14.4863	13.3477
68.1379	53.6517	4.15181	14.4863	13.3477
123.128	4.32698	16.0925	118.801	1.40702
123.128	4.32698	16.0925	118.801	1.40702
67.4232	14.8185	13.2333	52.6047	4.26621
67.4232	14.8185	13.2333	52.6047	4.26621
113.186	5.33384	15.9251	107.852	1.57443
113.186	5.33384	15.9251	107.852	1.57443
85.062	75.6091	2.54677	9.45294	14.9527
85.062	75.6091	2.54677	9.45294	14.9527
58.4601	36.1654	6.84918	22.2947	10.6503
58.4601	36.1654	6.84918	22.2947	10.6503
61.5561	18.5394	11.9336	43.0167	5.56587
61.5561	18.5394	11.9336	43.0167	5.56587
87.9694	8.88186	15.1111	79.0876	2.38836
87.9694	8.88186	15.1111	79.0876	2.38836
58.6111	36.5815	6.76104	22.0297	10.7384
58.6111	36.5815	6.76104	22.0297	10.7384
59.4196	38.6007	6.35292	20.8188	11.1466
59.4196	38.6007	6.35292	20.8188	11.1466
133.991	3.36101	16.2227	130.63	1.27676
133.991	3.36101	16.2227	130.63	1.27676
96.534	7.4478	15.4782	89.0862	2.02131
96.534	7.4478	15.4782	89.0862	2.02131
68.792	14.1968	13.4469	54.5952	4.05262
68.792	14.1968	13.4469	54.5952	4.05262
86.6166	9.14121	15.04	77.4754	2.4595
86.6166	9.14121	15.04	77.4754	2.4595
113.94	5.25225	15.9398	108.688	1.55971
113.94	5.25225	15.9398	108.688	1.55971
107.851	5.94058	15.8094	101.911	1.69005
107.851	5.94058	15.8094	101.911	1.69005
62.3768	44.516	5.3286	17.8608	12.1709
62.3768	44.516	5.3286	17.8608	12.1709
110.539	5.62819	15.8703	104.91	1.62918
110.539	5.62819	15.8703	104.91	1.62918
57.3054	25.2578	9.69896	32.0476	7.80053
57.3054	25.2578	9.69896	32.0476	7.80053
60.8335	41.6229	5.79954	19.2105	11.6999
60.8335	41.6229	5.79954	19.2105	11.6999
59.8629	20.2609	11.3373	39.602	6.16221
59.8629	20.2609	11.3373	39.602	6.16221
57.0104	26.9889	9.17592	30.0215	8.32357
57.0104	26.9889	9.17592	30.0215	8.32357
67.0537	52.0563	4.32802	14.9973	13.1715
67.0537	52.0563	4.32802	14.9973	13.1715
86.8462	77.7498	2.44712	9.09643	15.0524
86.8462	77.7498	2.44712	9.09643	15.0524
81.3081	10.2756	14.7138	71.0325	2.78572
81.3081	10.2756	14.7138	71.0325	2.78572
114.399	109.196	1.55093	5.20306	15.9486
114.399	109.196	1.55093	5.20306	15.9486
76.4876	64.9704	3.16711	11.5172	14.3324
76.4876	64.9704	3.16711	11.5172	14.3324
58.1865	22.8189	10.4773	35.3676	7.02218
58.1865	22.8189	10.4773	35.3676	7.02218
57.4537	32.7492	7.62799	24.7044	9.8715
57.4537	32.7492	7.62799	24.7044	9.8715
57.8424	34.2544	7.27253	23.588	10.227
57.8424	34.2544	7.27253	23.588	10.227
58.5117	36.3094	6.81852	22.2023	10.681
58.5117	36.3094	6.81852	22.2023	10.681
64.6296	16.3165	12.712	48.3131	4.78744
64.6296	16.3165	12.712	48.3131	4.78744
70.6736	13.4306	13.7067	57.243	3.79276
70.6736	13.4306	13.7067	57.243	3.79276
63.9519	16.7414	12.5632	47.2105	4.93625
63.9519	16.7414	12.5632	47.2105	4.93625
67.3905	52.5564	4.27161	14.8341	13.2279
67.3905	52.5564	4.27161	14.8341	13.2279
109.947	104.251	1.6421	5.69575	15.8574
109.947	104.251	1.6421	5.69575	15.8574
57.653	33.5657	7.43272	24.0874	10.0668
57.653	33.5657	7.43272	24.0874	10.0668
103.408	6.49158	15.6954	96.9166	1.80411
103.408	6.49158	15.6954	96.9166	1.80411
107.558	101.582	1.69704	5.9756	15.8024
107.558	101.582	1.69704	5.9756	15.8024
151.806	1.9705	16.3549	149.836	1.14456
151.806	1.9705	16.3549	149.836	1.14456
68.1757	53.7065	4.14594	14.4692	13.3535
68.1757	53.7065	4.14594	14.4692	13.3535
65.1576	49.1531	4.67836	16.0045	12.8211
65.1576	49.1531	4.67836	16.0045	12.8211
59.0578	37.7337	6.52423	21.324	10.9753
59.0578	37.7337	6.52423	21.324	10.9753
108.795	5.82918	15.8315	102.966	1.66802
108.795	5.82918	15.8315	102.966	1.66802
144.551	142.037	1.18833	2.5147	16.3112
144.551	142.037	1.18833	2.5147	16.3112
60.1729	19.9029	11.4604	40.27	6.03911
60.1729	19.9029	11.4604	40.27	6.03911
83.593	9.7623	14.8643	73.8307	2.6352
83.593	9.7623	14.8643	73.8307	2.6352
64.7653	16.2348	12.7406	48.5305	4.75886
64.7653	16.2348	12.7406	48.5305	4.75886
65.7823	50.1277	4.55626	15.6546	12.9432
65.7823	50.1277	4.55626	15.6546	12.9432
73.0241	60.4372	3.51218	12.5869	13.9873
73.0241	60.4372	3.51218	12.5869	13.9873
60.6347	19.4099	11.6308	41.2248	5.86871
60.6347	19.4099	11.6308	41.2248	5.86871
75.4435	11.8212	14.2357	63.6222	3.2638
75.4435	11.8212	14.2357	63.6222	3.2638
59.5878	38.9879	6.27828	20.5999	11.2212
59.5878	38.9879	6.27828	20.5999	11.2212
67.0105	51.9919	4.33538	15.0186	13.1641
67.0105	51.9919	4.33538	15.0186	13.1641
65.1055	49.0708	4.68889	16.0346	12.8106
65.1055	49.0708	4.68889	16.0346	12.8106
87.0185	9.06305	15.0616	77.9555	2.43792
87.0185	9.06305	15.0616	77.9555	2.43792
61.4442	18.6383	11.8991	42.8059	5.60039
61.4442	18.6383	11.8991	42.8059	5.60039
57.348	32.2604	7.74773	25.0876	9.75176
57.348	32.2604	7.74773	25.0876	9.75176
109.299	5.77051	15.8429	103.528	1.65656
109.299	5.77051	15.8429	103.528	1.65656
60.5164	40.9842	5.91104	19.5321	11.5884
60.5164	40.9842	5.91104	19.5321	11.5884
67.2368	52.3287	4.29716	14.9081	13.2023
67.2368	52.3287	4.29716	14.9081	13.2023
68.5899	54.3051	4.08274	14.2848	13.4168
68.5899	54.3051	4.08274	14.2848	13.4168
57.0836	30.6828	8.14879	26.4009	9.3507
57.0836	30.6828	8.14879	26.4009	9.3507
131.488	3.57367	16.1967	127.914	1.3028
131.488	3.57367	16.1967	127.914	1.3028
144.61	2.5102	16.3116	142.1	1.18792
144.61	2.5102	16.3116	142.1	1.18792
98.0963	90.8786	1.96691	7.21771	15.5326
98.0963	90.8786	1.96691	7.21771	15.5326
58.9234	37.3978	6.59217	21.5256	10.9073
58.9234	37.3978	6.59217	21.5256	10.9073
80.1681	69.62	2.86741	10.5481	14.6321
80.1681	69.62	2.86741	10.5481	14.6321
56.9917	29.8051	8.38164	27.1866	9.11785
56.9917	29.8051	8.38164	27.1866	9.11785
90.139	81.6521	2.2827	8.4869	15.2168
90.139	81.6521	2.2827	8.4869	15.2168
74.4465	12.1257	14.1377	62.3208	3.36178
74.4465	12.1257	14.1377	62.3208	3.36178
76.7511	11.4427	14.3559	65.3084	3.1436
76.7511	11.4427	14.3559	65.3084	3.1436
135.688	3.21974	16.2392	132.469	1.2603
135.688	3.21974	16.2392	132.469	1.2603
57.0936	30.7597	8.1287	26.3339	9.37079
57.0936	30.7597	8.1287	26.3339	9.37079
61.3993	42.7208	5.61441	18.6785	11.8851
61.3993	42.7208	5.61441	18.6785	11.8851
62.6107	44.9298	5.26557	17.6809	12.2339
62.6107	44.9298	5.26557	17.6809	12.2339
82.6722	9.96421	14.8056	72.708	2.69386
82.6722	9.96421	14.8056	72.708	2.69386
58.042	23.1242	10.3774	34.9178	7.12207
58.042	23.1242	10.3774	34.9178	7.12207
59.6933	39.226	6.23295	20.4673	11.2665
59.6933	39.226	6.23295	20.4673	11.2665
57.573	33.2515	7.50716	24.3215	9.99233
57.573	33.2515	7.50716	24.3215	9.99233
63.4629	46.3954	5.05052	17.0674	12.449
63.4629	46.3954	5.05052	17.0674	12.449
57.532	33.084	7.5472	24.448	9.95229
57.532	33.084	7.5472	24.448	9.95229
57.0967	26.3138	9.37683	30.7829	8.12266
57.0967	26.3138	9.37683	30.7829	8.12266
57.1414	26.0427	9.45863	31.0988	8.04086
57.1414	26.0427	9.45863	31.0988	8.04086
61.9259	18.2239	12.0438	43.702	5.45566
61.9259	18.2239	12.0438	43.702	5.45566
57.7654	33.9824	7.33528	23.7829	10.1642
57.7654	33.9824	7.33528	23.7829	10.1642
108.963	103.154	1.66418	5.80958	15.8353
108.963	103.154	1.66418	5.80958	15.8353
57.1548	31.1868	8.0182	25.968	9.48128
57.1548	31.1868	8.0182	25.968	9.48128
69.536	13.8827	13.5539	55.6532	3.94561
69.536	13.8827	13.5539	55.6532	3.94561
80.8994	10.372	14.685	70.5274	2.81447
80.8994	10.372	14.685	70.5274	2.81447
56.9708	27.4541	9.03979	29.5167	8.4597
56.9708	27.4541	9.03979	29.5167	8.4597
86.0517	9.25273	15.009	76.7989	2.49051
86.0517	9.25273	15.009	76.7989	2.49051
68.3776	53.9989	4.11488	14.3787	13.3846
68.3776	53.9989	4.11488	14.3787	13.3846
88.3834	8.80458	15.1321	79.5788	2.36743
88.3834	8.80458	15.1321	79.5788	2.36743
62.6985	45.0837	5.24239	17.6147	12.2571
62.6985	45.0837	5.24239	17.6147	12.2571
56.9367	28.4632	8.75119	28.4735	8.7483
56.9367	28.4632	8.75119	28.4735	8.7483
69.1706	55.1356	3.99742	14.035	13.5021
69.1706	55.1356	3.99742	14.035	13.5021
59.6664	39.1655	6.24443	20.5009	11.2551
59.6664	39.1655	6.24443	20.5009	11.2551
66.199	15.4315	13.0209	50.7675	4.47863
66.199	15.4315	13.0209	50.7675	4.47863
60.999	41.9493	5.74366	19.0497	11.7558
60.999	41.9493	5.74366	19.0497	11.7558
56.9526	29.1807	8.55156	27.7719	8.94793
56.9526	29.1807	8.55156	27.7719	8.94793
75.1035	11.9234	14.2029	63.1801	3.29657
75.1035	11.9234	14.2029	63.1801	3.29657
96.5917	89.1525	2.01924	7.43916	15.4802
96.5917	89.1525	2.01924	7.43916	15.4802
57.8773	23.5028	10.2545	34.3745	7.24501
57.8773	23.5028	10.2545	34.3745	7.24501
82.923	9.90856	14.8219	73.0145	2.67762
82.923	9.90856	14.8219	73.0145	2.67762
63.909	16.7694	12.5534	47.1396	4.94604
63.909	16.7694	12.5534	47.1396	4.94604
73.6654	61.2905	3.44274	12.3749	14.0567
73.6654	61.2905	3.44274	12.3749	14.0567
71.8263	58.8234	3.64972	13.0029	13.8498
71.8263	58.8234	3.64972	13.0029	13.8498
66.0687	50.5684	4.50258	15.5004	12.9969
66.0687	50.5684	4.50258	15.5004	12.9969
56.9424	28.8942	8.63073	28.0483	8.86876
56.9424	28.8942	8.63073	28.0483	8.86876
77.8895	66.759	3.0459	11.1305	14.4536
77.8895	66.759	3.0459	11.1305	14.4536
120.922	4.53863	16.0599	116.383	1.43959
120.922	4.53863	16.0599	116.383	1.43959
56.9673	29.4603	8.47504	27.507	9.02445
56.9673	29.4603	8.47504	27.507	9.02445
56.9525	27.7734	8.9475	29.1792	8.55198
56.9525	27.7734	8.9475	29.1792	8.55198
104.256	97.8729	1.78095	6.38287	15.7185
104.256	97.8729	1.78095	6.38287	15.7185
64.38	47.9104	4.84104	16.4696	12.6584
64.38	47.9104	4.84104	16.4696	12.6584
58.6815	36.7703	6.72149	21.9112	10.778
58.6815	36.7703	6.72149	21.9112	10.778
56.9452	27.9565	8.89498	28.9888	8.60451
56.9452	27.9565	8.89498	28.9888	8.60451
160.429	159.078	1.10749	1.35129	16.392
160.429	159.078	1.10749	1.35129	16.392
67.7152	14.6807	13.2808	53.0345	4.21868
67.7152	14.6807	13.2808	53.0345	4.21868
59.9338	20.1769	11.3661	39.7569	6.13337
59.9338	20.1769	11.3661	39.7569	6.13337
58.1523	22.8892	10.4542	35.2631	7.04524
58.1523	22.8892	10.4542	35.2631	7.04524
56.9618	29.3661	8.50074	27.5957	8.99875
56.9618	29.3661	8.50074	27.5957	8.99875
59.4314	20.8031	11.1519	38.6284	6.34756
59.4314	20.8031	11.1519	38.6284	6.34756
60.3727	40.6886	5.96361	19.6842	11.5359
60.3727	40.6886	5.96361	19.6842	11.5359
70.5474	13.4792	13.6904	57.0683	3.80911
70.5474	13.4792	13.6904	57.0683	3.80911
74.1588	12.2164	14.1083	61.9424	3.39115
74.1588	12.2164	14.1083	61.9424	3.39115
57.3442	32.2418	7.75234	25.1025	9.74715
57.3442	32.2418	7.75234	25.1025	9.74715
76.3578	11.5542	14.3207	64.8036	3.17882
76.3578	11.5542	14.3207	64.8036	3.17882
73.1817	60.6476	3.49485	12.5342	14.0046
73.1817	60.6476	3.49485	12.5342	14.0046
65.9901	50.4477	4.51719	15.5423	12.9823
65.9901	50.4477	4.51719	15.5423	12.9823
58.908	37.3588	6.60012	21.5492	10.8994
58.908	37.3588	6.60012	21.5492	10.8994
57.2839	25.3477	9.67117	31.9362	7.82832
57.2839	25.3477	9.67117	31.9362	7.82832
75.3516	11.8487	14.2269	63.5029	3.2726
75.3516	11.8487	14.2269	63.5029	3.2726
63.2632	46.0575	5.099	17.2057	12.4005
63.2632	46.0575	5.099	17.2057	12.4005
57.933	23.3706	10.2973	34.5624	7.20219
57.933	23.3706	10.2973	34.5624	7.20219
106.193	6.1409	15.7689	100.052	1.73054
106.193	6.1409	15.7689	100.052	1.73054
61.6942	18.4196	11.9754	43.2746	5.52404
61.6942	18.4196	11.9754	43.2746	5.52404
77.7347	66.5626	3.05883	11.1721	14.4407
77.7347	66.5626	3.05883	11.1721	14.4407
76.6755	11.464	14.3492	65.2115	3.15031
76.6755	11.464	14.3492	65.2115	3.15031
68.0153	14.5421	13.3285	53.4732	4.17099
68.0153	14.5421	13.3285	53.4732	4.17099
59.0834	21.2865	10.988	37.797	6.51153
59.0834	21.2865	10.988	37.797	6.51153
94.7476	87.0262	2.0877	7.72144	15.4118
94.7476	87.0262	2.0877	7.72144	15.4118
93.1364	7.97872	15.3477	85.1577	2.15174
93.1364	7.97872	15.3477	85.1577	2.15174
60.0096	39.9212	6.10299	20.0885	11.3965
60.0096	39.9212	6.10299	20.0885	11.3965
57.3163	25.2133	9.71276	32.1031	7.78673
57.3163	25.2133	9.71276	32.1031	7.78673
59.7926	20.3455	11.3083	39.4471	6.19122
59.7926	20.3455	11.3083	39.4471	6.19122
82.2719	10.054	14.7793	72.2178	2.72018
82.2719	10.054	14.7793	72.2178	2.72018
59.32	38.3671	6.3985	20.9529	11.101
59.32	38.3671	6.3985	20.9529	11.101
80.502	10.4671	14.6565	70.0349	2.843
80.502	10.4671	14.6565	70.0349	2.843
97.1627	7.35422	15.5005	89.8085	1.99903
97.1627	7.35422	15.5005	89.8085	1.99903
110.141	104.467	1.63784	5.67355	15.8616
110.141	104.467	1.63784	5.67355	15.8616
67.3509	52.4978	4.27816	14.8531	13.2213
67.3509	52.4978	4.27816	14.8531	13.2213
78.8641	67.9893	2.96692	10.8748	14.5326
78.8641	67.9893	2.96692	10.8748	14.5326
57.707	33.769	7.38501	23.938	10.1145
57.707	33.769	7.38501	23.938	10.1145
155.478	1.70371	16.3726	153.775	1.12691
155.478	1.70371	16.3726	153.775	1.12691
76.9915	65.616	3.12246	11.3755	14.377
76.9915	65.616	3.12246	11.3755	14.377
108.797	102.969	1.66797	5.82894	15.8315
108.797	102.969	1.66797	5.82894	15.8315
72.4287	12.7903	13.9203	59.6384	3.57922
72.4287	12.7903	13.9203	59.6384	3.57922
66.581	51.3473	4.40993	15.2337	13.0896
66.581	51.3473	4.40993	15.2337	13.0896
57.6342	33.493	7.44985	24.1412	10.0496
57.6342	33.493	7.44985	24.1412	10.0496
68.61	14.276	13.4198	54.3341	4.07971
68.61	14.276	13.4198	54.3341	4.07971
56.9877	29.7553	8.39508	27.2325	9.10441
56.9877	29.7553	8.39508	27.2325	9.10441
67.8768	14.6056	13.3066	53.2712	4.19285
67.8768	14.6056	13.3066	53.2712	4.19285
58.0329	34.8886	7.12862	23.1443	10.3709
58.0329	34.8886	7.12862	23.1443	10.3709
57.3017	32.0285	7.80529	25.2732	9.6942
57.3017	32.0285	7.80529	25.2732	9.6942
67.2403	14.9064	13.2029	52.3339	4.29657
67.2403	14.9064	13.2029	52.3339	4.29657
61.9566	43.7581	5.44677	18.1985	12.0527
61.9566	43.7581	5.44677	18.1985	12.0527
57.4541	32.7511	7.62755	24.703	9.87194
57.4541	32.7511	7.62755	24.703	9.87194
57.6855	23.9968	10.0957	33.6887	7.4038
57.6855	23.9968	10.0957	33.6887	7.4038
78.9231	10.8597	14.5372	68.0633	2.96228
78.9231	10.8597	14.5372	68.0633	2.96228
78.8499	10.8785	14.5314	67.9714	2.96804
78.8499	10.8785	14.5314	67.9714	2.96804
62.5337	44.7942	5.28611	17.7395	12.2134
62.5337	44.7942	5.28611	17.7395	12.2134
68.0335	53.4998	4.16812	14.5337	13.3314
68.0335	53.4998	4.16812	14.5337	13.3314
57.3426	32.234	7.75426	25.1086	9.74523
57.3426	32.234	7.75426	25.1086	9.74523
60.2753	19.7897	11.4994	40.4855	6.00007
60.2753	19.7897	11.4994	40.4855	6.00007
90.1671	8.48192	15.2181	81.6852	2.28139
90.1671	8.48192	15.2181	81.6852	2.28139
60.8019	19.2418	11.6891	41.5601	5.81039
60.8019	19.2418	11.6891	41.5601	5.81039
59.3462	38.4288	6.38642	20.9173	11.1131
59.3462	38.4288	6.38642	20.9173	11.1131
65.4779	15.8226	12.8846	49.6553	4.61486
65.4779	15.8226	12.8846	49.6553	4.61486
68.2081	14.4546	13.3586	53.7535	4.14094
68.2081	14.4546	13.3586	53.7535	4.14094
57.6736	33.6438	7.41433	24.0298	10.0852
57.6736	33.6438	7.41433	24.0298	10.0852
59.631	20.5452	11.2399	39.0858	6.2596
59.631	20.5452	11.2399	39.0858	6.2596
58.0071	34.8056	7.14724	23.2015	10.3523
58.0071	34.8056	7.14724	23.2015	10.3523
153.191	1.86931	16.3619	151.321	1.13757
153.191	1.86931	16.3619	151.321	1.13757
109.705	103.981	1.64747	5.72359	15.852
109.705	103.981	1.64747	5.72359	15.852
73.5798	61.1771	3.45184	12.4028	14.0476
73.5798	61.1771	3.45184	12.4028	14.0476
56.9436	28.9366	8.61895	28.007	8.88054
56.9436	28.9366	8.61895	28.007	8.88054
115.149	5.12343	15.9626	110.026	1.53687
115.149	5.12343	15.9626	110.026	1.53687
79.163	68.3645	2.94352	10.7985	14.556
79.163	68.3645	2.94352	10.7985	14.556
141.658	2.73937	16.2901	138.918	1.20941
141.658	2.73937	16.2901	138.918	1.20941
66.1196	50.6462	4.49319	15.4734	13.0063
66.1196	50.6462	4.49319	15.4734	13.0063
57.6164	33.4238	7.46622	24.1926	10.0333
57.6164	33.4238	7.46622	24.1926	10.0333
57.5393	33.1141	7.54	24.4252	9.95949
57.5393	33.1141	7.54	24.4252	9.95949
63.5132	46.4802	5.03846	17.033	12.461
63.5132	46.4802	5.03846	17.033	12.461
61.4497	18.6334	11.9008	42.8164	5.59867
61.4497	18.6334	11.9008	42.8164	5.59867
60.3161	40.5708	5.98473	19.7453	11.5148
60.3161	40.5708	5.98473	19.7453	11.5148
59.2973	20.9839	11.0904	38.3134	6.40904
59.2973	20.9839	11.0904	38.3134	6.40904
57.4299	32.6436	7.6537	24.7864	9.84579
57.4299	32.6436	7.6537	24.7864	9.84579
57.2993	25.2832	9.6911	32.0161	7.80839
57.2993	25.2832	9.6911	32.0161	7.80839
77.7561	11.1663	14.4425	66.5897	3.05704
77.7561	11.1663	14.4425	66.5897	3.05704
59.462	20.7627	11.1657	38.6993	6.33382
59.462	20.7627	11.1657	38.6993	6.33382
57.9109	34.4885	7.219	23.4225	10.2805
57.9109	34.4885	7.219	23.4225	10.2805
59.1708	38.0102	6.46897	21.1606	11.0305
59.1708	38.0102	6.46897	21.1606	11.0305
83.5276	9.77643	14.8602	73.7512	2.63929
83.5276	9.77643	14.8602	73.7512	2.63929
57.4846	32.8839	7.59537	24.6007	9.90412
57.4846	32.8839	7.59537	24.6007	9.90412
98.3288	7.18417	15.5404	91.1446	1.95909
98.3288	7.18417	15.5404	91.1446	1.95909
58.635	21.9892	10.7519	36.6458	6.74755
58.635	21.9892	10.7519	36.6458	6.74755
81.4618	10.2398	14.7244	71.222	2.77505
81.4618	10.2398	14.7244	71.222	2.77505
67.1332	52.1748	4.31455	14.9584	13.1849
67.1332	52.1748	4.31455	14.9584	13.1849
63.6318	16.9529	12.4891	46.6789	5.01036
63.6318	16.9529	12.4891	46.6789	5.01036
74.8783	11.9921	14.1808	62.8862	3.31864
74.8783	11.9921	14.1808	62.8862	3.31864
58.9565	37.4813	6.5752	21.4752	10.9243
58.9565	37.4813	6.5752	21.4752	10.9243
57.7007	23.9551	10.109	33.7456	7.39046
57.7007	23.9551	10.109	33.7456	7.39046
56.9919	27.1839	9.11862	29.808	8.38087
56.9919	27.1839	9.11862	29.808	8.38087
81.7252	71.5465	2.75697	10.1788	14.7425
81.7252	71.5465	2.75697	10.1788	14.7425
63.3042	46.1272	5.08894	17.177	12.4106
63.3042	46.1272	5.08894	17.177	12.4106
75.8412	64.1375	3.22628	11.7037	14.2732
75.8412	64.1375	3.22628	11.7037	14.2732
61.2002	42.3401	5.67768	18.8601	11.8218
61.2002	42.3401	5.67768	18.8601	11.8218
60.0173	39.9377	6.09993	20.0796	11.3996
60.0173	39.9377	6.09993	20.0796	11.3996
62.6156	17.6772	12.2352	44.9384	5.26428
62.6156	17.6772	12.2352	44.9384	5.26428
60.5281	19.5198	11.5927	41.0083	5.90678
60.5281	19.5198	11.5927	41.0083	5.90678
68.6062	14.2777	13.4192	54.3285	4.08029
68.6062	14.2777	13.4192	54.3285	4.08029
58.2403	22.7107	10.5129	35.5296	6.98663
58.2403	22.7107	10.5129	35.5296	6.98663
57.4387	32.6829	7.64412	24.7558	9.85537
57.4387	32.6829	7.64412	24.7558	9.85537
61.2981	18.7701	11.8532	42.5281	5.64632
61.2981	18.7701	11.8532	42.5281	5.64632
59.4805	38.7421	6.32554	20.7384	11.1739
59.4805	38.7421	6.32554	20.7384	11.1739
104.697	98.3695	1.76917	6.32703	15.7303
104.697	98.3695	1.76917	6.32703	15.7303
128.503	3.83454	16.1627	124.668	1.33679
128.503	3.83454	16.1627	124.668	1.33679
57.2169	31.567	7.92123	25.6499	9.57825
57.2169	31.567	7.92123	25.6499	9.57825
60.5926	19.4531	11.6158	41.1395	5.88367
60.5926	19.4531	11.6158	41.1395	5.88367
60.9011	41.7568	5.77653	19.1443	11.723
60.9011	41.7568	5.77653	19.1443	11.723
57.9964	34.771	7.15504	23.2254	10.3444
57.9964	34.771	7.15504	23.2254	10.3444
156.393	154.755	1.12295	1.638	16.3765
156.393	154.755	1.12295	1.638	16.3765
56.9919	29.8072	8.38107	27.1846	9.11842
56.9919	29.8072	8.38107	27.1846	9.11842
72.9062	60.2794	3.52526	12.6267	13.9742
72.9062	60.2794	3.52526	12.6267	13.9742
78.1556	11.0597	14.4756	67.0959	3.02393
78.1556	11.0597	14.4756	67.0959	3.02393
63.4873	17.0507	12.4548	46.4366	5.04466
63.4873	17.0507	12.4548	46.4366	5.04466
63.016	17.3814	12.3389	45.6346	5.16059
63.016	17.3814	12.3389	45.6346	5.16059
64.9579	48.8372	4.71896	16.1207	12.7805
64.9579	48.8372	4.71896	16.1207	12.7805
75.1079	63.1858	3.29614	11.9221	14.2034
75.1079	63.1858	3.29614	11.9221	14.2034
57.6819	24.0067	10.0925	33.6752	7.40697
57.6819	24.0067	10.0925	33.6752	7.40697
58.138	35.2192	7.05494	22.9188	10.4445
58.138	35.2192	7.05494	22.9188	10.4445
57.7161	23.9134	10.1224	33.8027	7.37713
57.7161	23.9134	10.1224	33.8027	7.37713
85.5818	9.34699	14.9826	76.2349	2.5169
85.5818	9.34699	14.9826	76.2349	2.5169
57.4702	32.8219	7.61039	24.6484	9.8891
57.4702	32.8219	7.61039	24.6484	9.8891
93.0503	85.0575	2.15528	7.99276	15.3442
93.0503	85.0575	2.15528	7.99276	15.3442
59.59	20.5972	11.2221	38.9928	6.27735
59.59	20.5972	11.2221	38.9928	6.27735
61.5662	18.5305	11.9367	43.0357	5.56278
61.5662	18.5305	11.9367	43.0357	5.56278
65.2207	15.9683	12.8338	49.2525	4.6657
65.2207	15.9683	12.8338	49.2525	4.6657
113.689	5.27937	15.9349	108.409	1.56458
113.689	5.27937	15.9349	108.409	1.56458
63.2691	17.2016	12.4019	46.0675	5.09756
63.2691	17.2016	12.4019	46.0675	5.09756
81.0143	70.6696	2.80632	10.3447	14.6932
81.0143	70.6696	2.80632	10.3447	14.6932
58.0493	23.1083	10.3826	34.9409	7.11688
58.0493	23.1083	10.3826	34.9409	7.11688
60.1492	40.2197	6.04826	19.9295	11.4512
60.1492	40.2197	6.04826	19.9295	11.4512
59.8339	39.5382	6.17413	20.2956	11.3254
59.8339	39.5382	6.17413	20.2956	11.3254
104.701	6.32644	15.7304	98.3748	1.76905
104.701	6.32644	15.7304	98.3748	1.76905
73.2819	60.7811	3.48393	12.5008	14.0156
73.2819	60.7811	3.48393	12.5008	14.0156
60.6558	41.2675	5.86124	19.3884	11.6382
60.6558	41.2675	5.86124	19.3884	11.6382
68.6331	54.3672	4.07626	14.2659	13.4232
68.6331	54.3672	4.07626	14.2659	13.4232
57.0908	30.7384	8.13426	26.3524	9.36523
57.0908	30.7384	8.13426	26.3524	9.36523
83.586	9.76382	14.8638	73.8222	2.63564
83.586	9.76382	14.8638	73.8222	2.63564
57.0894	30.7276	8.13708	26.3618	9.36241
57.0894	30.7276	8.13708	26.3618	9.36241
66.7225	51.5605	4.38506	15.162	13.1144
66.7225	51.5605	4.38506	15.162	13.1144
69.7598	13.7912	13.5849	55.9685	3.91455
69.7598	13.7912	13.5849	55.9685	3.91455
58.4358	36.0971	6.86378	22.3387	10.6357
58.4358	36.0971	6.86378	22.3387	10.6357
57.5515	33.1641	7.52803	24.3874	9.97146
57.5515	33.1641	7.52803	24.3874	9.97146
128.953	3.79466	16.168	125.159	1.33145
128.953	3.79466	16.168	125.159	1.33145
83.9753	74.2949	2.6116	9.68034	14.8879
83.9753	74.2949	2.6116	9.68034	14.8879
71.3756	13.1667	13.7952	58.2089	3.70432
71.3756	13.1667	13.7952	58.2089	3.70432
125.665	4.09064	16.1272	121.574	1.37233
125.665	4.09064	16.1272	121.574	1.37233
57.1723	25.8739	9.50989	31.2985	7.9896
57.1723	25.8739	9.50989	31.2985	7.9896
70.8506	13.363	13.7294	57.4876	3.77006
70.8506	13.363	13.7294	57.4876	3.77006
57.3239	32.1409	7.77732	25.1829	9.72217
57.3239	32.1409	7.77732	25.1829	9.72217
57.4873	32.8956	7.59254	24.5917	9.90695
57.4873	32.8956	7.59254	24.5917	9.90695
142.613	139.949	1.2022	2.66464	16.2973
142.613	139.949	1.2022	2.66464	16.2973
59.3394	38.4129	6.38954	20.9265	11.11
59.3394	38.4129	6.38954	20.9265	11.11
59.1795	21.1483	11.0347	38.0312	6.4648
59.1795	21.1483	11.0347	38.0312	6.4648
56.9985	27.1117	9.13981	29.8868	8.35967
56.9985	27.1117	9.13981	29.8868	8.35967
57.0578	26.5855	9.29549	30.4723	8.204
57.0578	26.5855	9.29549	30.4723	8.204
57.3848	32.4363	7.70441	24.9485	9.79508
57.3848	32.4363	7.70441	24.9485	9.79508
59.3701	38.4851	6.37544	20.885	11.1241
59.3701	38.4851	6.37544	20.885	11.1241
151.662	149.681	1.14531	1.98105	16.3542
151.662	149.681	1.14531	1.98105	16.3542
56.9461	27.9308	8.90233	29.0153	8.59716
56.9461	27.9308	8.90233	29.0153	8.59716
161.516	160.242	1.10386	1.27485	16.3956
161.516	160.242	1.10386	1.27485	16.3956
60.0879	40.0891	6.07212	19.9988	11.4274
60.0879	40.0891	6.07212	19.9988	11.4274
58.0181	23.177	10.3602	34.8411	7.13927
58.0181	23.177	10.3602	34.8411	7.13927
57.1628	31.238	8.00508	25.9248	9.49441
57.1628	31.238	8.00508	25.9248	9.49441
86.5775	9.14885	15.0379	77.4287	2.46162
86.5775	9.14885	15.0379	77.4287	2.46162
97.8206	90.5629	1.97627	7.25772	15.5232
97.8206	90.5629	1.97627	7.25772	15.5232
75.3045	63.4417	3.27712	11.8628	14.2224
75.3045	63.4417	3.27712	11.8628	14.2224
77.706	11.1798	14.4383	66.5262	3.06124
77.706	11.1798	14.4383	66.5262	3.06124
58.344	35.8347	6.92025	22.5093	10.5792
58.344	35.8347	6.92025	22.5093	10.5792
58.808	37.1024	6.65266	21.7056	10.8468
58.808	37.1024	6.65266	21.7056	10.8468
60.6492	19.3952	11.6359	41.254	5.8636
60.6492	19.3952	11.6359	41.254	5.8636
56.9549	29.2305	8.53788	27.7244	8.96161
56.9549	29.2305	8.53788	27.7244	8.96161
63.0514	17.3559	12.3478	45.6956	5.15164
63.0514	17.3559	12.3478	45.6956	5.15164
58.8217	21.684	10.8541	37.1376	6.64542
58.8217	21.684	10.8541	37.1376	6.64542
64.5069	48.1156	4.81362	16.3913	12.6859
64.5069	48.1156	4.81362	16.3913	12.6859
70.3721	56.8248	3.83208	13.5473	13.6674
70.3721	56.8248	3.83208	13.5473	13.6674
57.1609	25.935	9.49131	31.2259	8.00818
57.1609	25.935	9.49131	31.2259	8.00818
107.049	6.03673	15.7901	101.012	1.70934
107.049	6.03673	15.7901	101.012	1.70934
58.7434	36.9339	6.68749	21.8095	10.812
58.7434	36.9339	6.68749	21.8095	10.812
58.9695	37.5141	6.56855	21.4554	10.9309
58.9695	37.5141	6.56855	21.4554	10.9309
78.2642	67.2332	3.01505	11.031	14.4844
78.2642	67.2332	3.01505	11.031	14.4844
121.179	4.51365	16.0638	116.665	1.43567
121.179	4.51365	16.0638	116.665	1.43567
68.6398	14.263	13.4242	54.3769	4.07525
68.6398	14.263	13.4242	54.3769	4.07525
64.0518	16.6769	12.5858	47.3749	4.91364
64.0518	16.6769	12.5858	47.3749	4.91364
58.0372	34.9026	7.12547	23.1347	10.374
58.0372	34.9026	7.12547	23.1347	10.374
60.812	41.5803	5.80689	19.2317	11.6926
60.812	41.5803	5.80689	19.2317	11.6926
58.4993	36.2749	6.82586	22.2244	10.6736
58.4993	36.2749	6.82586	22.2244	10.6736
71.1492	13.2507	13.7671	57.8985	3.73239
71.1492	13.2507	13.7671	57.8985	3.73239
80.2552	69.7283	2.86101	10.5269	14.6385
80.2552	69.7283	2.86101	10.5269	14.6385
163.184	1.15815	16.4008	162.026	1.09873
163.184	1.15815	16.4008	162.026	1.09873
62.547	17.7294	12.2169	44.8176	5.28256
62.547	17.7294	12.2169	44.8176	5.28256
63.9095	47.1404	4.94593	16.769	12.5536
63.9095	47.1404	4.94593	16.769	12.5536
86.191	9.22503	15.0167	76.966	2.48278
86.191	9.22503	15.0167	76.966	2.48278
97.5248	90.2239	1.98643	7.30093	15.5131
97.5248	90.2239	1.98643	7.30093	15.5131
58.0523	23.1017	10.3848	34.9506	7.11471
58.0523	23.1017	10.3848	34.9506	7.11471
59.0403	37.6905	6.53293	21.3498	10.9666
59.0403	37.6905	6.53293	21.3498	10.9666
67.0109	15.0184	13.1642	51.9925	4.33531
67.0109	15.0184	13.1642	51.9925	4.33531
56.9581	27.6617	8.97967	29.2964	8.51982
56.9581	27.6617	8.97967	29.2964	8.51982
58.8291	37.1568	6.64147	21.6723	10.858
58.8291	37.1568	6.64147	21.6723	10.858
56.9862	29.7357	8.40036	27.2506	9.09912
56.9862	29.7357	8.40036	27.2506	9.09912
57.5817	33.2865	7.49883	24.2952	10.0007
57.5817	33.2865	7.49883	24.2952	10.0007
57.2801	31.9158	7.83343	25.3643	9.66606
57.2801	31.9158	7.83343	25.3643	9.66606
91.5855	83.3489	2.21747	8.23658	15.282
91.5855	83.3489	2.21747	8.23658	15.282
58.2698	35.6174	6.96745	22.6524	10.532
58.2698	35.6174	6.96745	22.6524	10.532
57.0507	26.6394	9.27943	30.4113	8.22006
57.0507	26.6394	9.27943	30.4113	8.22006
57.4749	24.6328	9.894	32.8421	7.60549
57.4749	24.6328	9.894	32.8421	7.60549
57.6318	33.4838	7.45203	24.148	10.0475
57.6318	33.4838	7.45203	24.148	10.0475
57.0097	26.9966	9.17364	30.013	8.32585
57.0097	26.9966	9.17364	30.013	8.32585
61.5957	43.0909	5.5538	18.5048	11.9457
61.5957	43.0909	5.5538	18.5048	11.9457
59.7272	39.3019	6.21859	20.4254	11.2809
59.7272	39.3019	6.21859	20.4254	11.2809
61.4247	18.6558	11.893	42.7689	5.60648
61.4247	18.6558	11.893	42.7689	5.60648
69.1719	55.1374	3.99723	14.0345	13.5023
69.1719	55.1374	3.99723	14.0345	13.5023
84.5099	9.56745	14.9202	74.9425	2.5793
84.5099	9.56745	14.9202	74.9425	2.5793
60.7057	41.3679	5.84373	19.3379	11.6558
60.7057	41.3679	5.84373	19.3379	11.6558
72.4745	59.7	3.57397	12.7745	13.9255
72.4745	59.7	3.57397	12.7745	13.9255
56.9793	27.3372	9.07383	29.6421	8.42566
56.9793	27.3372	9.07383	29.6421	8.42566
72.3312	12.8243	13.909	59.5069	3.59044
72.3312	12.8243	13.909	59.5069	3.59044
70.4492	13.5173	13.6775	56.932	3.82194
70.4492	13.5173	13.6775	56.932	3.82194
57.1879	25.7934	9.53441	31.3945	7.96508
57.1879	25.7934	9.53441	31.3945	7.96508
68.1367	14.4868	13.3475	53.6498	4.15201
68.1367	14.4868	13.3475	53.6498	4.15201
101.708	6.71528	15.6467	94.9928	1.85279
101.708	6.71528	15.6467	94.9928	1.85279
73.0868	60.5209	3.50527	12.5659	13.9942
73.0868	60.5209	3.50527	12.5659	13.9942
70.862	13.3587	13.7309	57.5034	3.7686
70.862	13.3587	13.7309	57.5034	3.7686
64.9508	16.1249	12.7791	48.8259	4.72042
64.9508	16.1249	12.7791	48.8259	4.72042
162.428	161.217	1.10099	1.211	16.3985
162.428	161.217	1.10099	1.211	16.3985
59.4832	20.7349	11.1752	38.7483	6.32433
59.4832	20.7349	11.1752	38.7483	6.32433
66.9553	15.0458	13.1547	51.9095	4.3448
66.9553	15.0458	13.1547	51.9095	4.3448
57.9104	23.4237	10.2801	34.4867	7.21941
57.9104	23.4237	10.2801	34.4867	7.21941
95.5498	87.9527	2.05731	7.59711	15.4422
95.5498	87.9527	2.05731	7.59711	15.4422
124.515	4.19686	16.1118	120.318	1.3877
124.515	4.19686	16.1118	120.318	1.3877
68.9185	14.1423	13.4655	54.7762	4.034
68.9185	14.1423	13.4655	54.7762	4.034
69.2523	14.0007	13.5138	55.2516	3.98572
69.2523	14.0007	13.5138	55.2516	3.98572
59.6019	20.582	11.2273	39.0199	6.27217
59.6019	20.582	11.2273	39.0199	6.27217
63.8163	46.9862	4.96733	16.8301	12.5322
63.8163	46.9862	4.96733	16.8301	12.5322
70.3961	13.5379	13.6706	56.8582	3.82892
70.3961	13.5379	13.6706	56.8582	3.82892
62.9726	17.4127	12.3279	45.56	5.17157
62.9726	17.4127	12.3279	45.56	5.17157
57.7852	23.7317	10.1807	34.0535	7.31882
57.7852	23.7317	10.1807	34.0535	7.31882
68.1763	53.7074	4.14586	14.4689	13.3536
68.1763	53.7074	4.14586	14.4689	13.3536
95.1747	7.65494	15.4281	87.5198	2.0714
95.1747	7.65494	15.4281	87.5198	2.0714
58.0843	23.0324	10.4074	35.0519	7.09211
58.0843	23.0324	10.4074	35.0519	7.09211
145.236	142.774	1.18365	2.46221	16.3158
145.236	142.774	1.18365	2.46221	16.3158
104.867	98.5616	1.76466	6.30555	15.7348
104.867	98.5616	1.76466	6.30555	15.7348
82.5475	9.99205	14.7975	72.5555	2.702
82.5475	9.99205	14.7975	72.5555	2.702
70.2736	56.6876	3.84511	13.5859	13.6544
70.2736	56.6876	3.84511	13.5859	13.6544
59.3234	38.3752	6.39692	20.9482	11.1026
59.3234	38.3752	6.39692	20.9482	11.1026
59.7661	39.3884	6.20227	20.3777	11.2972
59.7661	39.3884	6.20227	20.3777	11.2972
61.4234	18.6569	11.8926	42.7666	5.60686
61.4234	18.6569	11.8926	42.7666	5.60686
83.5439	9.77291	14.8612	73.771	2.63827
83.5439	9.77291	14.8612	73.771	2.63827
61.2109	42.3606	5.67425	18.8502	11.8252
61.2109	42.3606	5.67425	18.8502	11.8252
89.4711	80.8652	2.31418	8.60588	15.1853
89.4711	80.8652	2.31418	8.60588	15.1853
63.1713	17.2704	12.3778	45.901	5.12167
63.1713	17.2704	12.3778	45.901	5.12167
66.5718	15.2384	13.0879	51.3334	4.41156
66.5718	15.2384	13.0879	51.3334	4.41156
58.844	21.6488	10.8659	37.1951	6.6336
58.844	21.6488	10.8659	37.1951	6.6336
81.2512	70.9622	2.78968	10.289	14.7098
81.2512	70.9622	2.78968	10.289	14.7098
102.36	95.7317	1.83376	6.62855	15.6657
102.36	95.7317	1.83376	6.62855	15.6657
91.3642	83.09	2.22719	8.27423	15.2723
91.3642	83.09	2.22719	8.27423	15.2723
97.3016	89.9679	1.99417	7.33372	15.5053
97.3016	89.9679	1.99417	7.33372	15.5053
64.4574	48.0357	4.82427	16.4217	12.6752
64.4574	48.0357	4.82427	16.4217	12.6752
59.855	20.2703	11.3341	39.5847	6.16544
59.855	20.2703	11.3341	39.5847	6.16544
59.2246	21.0848	11.0562	38.1398	6.44328
59.2246	21.0848	11.0562	38.1398	6.44328
57.8434	34.258	7.27168	23.5854	10.2278
57.8434	34.258	7.27168	23.5854	10.2278
65.686	49.9788	4.57462	15.7072	12.9249
65.686	49.9788	4.57462	15.7072	12.9249
57.4457	32.7139	7.63657	24.7317	9.86292
57.4457	32.7139	7.63657	24.7317	9.86292
84.6614	75.1256	2.57029	9.53582	14.9292
84.6614	75.1256	2.57029	9.53582	14.9292
95.3563	7.62688	15.4349	87.7294	2.06455
95.3563	7.62688	15.4349	87.7294	2.06455
64.3646	16.4792	12.6551	47.8854	4.84439
64.3646	16.4792	12.6551	47.8854	4.84439
57.1871	25.7973	9.53322	31.3898	7.96627
57.1871	25.7973	9.53322	31.3898	7.96627
72.8497	12.6459	13.9679	60.2038	3.53156
72.8497	12.6459	13.9679	60.2038	3.53156
57.027	26.8352	9.2213	30.1918	8.27819
57.027	26.8352	9.2213	30.1918	8.27819
59.343	20.9215	11.1116	38.4215	6.38785
59.343	20.9215	11.1116	38.4215	6.38785
72.3569	12.8153	13.912	59.5416	3.58747
72.3569	12.8153	13.912	59.5416	3.58747
56.954	29.2125	8.54283	27.7415	8.95666
56.954	29.2125	8.54283	27.7415	8.95666
57.5227	33.0453	7.5565	24.4774	9.94299
57.5227	33.0453	7.5565	24.4774	9.94299
107.763	101.811	1.69216	5.95116	15.8073
107.763	101.811	1.69216	5.95116	15.8073
83.748	74.0191	2.62558	9.72893	14.8739
83.748	74.0191	2.62558	9.72893	14.8739
57.7793	23.747	10.1758	34.0323	7.32372
57.7793	23.747	10.1758	34.0323	7.32372
81.7691	71.6004	2.75398	10.1687	14.7455
81.7691	71.6004	2.75398	10.1687	14.7455
57.5977	24.2474	10.0158	33.3503	7.48365
57.5977	24.2474	10.0158	33.3503	7.48365
64.8298	16.1963	12.7541	48.6335	4.74541
64.8298	16.1963	12.7541	48.6335	4.74541
109.673	103.946	1.64817	5.72721	15.8513
109.673	103.946	1.64817	5.72721	15.8513
83.5888	73.8256	2.63547	9.76321	14.864
83.5888	73.8256	2.63547	9.76321	14.864
129.032	125.245	1.33052	3.78767	16.169
129.032	125.245	1.33052	3.78767	16.169
68.4162	14.3615	13.3905	54.0546	4.10901
68.4162	14.3615	13.3905	54.0546	4.10901
85.729	9.31731	14.9909	76.4117	2.50857
85.729	9.31731	14.9909	76.4117	2.50857
63.6415	46.6951	5.00807	16.9463	12.4914
63.6415	46.6951	5.00807	16.9463	12.4914
56.9836	27.2827	9.08974	29.7009	8.40974
56.9836	27.2827	9.08974	29.7009	8.40974
58.3946	22.4145	10.6106	35.9801	6.88889
58.3946	22.4145	10.6106	35.9801	6.88889
72.6683	12.7077	13.9476	59.9606	3.55194
72.6683	12.7077	13.9476	59.9606	3.55194
56.9924	29.8137	8.37933	27.1787	9.12016
56.9924	29.8137	8.37933	27.1787	9.12016
99.7497	92.7668	1.91276	6.98286	15.5867
99.7497	92.7668	1.91276	6.98286	15.5867
57.915	34.5022	7.21588	23.4128	10.2836
57.915	34.5022	7.21588	23.4128	10.2836
57.2103	31.5281	7.9311	25.6821	9.56839
57.2103	31.5281	7.9311	25.6821	9.56839
57.9121	23.4198	10.2813	34.4922	7.21815
57.9121	23.4198	10.2813	34.4922	7.21815
90.167	81.6851	2.28139	8.48194	15.2181
90.167	81.6851	2.28139	8.48194	15.2181
69.5735	13.8673	13.5591	55.7061	3.94037
69.5735	13.8673	13.5591	55.7061	3.94037
80.4426	69.9612	2.84731	10.4814	14.6522
80.4426	69.9612	2.84731	10.4814	14.6522
57.4048	24.8756	9.81785	32.5292	7.68164
57.4048	24.8756	9.81785	32.5292	7.68164
57.2848	25.3443	9.67224	31.9405	7.82725
57.2848	25.3443	9.67224	31.9405	7.82725
56.9533	29.1958	8.54742	27.7575	8.95207
56.9533	29.1958	8.54742	27.7575	8.95207
58.4735	22.2705	10.6583	36.203	6.84116
58.4735	22.2705	10.6583	36.203	6.84116
69.5084	13.8941	13.55	55.6144	3.94946
69.5084	13.8941	13.55	55.6144	3.94946
85.6067	76.2648	2.51549	9.34196	14.984
85.6067	76.2648	2.51549	9.34196	14.984
91.8257	8.19595	15.2925	83.6298	2.20701
91.8257	8.19595	15.2925	83.6298	2.20701
89.946	81.4249	2.2917	8.52105	15.2078
89.946	81.4249	2.2917	8.52105	15.2078
56.9484	27.8713	8.91937	29.077	8.58012
56.9484	27.8713	8.91937	29.077	8.58012
63.0738	45.7341	5.14601	17.3398	12.3535
63.0738	45.7341	5.14601	17.3398	12.3535
105.444	99.2103	1.74963	6.23345	15.7499
105.444	99.2103	1.74963	6.23345	15.7499
71.0494	13.288	13.7546	57.7614	3.7449
71.0494	13.288	13.7546	57.7614	3.7449
72.6094	12.7279	13.9409	59.8815	3.55861
72.6094	12.7279	13.9409	59.8815	3.55861
59.8096	39.4847	6.18416	20.3249	11.3153
59.8096	39.4847	6.18416	20.3249	11.3153
116.634	111.666	1.51005	4.96834	15.9894
116.634	111.666	1.51005	4.96834	15.9894
58.4788	36.2179	6.83798	22.2609	10.6615
58.4788	36.2179	6.83798	22.2609	10.6615
72.0143	59.0785	3.62741	12.9358	13.8721
72.0143	59.0785	3.62741	12.9358	13.8721
68.6417	14.2621	13.4245	54.3796	4.07497
68.6417	14.2621	13.4245	54.3796	4.07497
65.2334	49.2724	4.66316	15.961	12.8363
65.2334	49.2724	4.66316	15.961	12.8363
119.933	115.297	1.45498	4.63554	16.0445
119.933	115.297	1.45498	4.63554	16.0445
85.0528	75.598	2.54731	9.45483	14.9522
85.0528	75.598	2.54731	9.45483	14.9522
58.8212	37.1365	6.64565	21.6847	10.8538
58.8212	37.1365	6.64565	21.6847	10.8538
101.5	94.7567	1.85896	6.74319	15.6405
101.5	94.7567	1.85896	6.74319	15.6405
70.505	13.4956	13.6848	57.0094	3.81464
70.505	13.4956	13.6848	57.0094	3.81464
143.483	2.5971	16.3036	140.886	1.19586
143.483	2.5971	16.3036	140.886	1.19586
71.3296	58.1459	3.70999	13.1837	13.7895
71.3296	58.1459	3.70999	13.1837	13.7895
86.6601	9.1327	15.0423	77.5274	2.45715
86.6601	9.1327	15.0423	77.5274	2.45715
57.4731	32.8344	7.60736	24.6388	9.89213
57.4731	32.8344	7.60736	24.6388	9.89213
60.1678	19.9087	11.4584	40.2591	6.04109
60.1678	19.9087	11.4584	40.2591	6.04109
82.6689	72.7039	2.69407	9.96494	14.8054
82.6689	72.7039	2.69407	9.96494	14.8054
106.748	6.07314	15.7828	100.675	1.71672
106.748	6.07314	15.7828	100.675	1.71672
73.1482	12.5454	14.001	60.6028	3.49853
73.1482	12.5454	14.001	60.6028	3.49853
73.0663	12.5728	13.992	60.4936	3.50752
73.0663	12.5728	13.992	60.4936	3.50752
58.7168	21.8531	10.7974	36.8637	6.70206
58.7168	21.8531	10.7974	36.8637	6.70206
60.6722	41.3005	5.85547	19.3717	11.644
60.6722	41.3005	5.85547	19.3717	11.644
66.4511	51.1508	4.43304	15.3003	13.0665
66.4511	51.1508	4.43304	15.3003	13.0665
61.3049	18.7639	11.8553	42.541	5.64418
61.3049	18.7639	11.8553	42.541	5.64418
57.2373	31.6831	7.8919	25.5542	9.60759
57.2373	31.6831	7.8919	25.5542	9.60759
112.275	106.841	1.59272	5.4337	15.9068
112.275	106.841	1.59272	5.4337	15.9068
97.1877	89.8371	1.99815	7.35053	15.5013
97.1877	89.8371	1.99815	7.35053	15.5013
64.6821	16.2848	12.7231	48.3973	4.77634
64.6821	16.2848	12.7231	48.3973	4.77634
58.6946	21.8895	10.7852	36.8051	6.71425
58.6946	21.8895	10.7852	36.8051	6.71425
59.3199	20.9531	11.1009	38.3668	6.39857
59.3199	20.9531	11.1009	38.3668	6.39857
84.3566	9.59961	14.911	74.757	2.58848
84.3566	9.59961	14.911	74.757	2.58848
57.5059	32.9747	7.57347	24.5312	9.92602
57.5059	32.9747	7.57347	24.5312	9.92602
73.1345	60.5846	3.50003	12.5499	13.9995
73.1345	60.5846	3.50003	12.5499	13.9995
72.7414	60.0587	3.54369	12.6827	13.9558
72.7414	60.0587	3.54369	12.6827	13.9558
68.4932	14.3274	13.4022	54.1658	4.09732
68.4932	14.3274	13.4022	54.1658	4.09732
57.442	24.7445	9.85892	32.6975	7.64056
57.442	24.7445	9.85892	32.6975	7.64056
103.435	6.48807	15.6961	96.9473	1.80336
103.435	6.48807	15.6961	96.9473	1.80336
70.9264	57.5921	3.76042	13.3343	13.7391
70.9264	57.5921	3.76042	13.3343	13.7391
56.948	27.8805	8.91674	29.0675	8.58275
56.948	27.8805	8.91674	29.0675	8.58275
57.2848	31.9406	7.82723	25.3442	9.67226
57.2848	31.9406	7.82723	25.3442	9.67226
62.7282	45.1356	5.23461	17.5925	12.2649
62.7282	45.1356	5.23461	17.5925	12.2649
98.8891	7.10403	15.559	91.7851	1.94052
98.8891	7.10403	15.559	91.7851	1.94052
123.211	118.892	1.40583	4.31909	16.0937
123.211	118.892	1.40583	4.31909	16.0937
75.0954	11.9259	14.2021	63.1695	3.29735
75.0954	11.9259	14.2021	63.1695	3.29735
66.8383	15.104	13.1345	51.7343	4.36495
66.8383	15.104	13.1345	51.7343	4.36495
81.2528	10.2886	14.7099	70.9642	2.78957
81.2528	10.2886	14.7099	70.9642	2.78957
76.6795	11.4628	14.3495	65.2167	3.14995
76.6795	11.4628	14.3495	65.2167	3.14995
59.5645	20.6297	11.211	38.9348	6.28846
59.5645	20.6297	11.211	38.9348	6.28846
61.4779	42.8696	5.58993	18.6083	11.9096
61.4779	42.8696	5.58993	18.6083	11.9096
57.077	30.6305	8.16245	26.4465	9.33703
57.077	30.6305	8.16245	26.4465	9.33703
77.4493	11.2494	14.4165	66.1999	3.08295
77.4493	11.2494	14.4165	66.1999	3.08295
61.4444	42.8063	5.60032	18.6381	11.8992
61.4444	42.8063	5.60032	18.6381	11.8992
110.295	104.639	1.63446	5.65588	15.865
110.295	104.639	1.63446	5.65588	15.865
119.401	114.712	1.46346	4.68819	16.036
119.401	114.712	1.46346	4.68819	16.036
71.3888	13.1619	13.7968	58.2269	3.70271
71.3888	13.1619	13.7968	58.2269	3.70271
61.7514	18.3707	11.9925	43.3807	5.50696
61.7514	18.3707	11.9925	43.3807	5.50696
73.3133	12.4904	14.019	60.8229	3.48052
73.3133	12.4904	14.019	60.8229	3.48052
105.377	99.1351	1.75135	6.24176	15.7481
105.377	99.1351	1.75135	6.24176	15.7481
68.2712	53.845	4.1312	14.4262	13.3683
68.2712	53.845	4.1312	14.4262	13.3683
59.9409	20.1685	11.369	39.7724	6.1305
59.9409	20.1685	11.369	39.7724	6.1305
108.884	103.065	1.666	5.81886	15.8335
108.884	103.065	1.666	5.81886	15.8335
74.6527	62.5912	3.34103	12.0615	14.1585
74.6527	62.5912	3.34103	12.0615	14.1585
58.2664	22.6592	10.5298	35.6072	6.96967
58.2664	22.6592	10.5298	35.6072	6.96967
77.6964	11.1824	14.4374	66.514	3.06205
77.6964	11.1824	14.4374	66.514	3.06205
57.2121	25.6731	9.57114	31.539	7.92835
57.2121	25.6731	9.57114	31.539	7.92835
77.6157	11.2042	14.4306	66.4115	3.06884
77.6157	11.2042	14.4306	66.4115	3.06884
75.4825	11.8096	14.2394	63.6729	3.26008
75.4825	11.8096	14.2394	63.6729	3.26008
73.0301	12.5849	13.988	60.4451	3.51152
73.0301	12.5849	13.988	60.4451	3.51152
103.575	6.46999	15.7	97.1055	1.79949
103.575	6.46999	15.7	97.1055	1.79949
118.117	113.3	1.48455	4.81681	16.0149
118.117	113.3	1.48455	4.81681	16.0149
72.6732	59.9672	3.55138	12.706	13.9481
72.6732	59.9672	3.55138	12.706	13.9481
57.4368	24.7623	9.85333	32.6745	7.64616
57.4368	24.7623	9.85333	32.6745	7.64616
57.5648	24.3465	9.9844	33.2183	7.51509
57.5648	24.3465	9.9844	33.2183	7.51509
80.4524	10.4791	14.6529	69.9734	2.84659
80.4524	10.4791	14.6529	69.9734	2.84659
62.6324	44.968	5.2598	17.6644	12.2397
62.6324	44.968	5.2598	17.6644	12.2397
58.4407	36.1108	6.86086	22.3299	10.6386
58.4407	36.1108	6.86086	22.3299	10.6386
89.8472	81.3086	2.29634	8.53861	15.2031
89.8472	81.3086	2.29634	8.53861	15.2031
63.355	46.2133	5.07656	17.1417	12.4229
63.355	46.2133	5.07656	17.1417	12.4229
63.2806	17.1935	12.4048	46.087	5.09473
63.2806	17.1935	12.4048	46.087	5.09473
70.5356	13.4837	13.6888	57.0519	3.81065
70.5356	13.4837	13.6888	57.0519	3.81065
64.9877	16.1032	12.7866	48.8845	4.71285
64.9877	16.1032	12.7866	48.8845	4.71285
60.2971	19.766	11.5076	40.5311	5.99186
60.2971	19.766	11.5076	40.5311	5.99186
59.1326	37.9173	6.48746	21.2153	11.012
59.1326	37.9173	6.48746	21.2153	11.012
58.8445	21.6481	10.8662	37.1964	6.63334
58.8445	21.6481	10.8662	37.1964	6.63334
59.9423	20.1668	11.3696	39.7755	6.12992
59.9423	20.1668	11.3696	39.7755	6.12992
72.7764	60.1056	3.53976	12.6708	13.9597
72.7764	60.1056	3.53976	12.6708	13.9597
56.9444	27.9833	8.88732	28.9611	8.61217
56.9444	27.9833	8.88732	28.9611	8.61217
90.2643	8.46481	15.2226	81.7995	2.27689
90.2643	8.46481	15.2226	81.7995	2.27689
86.1424	76.9077	2.48548	9.23469	15.014
86.1424	76.9077	2.48548	9.23469	15.014
59.5373	20.6646	11.1991	38.8727	6.30038
59.5373	20.6646	11.1991	38.8727	6.30038
63.1325	17.2979	12.3682	45.8346	5.13133
63.1325	17.2979	12.3682	45.8346	5.13133
81.2363	10.2924	14.7088	70.9439	2.79072
81.2363	10.2924	14.7088	70.9439	2.79072
56.9409	28.8319	8.64803	28.109	8.85146
56.9409	28.8319	8.64803	28.109	8.85146
64.2386	16.5581	12.6275	47.6806	4.87201
64.2386	16.5581	12.6275	47.6806	4.87201
77.8463	11.1421	14.45	66.7042	3.0495
77.8463	11.1421	14.45	66.7042	3.0495
69.4407	55.5186	3.95899	13.9221	13.5405
69.4407	55.5186	3.95899	13.9221	13.5405
62.871	17.4868	12.3019	45.3841	5.19756
62.871	17.4868	12.3019	45.3841	5.19756
57.7657	23.7821	10.1645	33.9836	7.33501
57.7657	23.7821	10.1645	33.9836	7.33501
74.913	62.9316	3.31521	11.9814	14.1843
74.913	62.9316	3.31521	11.9814	14.1843
84.0373	74.3701	2.60782	9.66715	14.8917
84.0373	74.3701	2.60782	9.66715	14.8917
57.2905	31.9706	7.81973	25.3199	9.67976
57.2905	31.9706	7.81973	25.3199	9.67976
56.9503	27.8251	8.93264	29.1252	8.56685
56.9503	27.8251	8.93264	29.1252	8.56685
75.3683	63.5246	3.27099	11.8437	14.2285
75.3683	63.5246	3.27099	11.8437	14.2285
59.2091	38.1026	6.45064	21.1065	11.0489
59.2091	38.1026	6.45064	21.1065	11.0489
58.7666	36.9946	6.67491	21.772	10.8246
58.7666	36.9946	6.67491	21.772	10.8246
68.2909	53.8735	4.12817	14.4174	13.3713
68.2909	53.8735	4.12817	14.4174	13.3713
87.0324	77.972	2.43718	9.06037	15.0623
87.0324	77.972	2.43718	9.06037	15.0623
56.9581	29.2968	8.51969	27.6613	8.9798
56.9581	29.2968	8.51969	27.6613	8.9798
70.69	13.4243	13.7088	57.2658	3.79064
70.69	13.4243	13.7088	57.2658	3.79064
85.7622	9.31064	14.9928	76.4515	2.5067
85.7622	9.31064	14.9928	76.4515	2.5067
57.1008	30.8131	8.11479	26.2876	9.3847
57.1008	30.8131	8.11479	26.2876	9.3847
66.085	15.4917	12.9999	50.5933	4.49956
66.085	15.4917	12.9999	50.5933	4.49956
67.5797	52.8355	4.24059	14.7442	13.2589
67.5797	52.8355	4.24059	14.7442	13.2589
57.6349	33.4957	7.44922	24.1392	10.0503
57.6349	33.4957	7.44922	24.1392	10.0503
58.3401	22.5168	10.5768	35.8233	6.92272
58.3401	22.5168	10.5768	35.8233	6.92272
63.3021	17.1785	12.41	46.1236	5.08946
63.3021	17.1785	12.41	46.1236	5.08946
77.9043	66.7777	3.04467	11.1265	14.4548
77.9043	66.7777	3.04467	11.1265	14.4548
108.45	102.58	1.676	5.86975	15.8235
108.45	102.58	1.676	5.86975	15.8235
68.2422	14.4392	13.3638	53.803	4.13566
68.2422	14.4392	13.3638	53.803	4.13566
67.8604	14.6132	13.304	53.2472	4.19546
67.8604	14.6132	13.304	53.2472	4.19546
68.1498	14.4809	13.3495	53.6689	4.14997
68.1498	14.4809	13.3495	53.6689	4.14997
57.1723	31.2981	7.98969	25.8742	9.5098
57.1723	31.2981	7.98969	25.8742	9.5098
57.0324	30.2435	8.26447	26.7889	9.23502
57.0324	30.2435	8.26447	26.7889	9.23502
57.1264	26.1301	9.43219	30.9963	8.0673
57.1264	26.1301	9.43219	30.9963	8.0673
61.1244	18.9308	11.7972	42.1937	5.70229
61.1244	18.9308	11.7972	42.1937	5.70229
85.7636	9.31036	14.9929	76.4532	2.50662
85.7636	9.31036	14.9929	76.4532	2.50662
58.3535	35.8621	6.91432	22.4914	10.5852
58.3535	35.8621	6.91432	22.4914	10.5852
56.9562	27.6991	8.9689	29.2571	8.53059
56.9562	27.6991	8.9689	29.2571	8.53059
66.7291	51.5704	4.38391	15.1587	13.1156
66.7291	51.5704	4.38391	15.1587	13.1156
57.5372	33.1056	7.54203	24.4316	9.95746
57.5372	33.1056	7.54203	24.4316	9.95746
72.9186	12.6225	13.9756	60.2961	3.52388
72.9186	12.6225	13.9756	60.2961	3.52388
58.059	23.0872	10.3895	34.9718	7.10999
58.059	23.0872	10.3895	34.9718	7.10999
80.3548	10.5027	14.6458	69.8521	2.85371
80.3548	10.5027	14.6458	69.8521	2.85371
66.6095	15.2192	13.0946	51.3903	4.4049
66.6095	15.2192	13.0946	51.3903	4.4049
58.7876	37.0492	6.66363	21.7383	10.8359
58.7876	37.0492	6.66363	21.7383	10.8359
57.3429	32.2353	7.75395	25.1076	9.74554
57.3429	32.2353	7.75395	25.1076	9.74554
81.1412	70.8264	2.79739	10.3148	14.7021
81.1412	70.8264	2.79739	10.3148	14.7021
83.3627	73.5505	2.64963	9.8122	14.8499
83.3627	73.5505	2.64963	9.8122	14.8499
80.0857	69.5174	2.87351	10.5683	14.626
80.0857	69.5174	2.87351	10.5683	14.626
81.2637	70.9777	2.78881	10.286	14.7107
81.2637	70.9777	2.78881	10.286	14.7107
59.8798	39.6392	6.15528	20.2407	11.3442
59.8798	39.6392	6.15528	20.2407	11.3442
61.8374	18.2979	12.018	43.5396	5.48151
61.8374	18.2979	12.018	43.5396	5.48151
68.7967	54.6019	4.05193	14.1947	13.4476
68.7967	54.6019	4.05193	14.1947	13.4476
59.2879	20.9969	11.086	38.2909	6.41346
59.2879	20.9969	11.086	38.2909	6.41346
62.641	44.983	5.25754	17.658	12.2419
62.641	44.983	5.25754	17.658	12.2419
74.1657	12.2142	14.109	61.9515	3.39044
74.1657	12.2142	14.109	61.9515	3.39044
57.1099	30.8795	8.09754	26.2303	9.40195
57.1099	30.8795	8.09754	26.2303	9.40195
60.7824	41.5214	5.81708	19.261	11.6824
60.7824	41.5214	5.81708	19.261	11.6824
58.9045	21.5546	10.8976	37.3499	6.60193
58.9045	21.5546	10.8976	37.3499	6.60193
57.0225	26.8756	9.20936	30.1469	8.29012
57.0225	26.8756	9.20936	30.1469	8.29012
67.276	14.8891	13.2089	52.3869	4.29061
67.276	14.8891	13.2089	52.3869	4.29061
119.771	115.119	1.45754	4.6515	16.0419
119.771	115.119	1.45754	4.6515	16.0419
63.539	17.0155	12.4672	46.5235	5.03232
63.539	17.0155	12.4672	46.5235	5.03232
95.2335	87.5876	2.06918	7.64585	15.4303
95.2335	87.5876	2.06918	7.64585	15.4303
106.192	100.051	1.73057	6.14103	15.7689
106.192	100.051	1.73057	6.14103	15.7689
124.783	120.611	1.38407	4.17198	16.1154
124.783	120.611	1.38407	4.17198	16.1154
118.276	4.80077	16.0176	113.475	1.48189
118.276	4.80077	16.0176	113.475	1.48189
58.0125	23.1893	10.3562	34.8232	7.14329
58.0125	23.1893	10.3562	34.8232	7.14329
57.0134	26.9603	9.18435	30.0531	8.31514
57.0134	26.9603	9.18435	30.0531	8.31514
59.0412	21.3484	10.967	37.6929	6.53244
59.0412	21.3484	10.967	37.6929	6.53244
77.8518	11.1406	14.4505	66.7112	3.04904
77.8518	11.1406	14.4505	66.7112	3.04904
57.1285	26.1174	9.43604	31.0112	8.06345
57.1285	26.1174	9.43604	31.0112	8.06345
64.8303	16.196	12.7542	48.6343	4.74531
64.8303	16.196	12.7542	48.6343	4.74531
70.3232	13.5665	13.661	56.7568	3.83853
70.3232	13.5665	13.661	56.7568	3.83853
57.5104	32.9936	7.56894	24.5168	9.93055
57.5104	32.9936	7.56894	24.5168	9.93055
58.8771	37.28	6.61622	21.5971	10.8833
58.8771	37.28	6.61622	21.5971	10.8833
80.1091	69.5465	2.87178	10.5626	14.6277
80.1091	69.5465	2.87178	10.5626	14.6277
79.679	69.0103	2.90395	10.6687	14.5955
79.679	69.0103	2.90395	10.6687	14.5955
69.4393	13.9227	13.5403	55.5167	3.95918
69.4393	13.9227	13.5403	55.5167	3.95918
56.9479	27.8829	8.91606	29.065	8.58343
56.9479	27.8829	8.91606	29.065	8.58343
79.5867	68.895	2.91095	10.6917	14.5885
79.5867	68.895	2.91095	10.6917	14.5885
85.9795	9.26712	15.005	76.7123	2.49453
85.9795	9.26712	15.005	76.7123	2.49453
80.9178	70.5502	2.81316	10.3676	14.6863
80.9178	70.5502	2.81316	10.3676	14.6863
57.1511	31.1628	8.02439	25.9884	9.4751
57.1511	31.1628	8.02439	25.9884	9.4751
123.302	4.31047	16.095	118.992	1.40454
123.302	4.31047	16.095	118.992	1.40454
61.8673	18.2728	12.0267	43.5945	5.47275
61.8673	18.2728	12.0267	43.5945	5.47275
57.1283	26.1188	9.43562	31.0096	8.06387
57.1283	26.1188	9.43562	31.0096	8.06387
60.4917	19.5579	11.5795	40.9338	5.91995
60.4917	19.5579	11.5795	40.9338	5.91995
64.3669	47.8891	4.84389	16.4778	12.6556
64.3669	47.8891	4.84389	16.4778	12.6556
59.6044	39.0255	6.27109	20.5789	11.2284
59.6044	39.0255	6.27109	20.5789	11.2284
57.292	25.3136	9.68171	31.9784	7.81778
57.292	25.3136	9.68171	31.9784	7.81778
108.477	5.86652	15.8241	102.611	1.67536
108.477	5.86652	15.8241	102.611	1.67536
66.3723	15.341	13.0523	51.0312	4.44718
66.3723	15.341	13.0523	51.0312	4.44718
56.9383	28.2478	8.81204	28.6905	8.68745
56.9383	28.2478	8.81204	28.6905	8.68745
74.2152	12.1985	14.1141	62.0167	3.38535
74.2152	12.1985	14.1141	62.0167	3.38535
60.5896	41.1334	5.88475	19.4562	11.6147
60.5896	41.1334	5.88475	19.4562	11.6147
65.609	15.7497	12.9101	49.8594	4.58941
65.609	15.7497	12.9101	49.8594	4.58941
63.5334	17.0193	12.4658	46.5141	5.03365
63.5334	17.0193	12.4658	46.5141	5.03365
63.7339	16.8846	12.5131	46.8493	4.98643
63.7339	16.8846	12.5131	46.8493	4.98643
63.0514	45.6956	5.15164	17.3558	12.3479
63.0514	45.6956	5.15164	17.3558	12.3479
79.029	10.8326	14.5455	68.1964	2.95396
79.029	10.8326	14.5455	68.1964	2.95396
69.6175	13.8492	13.5653	55.7682	3.93424
69.6175	13.8492	13.5653	55.7682	3.93424
57.8437	23.5848	10.228	34.2588	7.2715
57.8437	23.5848	10.228	34.2588	7.2715
81.0089	70.6629	2.8067	10.346	14.6928
81.0089	70.6629	2.8067	10.346	14.6928
80.4949	10.4688	14.656	70.0261	2.84351
80.4949	10.4688	14.656	70.0261	2.84351
57.7029	23.9491	10.1109	33.7538	7.38855
57.7029	23.9491	10.1109	33.7538	7.38855
97.7092	7.27396	15.5194	90.4352	1.98009
97.7092	7.27396	15.5194	90.4352	1.98009
77.808	66.6556	3.05269	11.1523	14.4468
77.808	66.6556	3.05269	11.1523	14.4468
112.527	5.40596	15.9119	107.121	1.58761
112.527	5.40596	15.9119	107.121	1.58761
60.5094	19.5394	11.5859	40.97	5.91355
60.5094	19.5394	11.5859	40.97	5.91355
57.3838	32.4316	7.70556	24.9522	9.79393
57.3838	32.4316	7.70556	24.9522	9.79393
87.5438	8.96231	15.0892	78.5815	2.41028
87.5438	8.96231	15.0892	78.5815	2.41028
65.4378	15.8451	12.8768	49.5927	4.62271
65.4378	15.8451	12.8768	49.5927	4.62271
59.815	39.4967	6.18192	20.3183	11.3176
59.815	39.4967	6.18192	20.3183	11.3176
144.383	141.855	1.18949	2.52765	16.31
144.383	141.855	1.18949	2.52765	16.31
60.9124	19.1333	11.7268	41.7791	5.77272
60.9124	19.1333	11.7268	41.7791	5.77272
65.3093	49.3915	4.64806	15.9177	12.8514
65.3093	49.3915	4.64806	15.9177	12.8514
76.0412	11.6454	14.2917	64.3957	3.20775
76.0412	11.6454	14.2917	64.3957	3.20775
64.1312	16.6261	12.6036	47.5051	4.89585
64.1312	16.6261	12.6036	47.5051	4.89585
60.6825	41.3212	5.85185	19.3613	11.6476
60.6825	41.3212	5.85185	19.3613	11.6476
68.6559	54.4	4.07285	14.2559	13.4266
68.6559	54.4	4.07285	14.2559	13.4266
83.9377	74.2494	2.6139	9.68834	14.8856
83.9377	74.2494	2.6139	9.68834	14.8856
57.7922	23.714	10.1864	34.0781	7.31312
57.7922	23.714	10.1864	34.0781	7.31312
138.486	2.9916	16.2643	135.494	1.23515
138.486	2.9916	16.2643	135.494	1.23515
57.3375	32.2086	7.76055	25.1289	9.73894
57.3375	32.2086	7.76055	25.1289	9.73894
98.6064	91.4621	1.94984	7.14434	15.5496
98.6064	91.4621	1.94984	7.14434	15.5496
60.8728	19.1718	11.7134	41.701	5.78611
60.8728	19.1718	11.7134	41.701	5.78611
59.9604	20.1457	11.3768	39.8146	6.12267
59.9604	20.1457	11.3768	39.8146	6.12267
72.9009	12.6285	13.9736	60.2723	3.52585
72.9009	12.6285	13.9736	60.2723	3.52585
61.7554	18.3673	11.9937	43.3881	5.50576
61.7554	18.3673	11.9937	43.3881	5.50576
64.0175	47.3185	4.92138	16.699	12.5781
64.0175	47.3185	4.92138	16.699	12.5781
73.9961	12.2682	14.0915	61.7279	3.40799
73.9961	12.2682	14.0915	61.7279	3.40799
60.6293	41.2139	5.87062	19.4154	11.6289
60.6293	41.2139	5.87062	19.4154	11.6289
58.6349	36.6456	6.74757	21.9893	10.7519
58.6349	36.6456	6.74757	21.9893	10.7519
66.8988	15.0738	13.145	51.8249	4.3545
66.8988	15.0738	13.145	51.8249	4.3545
94.3081	86.5175	2.10476	7.7906	15.3947
94.3081	86.5175	2.10476	7.7906	15.3947
59.0221	21.3768	10.9575	37.6453	6.54202
59.0221	21.3768	10.9575	37.6453	6.54202
59.4623	38.6999	6.33369	20.7624	11.1658
59.4623	38.6999	6.33369	20.7624	11.1658
90.0284	81.522	2.28785	8.50643	15.2116
90.0284	81.522	2.28785	8.50643	15.2116
99.1941	92.1333	1.93058	7.06082	15.5689
99.1941	92.1333	1.93058	7.06082	15.5689
106.024	99.8623	1.7348	6.16167	15.7647
106.024	99.8623	1.7348	6.16167	15.7647
78.611	10.9403	14.5124	67.6707	2.98705
78.611	10.9403	14.5124	67.6707	2.98705
66.3304	50.9676	4.45474	15.3628	13.0447
66.3304	50.9676	4.45474	15.3628	13.0447
113.41	5.30947	15.9295	108.101	1.57001
113.41	5.30947	15.9295	108.101	1.57001
63.4088	17.1046	12.436	46.3042	5.06354
63.4088	17.1046	12.436	46.3042	5.06354
88.3196	8.81642	15.1289	79.5032	2.37063
88.3196	8.81642	15.1289	79.5032	2.37063
62.3558	44.4785	5.33435	17.8773	12.1651
62.3558	44.4785	5.33435	17.8773	12.1651
82.7337	9.95052	14.8096	72.7832	2.68986
82.7337	9.95052	14.8096	72.7832	2.68986
66.7845	15.1309	13.1252	51.6537	4.37426
66.7845	15.1309	13.1252	51.6537	4.37426
59.9436	39.7783	6.1294	20.1653	11.3701
59.9436	39.7783	6.1294	20.1653	11.3701
77.4889	11.2386	14.4199	66.2502	3.07959
77.4889	11.2386	14.4199	66.2502	3.07959
145.944	143.536	1.17894	2.4082	16.3205
145.944	143.536	1.17894	2.4082	16.3205
67.8246	14.6298	13.2983	53.1948	4.20116
67.8246	14.6298	13.2983	53.1948	4.20116
78.0053	11.0996	14.4632	66.9057	3.0363
78.0053	11.0996	14.4632	66.9057	3.0363
57.7947	23.7077	10.1884	34.087	7.31108
57.7947	23.7077	10.1884	34.087	7.31108
56.9586	27.6539	8.98194	29.3047	8.51755
56.9586	27.6539	8.98194	29.3047	8.51755
85.727	9.31771	14.9908	76.4093	2.50869
85.727	9.31771	14.9908	76.4093	2.50869
94.96	7.68828	15.4199	87.2717	2.07956
94.96	7.68828	15.4199	87.2717	2.07956
61.0418	19.0088	11.77	42.033	5.72944
61.0418	19.0088	11.77	42.033	5.72944
57.7649	23.7842	10.1638	33.9807	7.33569
57.7649	23.7842	10.1638	33.9807	7.33569
114.557	109.371	1.54795	5.18625	15.9515
114.557	109.371	1.54795	5.18625	15.9515
61.8845	43.6261	5.46771	18.2584	12.0318
61.8845	43.6261	5.46771	18.2584	12.0318
66.961	15.043	13.1557	51.918	4.34383
66.961	15.043	13.1557	51.918	4.34383
83.4171	9.80039	14.8533	73.6167	2.64621
83.4171	9.80039	14.8533	73.6167	2.64621
72.2512	59.399	3.5997	12.8522	13.8998
72.2512	59.399	3.5997	12.8522	13.8998
80.2969	10.5167	14.6415	69.7801	2.85795
80.2969	10.5167	14.6415	69.7801	2.85795
58.0112	34.8188	7.14429	23.1924	10.3552
58.0112	34.8188	7.14429	23.1924	10.3552
135.666	3.22163	16.239	132.444	1.26052
135.666	3.22163	16.239	132.444	1.26052
89.938	81.4155	2.29208	8.52247	15.2074
89.938	81.4155	2.29208	8.52247	15.2074
58.3397	35.8222	6.92296	22.5175	10.5765
58.3397	35.8222	6.92296	22.5175	10.5765
57.4558	32.7585	7.62575	24.6973	9.87374
57.4558	32.7585	7.62575	24.6973	9.87374
85.1629	75.7307	2.54092	9.43223	14.9586
85.1629	75.7307	2.54092	9.43223	14.9586
68.8008	54.6078	4.05132	14.193	13.4482
68.8008	54.6078	4.05132	14.193	13.4482
64.8354	16.1931	12.7552	48.6423	4.74426
64.8354	16.1931	12.7552	48.6423	4.74426
59.4803	38.7416	6.32563	20.7387	11.1739
59.4803	38.7416	6.32563	20.7387	11.1739
62.1297	44.0726	5.3973	18.0571	12.1022
62.1297	44.0726	5.3973	18.0571	12.1022
57.61	24.2112	10.0273	33.3988	7.47215
57.61	24.2112	10.0273	33.3988	7.47215
66.2433	15.4082	13.0289	50.835	4.47054
66.2433	15.4082	13.0289	50.835	4.47054
69.6629	55.8322	3.92794	13.8307	13.5716
69.6629	55.8322	3.92794	13.8307	13.5716
97.9627	7.23706	15.5281	90.7257	1.97143
97.9627	7.23706	15.5281	90.7257	1.97143
141.115	138.333	1.21361	2.78209	16.2859
141.115	138.333	1.21361	2.78209	16.2859
57.385	32.437	7.70424	24.948	9.79525
57.385	32.437	7.70424	24.948	9.79525
71.9293	12.9661	13.862	58.9633	3.63746
71.9293	12.9661	13.862	58.9633	3.63746
61.4163	18.6633	11.8904	42.753	5.60909
61.4163	18.6633	11.8904	42.753	5.60909
76.0161	11.6527	14.2894	64.3634	3.21006
76.0161	11.6527	14.2894	64.3634	3.21006
139.82	2.88471	16.2755	136.935	1.22397
139.82	2.88471	16.2755	136.935	1.22397
118.418	113.632	1.47953	4.78646	16.02
118.418	113.632	1.47953	4.78646	16.02
56.9369	28.3948	8.77046	28.542	8.72903
56.9369	28.3948	8.77046	28.542	8.72903
101.983	95.3047	1.84471	6.67855	15.6548
101.983	95.3047	1.84471	6.67855	15.6548
56.9574	29.2815	8.5239	27.6759	8.97559
56.9574	29.2815	8.5239	27.6759	8.97559
56.9389	28.2075	8.82345	28.7314	8.67604
56.9389	28.2075	8.82345	28.7314	8.67604
74.2114	12.1997	14.1137	62.0117	3.38574
74.2114	12.1997	14.1137	62.0117	3.38574
60.2484	19.8192	11.4892	40.4292	6.01024
60.2484	19.8192	11.4892	40.4292	6.01024
79.76	69.1115	2.89784	10.6486	14.6017
79.76	69.1115	2.89784	10.6486	14.6017
61.2427	42.4218	5.66403	18.8209	11.8355
61.2427	42.4218	5.66403	18.8209	11.8355
105.039	6.28392	15.7394	98.7555	1.76014
105.039	6.28392	15.7394	98.7555	1.76014
59.3174	38.3609	6.39972	20.9565	11.0998
59.3174	38.3609	6.39972	20.9565	11.0998
58.1264	22.943	10.4366	35.1834	7.06288
58.1264	22.943	10.4366	35.1834	7.06288
61.0889	42.1248	5.71391	18.9642	11.7856
61.0889	42.1248	5.71391	18.9642	11.7856
67.1194	14.9651	13.1826	52.1543	4.31689
67.1194	14.9651	13.1826	52.1543	4.31689
61.1673	42.2765	5.68835	18.8907	11.8111
61.1673	42.2765	5.68835	18.8907	11.8111
76.15	11.6139	14.3017	64.536	3.19775
76.15	11.6139	14.3017	64.536	3.19775
65.4006	49.5345	4.63002	15.8661	12.8695
65.4006	49.5345	4.63002	15.8661	12.8695
72.4693	12.7763	13.9249	59.693	3.57457
72.4693	12.7763	13.9249	59.693	3.57457
61.7314	43.3437	5.51291	18.3877	11.9866
61.7314	43.3437	5.51291	18.3877	11.9866
57.8263	34.1984	7.28538	23.6279	10.2141
57.8263	34.1984	7.28538	23.6279	10.2141
82.7605	9.94457	14.8114	72.8159	2.68812
82.7605	9.94457	14.8114	72.8159	2.68812
105.827	99.6408	1.73981	6.18597	15.7597
105.827	99.6408	1.73981	6.18597	15.7597
57.0646	30.5298	8.18885	26.5348	9.31063
57.0646	30.5298	8.18885	26.5348	9.31063
58.0711	23.0608	10.3981	35.0103	7.10139
58.0711	23.0608	10.3981	35.0103	7.10139
59.8904	20.228	11.3485	39.6624	6.15095
59.8904	20.228	11.3485	39.6624	6.15095
58.4148	22.3771	10.623	36.0377	6.87651
58.4148	22.3771	10.623	36.0377	6.87651
63.2708	46.0705	5.09712	17.2003	12.4024
63.2708	46.0705	5.09712	17.2003	12.4024
139.384	2.91953	16.2719	136.464	1.22757
139.384	2.91953	16.2719	136.464	1.22757
58.2133	35.4487	7.00435	22.7646	10.4951
58.2133	35.4487	7.00435	22.7646	10.4951
57.0087	27.0058	9.17096	30.003	8.32853
57.0087	27.0058	9.17096	30.003	8.32853
58.2183	35.4638	7.00103	22.7545	10.4985
58.2183	35.4638	7.00103	22.7545	10.4985
65.2939	49.3674	4.65112	15.9265	12.8484
65.2939	49.3674	4.65112	15.9265	12.8484
57.1109	30.8871	8.09559	26.2238	9.4039
57.1109	30.8871	8.09559	26.2238	9.4039
62.4317	44.6136	5.31364	17.8181	12.1858
62.4317	44.6136	5.31364	17.8181	12.1858
59.0466	21.3405	10.9697	37.7061	6.52978
59.0466	21.3405	10.9697	37.7061	6.52978
141.491	2.75244	16.2888	138.739	1.21069
141.491	2.75244	16.2888	138.739	1.21069
68.6312	14.2667	13.4229	54.3645	4.07654
68.6312	14.2667	13.4229	54.3645	4.07654
151.239	2.01214	16.352	149.227	1.14754
151.239	2.01214	16.352	149.227	1.14754
59.5754	20.6158	11.2158	38.9596	6.28371
59.5754	20.6158	11.2158	38.9596	6.28371
76.1419	11.6163	14.301	64.5256	3.19849
76.1419	11.6163	14.301	64.5256	3.19849
56.9389	28.2091	8.823	28.7298	8.67648
56.9389	28.2091	8.823	28.7298	8.67648
59.2156	21.0974	11.0519	38.1182	6.44754
59.2156	21.0974	11.0519	38.1182	6.44754
58.5062	36.294	6.82179	22.2122	10.6777
58.5062	36.294	6.82179	22.2122	10.6777
56.9376	28.6341	8.70323	28.3035	8.79626
56.9376	28.6341	8.70323	28.3035	8.79626
57.2582	25.4597	9.63666	31.7985	7.86283
57.2582	25.4597	9.63666	31.7985	7.86283
86.046	9.25385	15.0087	76.7921	2.49082
86.046	9.25385	15.0087	76.7921	2.49082
160.101	158.727	1.10863	1.37442	16.3909
160.101	158.727	1.10863	1.37442	16.3909
61.377	18.6985	11.8781	42.6785	5.62138
61.377	18.6985	11.8781	42.6785	5.62138
57.0209	26.8903	9.20501	30.1306	8.29448
57.0209	26.8903	9.20501	30.1306	8.29448
100.619	6.86278	15.6139	93.7557	1.88561
100.619	6.86278	15.6139	93.7557	1.88561
60.9659	41.8844	5.75472	19.0815	11.7448
60.9659	41.8844	5.75472	19.0815	11.7448
74.5005	62.3917	3.35632	12.1089	14.1432
74.5005	62.3917	3.35632	12.1089	14.1432
57.8772	34.374	7.24511	23.5032	10.2544
57.8772	34.374	7.24511	23.5032	10.2544
119.152	4.71293	16.032	114.439	1.46748
119.152	4.71293	16.032	114.439	1.46748
73.0697	12.5716	13.9923	60.4981	3.50715
73.0697	12.5716	13.9923	60.4981	3.50715
59.64	20.5339	11.2438	39.1061	6.25572
59.64	20.5339	11.2438	39.1061	6.25572
150.535	148.471	1.15134	2.0641	16.3481
150.535	148.471	1.15134	2.0641	16.3481
57.0197	26.9007	9.20194	30.1191	8.29754
57.0197	26.9007	9.20194	30.1191	8.29754
57.0155	30.0754	8.3092	26.9402	9.19029
57.0155	30.0754	8.3092	26.9402	9.19029
58.694	36.8035	6.71459	21.8905	10.7849
58.694	36.8035	6.71459	21.8905	10.7849
57.6842	24.0003	10.0946	33.6838	7.40494
57.6842	24.0003	10.0946	33.6838	7.40494
96.2625	88.7739	2.0311	7.48864	15.4684
96.2625	88.7739	2.0311	7.48864	15.4684
59.4081	38.574	6.35811	20.8341	11.1414
59.4081	38.574	6.35811	20.8341	11.1414
141.987	139.273	1.2069	2.71356	16.2926
141.987	139.273	1.2069	2.71356	16.2926
66.2011	15.4304	13.0213	50.7707	4.47824
66.2011	15.4304	13.0213	50.7707	4.47824
77.2751	11.2971	14.4016	65.978	3.09787
77.2751	11.2971	14.4016	65.978	3.09787
68.8512	54.68	4.04388	14.1712	13.4556
68.8512	54.68	4.04388	14.1712	13.4556
64.011	16.7032	12.5766	47.3079	4.92285
64.011	16.7032	12.5766	47.3079	4.92285
56.9447	28.9716	8.60927	27.9731	8.89022
56.9447	28.9716	8.60927	27.9731	8.89022
61.8472	43.5576	5.47862	18.2896	12.0209
61.8472	43.5576	5.47862	18.2896	12.0209
60.6028	19.4426	11.6195	41.1602	5.88004
60.6028	19.4426	11.6195	41.1602	5.88004
145.216	142.752	1.18379	2.46373	16.3157
145.216	142.752	1.18379	2.46373	16.3157
65.5654	49.7915	4.59785	15.7739	12.9016
65.5654	49.7915	4.59785	15.7739	12.9016
57.0553	26.6041	9.28996	30.4513	8.20953
57.0553	26.6041	9.28996	30.4513	8.20953
93.4479	85.5198	2.13903	7.92815	15.3605
93.4479	85.5198	2.13903	7.92815	15.3605
62.4379	17.8133	12.1875	44.6246	5.31195
62.4379	17.8133	12.1875	44.6246	5.31195
69.1795	55.1483	3.99614	14.0313	13.5034
69.1795	55.1483	3.99614	14.0313	13.5034
58.267	35.6091	6.96925	22.6579	10.5302
58.267	35.6091	6.96925	22.6579	10.5302
58.175	22.8423	10.4696	35.3327	7.02987
58.175	22.8423	10.4696	35.3327	7.02987
71.8805	12.9835	13.8562	58.897	3.64326
71.8805	12.9835	13.8562	58.897	3.64326
85.2631	9.41174	14.9644	75.8514	2.53513
85.2631	9.41174	14.9644	75.8514	2.53513
108.978	103.171	1.66383	5.8078	15.8357
108.978	103.171	1.66383	5.8078	15.8357
109.968	5.69329	15.8579	104.275	1.64163
109.968	5.69329	15.8579	104.275	1.64163
105.427	99.192	1.75005	6.23547	15.7494
105.427	99.192	1.75005	6.23547	15.7494
72.0588	59.1388	3.62218	12.92	13.8773
72.0588	59.1388	3.62218	12.92	13.8773
65.709	50.0144	4.57022	15.6946	12.9293
65.709	50.0144	4.57022	15.6946	12.9293
57.0214	26.8859	9.20633	30.1355	8.29316
57.0214	26.8859	9.20633	30.1355	8.29316
57.8274	34.2021	7.28453	23.6252	10.215
57.8274	34.2021	7.28453	23.6252	10.215
68.0384	53.5069	4.16735	14.5315	13.3321
68.0384	53.5069	4.16735	14.5315	13.3321
60.0407	20.0527	11.4088	39.988	6.09067
60.0407	20.0527	11.4088	39.988	6.09067
123.498	119.206	1.40177	4.29202	16.0977
123.498	119.206	1.40177	4.29202	16.0977
59.5327	38.862	6.30243	20.6707	11.1971
59.5327	38.862	6.30243	20.6707	11.1971
56.9405	28.8148	8.65278	28.1257	8.84671
56.9405	28.8148	8.65278	28.1257	8.84671
60.1982	19.8748	11.4701	40.3234	6.02941
60.1982	19.8748	11.4701	40.3234	6.02941
60.233	40.3969	6.01609	19.8362	11.4834
60.233	40.3969	6.01609	19.8362	11.4834
60.4188	40.7839	5.94659	19.6349	11.5529
60.4188	40.7839	5.94659	19.6349	11.5529
60.3106	19.7512	11.5127	40.5594	5.98677
60.3106	19.7512	11.5127	40.5594	5.98677
110.309	5.65431	15.8653	104.655	1.63416
110.309	5.65431	15.8653	104.655	1.63416
58.9878	21.428	10.9402	37.5598	6.5593
58.9878	21.428	10.9402	37.5598	6.5593
58.0459	23.1156	10.3802	34.9303	7.11927
58.0459	23.1156	10.3802	34.9303	7.11927
65.4288	49.5786	4.62447	15.8502	12.875
65.4288	49.5786	4.62447	15.8502	12.875
56.9498	29.114	8.56991	27.8357	8.92958
56.9498	29.114	8.56991	27.8357	8.92958
74.3097	12.1687	14.1238	62.141	3.37568
74.3097	12.1687	14.1238	62.141	3.37568
72.6058	59.8766	3.55902	12.7292	13.9405
72.6058	59.8766	3.55902	12.7292	13.9405
75.2943	11.8659	14.2214	63.4284	3.2781
75.2943	11.8659	14.2214	63.4284	3.2781
64.7808	16.2255	12.7439	48.5553	4.75562
64.7808	16.2255	12.7439	48.5553	4.75562
59.3483	20.9144	11.1141	38.4339	6.38543
59.3483	20.9144	11.1141	38.4339	6.38543
56.9493	27.8479	8.9261	29.1014	8.57339
56.9493	27.8479	8.9261	29.1014	8.57339
85.3715	9.38966	14.9706	75.9818	2.52891
85.3715	9.38966	14.9706	75.9818	2.52891
57.045	26.6848	9.26593	30.3602	8.23356
57.045	26.6848	9.26593	30.3602	8.23356
96.2403	88.7483	2.03191	7.49199	15.4676
96.2403	88.7483	2.03191	7.49199	15.4676
107.419	5.99228	15.7991	101.426	1.70039
107.419	5.99228	15.7991	101.426	1.70039
66.1921	15.4351	13.0196	50.757	4.47988
66.1921	15.4351	13.0196	50.757	4.47988
113.33	5.31816	15.9279	108.012	1.57159
113.33	5.31816	15.9279	108.012	1.57159
91.7702	83.5649	2.20942	8.20532	15.2901
91.7702	83.5649	2.20942	8.20532	15.2901
59.3524	38.4435	6.38355	20.9089	11.1159
59.3524	38.4435	6.38355	20.9089	11.1159
58.2095	22.7724	10.4926	35.4371	7.0069
58.2095	22.7724	10.4926	35.4371	7.0069
69.1624	55.1239	3.9986	14.0385	13.5009
69.1624	55.1239	3.9986	14.0385	13.5009
61.5703	18.5269	11.938	43.0434	5.56152
61.5703	18.5269	11.938	43.0434	5.56152
75.0942	11.9263	14.202	63.168	3.29747
75.0942	11.9263	14.202	63.168	3.29747
85.1993	9.42478	14.9607	75.7746	2.53881
85.1993	9.42478	14.9607	75.7746	2.53881
57.3383	25.1258	9.7399	32.2125	7.75959
57.3383	25.1258	9.7399	32.2125	7.75959
57.8073	34.1319	7.30072	23.6755	10.1988
57.8073	34.1319	7.30072	23.6755	10.1988
57.4726	32.8323	7.60786	24.6404	9.89163
57.4726	32.8323	7.60786	24.6404	9.89163
57.022	30.142	8.29142	26.88	9.20807
57.022	30.142	8.29142	26.88	9.20807
58.1925	35.3859	7.01816	22.8066	10.4813
58.1925	35.3859	7.01816	22.8066	10.4813
138.841	2.96305	16.2674	135.878	1.23213
138.841	2.96305	16.2674	135.878	1.23213
139.599	136.697	1.22579	2.90231	16.2737
139.599	136.697	1.22579	2.90231	16.2737
56.9392	28.1885	8.82885	28.7507	8.67064
56.9392	28.1885	8.82885	28.7507	8.67064
57.9357	34.5715	7.20013	23.3643	10.2994
57.9357	34.5715	7.20013	23.3643	10.2994
90.8212	8.36761	15.248	82.4536	2.25144
90.8212	8.36761	15.248	82.4536	2.25144
56.9379	28.6661	8.69427	28.2719	8.80522
56.9379	28.6661	8.69427	28.2719	8.80522
61.1358	18.9201	11.8009	42.2157	5.69857
61.1358	18.9201	11.8009	42.2157	5.69857
57.4492	32.7294	7.6328	24.7197	9.86669
57.4492	32.7294	7.6328	24.7197	9.86669
69.0364	54.9445	4.01681	14.0919	13.4827
69.0364	54.9445	4.01681	14.0919	13.4827
63.677	46.7545	4.99972	16.9225	12.4998
63.677	46.7545	4.99972	16.9225	12.4998
73.9603	61.6807	3.41172	12.2797	14.0878
73.9603	61.6807	3.41172	12.2797	14.0878
94.4946	86.7334	2.09748	7.76116	15.402
94.4946	86.7334	2.09748	7.76116	15.402
97.9435	90.7037	1.97209	7.23985	15.5274
97.9435	90.7037	1.97209	7.23985	15.5274
60.3035	40.5446	5.98944	19.759	11.51
60.3035	40.5446	5.98944	19.759	11.51
65.352	15.8935	12.8599	49.4586	4.63959
65.352	15.8935	12.8599	49.4586	4.63959
61.1303	18.9253	11.7991	42.205	5.70038
61.1303	18.9253	11.7991	42.205	5.70038
67.8136	14.6349	13.2966	53.1787	4.20292
67.8136	14.6349	13.2966	53.1787	4.20292
69.4095	13.935	13.5361	55.4744	3.96339
69.4095	13.935	13.5361	55.4744	3.96339
57.5711	24.3274	9.99044	33.2436	7.50905
57.5711	24.3274	9.99044	33.2436	7.50905
58.5894	22.0669	10.7261	36.5226	6.77344
58.5894	22.0669	10.7261	36.5226	6.77344
71.3653	13.1705	13.7939	58.1948	3.70559
71.3653	13.1705	13.7939	58.1948	3.70559
107.284	101.276	1.70364	6.00844	15.7959
107.284	101.276	1.70364	6.00844	15.7959
57.5581	33.1911	7.52158	24.367	9.97791
57.5581	33.1911	7.52158	24.367	9.97791
80.6938	10.421	14.6703	70.2728	2.82915
80.6938	10.421	14.6703	70.2728	2.82915
67.851	53.2335	4.19695	14.6175	13.3025
67.851	53.2335	4.19695	14.6175	13.3025
74.938	11.9738	14.1867	62.9642	3.31276
74.938	11.9738	14.1867	62.9642	3.31276
74.7962	12.0173	14.1727	62.7789	3.32676
74.7962	12.0173	14.1727	62.7789	3.32676
56.9403	28.8056	8.65535	28.1347	8.84414
56.9403	28.8056	8.65535	28.1347	8.84414
56.9838	27.2805	9.09038	29.7033	8.40911
56.9838	27.2805	9.09038	29.7033	8.40911
141.816	2.72693	16.2913	139.089	1.2082
141.816	2.72693	16.2913	139.089	1.2082
155.336	153.622	1.12754	1.71397	16.3719
155.336	153.622	1.12754	1.71397	16.3719
58.1436	22.9073	10.4483	35.2363	7.05117
58.1436	22.9073	10.4483	35.2363	7.05117
59.283	21.0036	11.0837	38.2793	6.41575
59.283	21.0036	11.0837	38.2793	6.41575
60.6817	41.3195	5.85216	19.3622	11.6473
60.6817	41.3195	5.85216	19.3622	11.6473
71.1195	13.2618	13.7634	57.8577	3.73611
71.1195	13.2618	13.7634	57.8577	3.73611
61.8419	43.5478	5.48019	18.2941	12.0193
61.8419	43.5478	5.48019	18.2941	12.0193
82.409	10.0231	14.7884	72.3859	2.71111
82.409	10.0231	14.7884	72.3859	2.71111
63.3611	46.2237	5.07508	17.1375	12.4244
63.3611	46.2237	5.07508	17.1375	12.4244
57.0401	30.3161	8.24521	26.724	9.25428
57.0401	30.3161	8.24521	26.724	9.25428
62.47	17.7885	12.1962	44.6816	5.30325
62.47	17.7885	12.1962	44.6816	5.30325
56.9378	28.6548	8.69743	28.283	8.80206
56.9378	28.6548	8.69743	28.283	8.80206
156.823	155.216	1.12115	1.60724	16.3783
156.823	155.216	1.12115	1.60724	16.3783
75.4128	11.8304	14.2328	63.5825	3.26673
75.4128	11.8304	14.2328	63.5825	3.26673
61.272	18.7939	11.8449	42.4781	5.65464
61.272	18.7939	11.8449	42.4781	5.65464
68.1536	14.4792	13.3501	53.6744	4.14938
68.1536	14.4792	13.3501	53.6744	4.14938
57.4874	24.5914	9.90704	32.896	7.59245
57.4874	24.5914	9.90704	32.896	7.59245
57.4506	32.736	7.63121	24.7147	9.86827
57.4506	32.736	7.63121	24.7147	9.86827
64.0272	47.3345	4.91919	16.6927	12.5803
64.0272	47.3345	4.91919	16.6927	12.5803
77.4111	11.2598	14.4133	66.1512	3.08621
77.4111	11.2598	14.4133	66.1512	3.08621
134.415	3.32551	16.2269	131.09	1.27256
134.415	3.32551	16.2269	131.09	1.27256
59.3647	38.4725	6.37789	20.8922	11.1216
59.3647	38.4725	6.37789	20.8922	11.1216
60.5767	41.1072	5.88934	19.4695	11.6101
60.5767	41.1072	5.88934	19.4695	11.6101
60.7699	41.4963	5.82142	19.2735	11.6781
60.7699	41.4963	5.82142	19.2735	11.6781
74.1195	12.2289	14.1043	61.8907	3.3952
74.1195	12.2289	14.1043	61.8907	3.3952
57.4753	32.8439	7.60506	24.6315	9.89443
57.4753	32.8439	7.60506	24.6315	9.89443
58.7241	36.883	6.69805	21.8411	10.8014
58.7241	36.883	6.69805	21.8411	10.8014
65.0304	16.0783	12.7954	48.9521	4.70413
65.0304	16.0783	12.7954	48.9521	4.70413
62.7252	45.1305	5.23538	17.5947	12.2641
62.7252	45.1305	5.23538	17.5947	12.2641
58.1949	35.3932	7.01654	22.8017	10.4829
58.1949	35.3932	7.01654	22.8017	10.4829
72.2985	12.8357	13.9053	59.4628	3.59422
72.2985	12.8357	13.9053	59.4628	3.59422
57.3358	32.2005	7.76255	25.1353	9.73694
57.3358	32.2005	7.76255	25.1353	9.73694
117.115	112.196	1.50165	4.91889	15.9978
117.115	112.196	1.50165	4.91889	15.9978
71.1824	13.2383	13.7712	57.9441	3.72825
71.1824	13.2383	13.7712	57.9441	3.72825
125.985	4.06131	16.1313	121.924	1.36816
125.985	4.06131	16.1313	121.924	1.36816
62.8806	17.4798	12.3044	45.4008	5.19509
62.8806	17.4798	12.3044	45.4008	5.19509
56.951	27.8068	8.9379	29.1443	8.56159
56.951	27.8068	8.9379	29.1443	8.56159
57.0486	30.3924	8.22505	26.6562	9.27443
57.0486	30.3924	8.22505	26.6562	9.27443
87.0129	9.06412	15.0613	77.9488	2.43822
87.0129	9.06412	15.0613	77.9488	2.43822
124.441	120.238	1.3887	4.20371	16.1108
124.441	120.238	1.3887	4.20371	16.1108
70.0074	56.3159	3.88077	13.6915	13.6187
70.0074	56.3159	3.88077	13.6915	13.6187
57.1293	26.1128	9.43741	31.0165	8.06208
57.1293	26.1128	9.43741	31.0165	8.06208
65.0406	48.9683	4.70205	16.0723	12.7974
65.0406	48.9683	4.70205	16.0723	12.7974
72.9565	12.6097	13.9798	60.3468	3.51966
72.9565	12.6097	13.9798	60.3468	3.51966
72.7245	12.6885	13.9539	60.036	3.5456
72.7245	12.6885	13.9539	60.036	3.5456
59.6341	39.0928	6.25826	20.5413	11.2412
59.6341	39.0928	6.25826	20.5413	11.2412
65.2535	15.9495	12.8403	49.304	4.65915
65.2535	15.9495	12.8403	49.304	4.65915
62.6739	17.6332	12.2506	45.0407	5.24885
62.6739	17.6332	12.2506	45.0407	5.24885
71.1498	57.8993	3.73232	13.2504	13.7672
71.1498	57.8993	3.73232	13.2504	13.7672
92.0663	8.15551	15.3028	83.9108	2.19664
92.0663	8.15551	15.3028	83.9108	2.19664
64.9186	48.7747	4.72705	16.1438	12.7724
64.9186	48.7747	4.72705	16.1438	12.7724
83.4116	73.61	2.64656	9.80157	14.8529
83.4116	73.61	2.64656	9.80157	14.8529
57.4421	32.6978	7.64048	24.7442	9.85901
57.4421	32.6978	7.64048	24.7442	9.85901
56.9368	28.4205	8.76323	28.5163	8.73626
56.9368	28.4205	8.76323	28.5163	8.73626
77.0339	11.3637	14.3807	65.6702	3.11876
77.0339	11.3637	14.3807	65.6702	3.11876
57.0682	30.5596	8.18103	26.5086	9.31846
57.0682	30.5596	8.18103	26.5086	9.31846
63.7641	46.8996	4.97941	16.8646	12.5201
63.7641	46.8996	4.97941	16.8646	12.5201
115.981	110.945	1.52169	5.03618	15.9778
115.981	110.945	1.52169	5.03618	15.9778
157.643	156.094	1.11782	1.5487	16.3817
157.643	156.094	1.11782	1.5487	16.3817
61.1572	18.9001	11.8079	42.2571	5.69162
61.1572	18.9001	11.8079	42.2571	5.69162
57.2907	31.9715	7.81951	25.3192	9.67998
57.2907	31.9715	7.81951	25.3192	9.67998
57.6621	33.6003	7.42457	24.0618	10.0749
57.6621	33.6003	7.42457	24.0618	10.0749
57.5361	33.1008	7.54319	24.4353	9.9563
57.5361	33.1008	7.54319	24.4353	9.9563
64.5284	48.1502	4.80902	16.3781	12.6905
64.5284	48.1502	4.80902	16.3781	12.6905
57.0877	30.7146	8.14046	26.3731	9.35903
57.0877	30.7146	8.14046	26.3731	9.35903
114.251	109.032	1.55375	5.21891	15.9457
114.251	109.032	1.55375	5.21891	15.9457
101.426	6.75312	15.6383	94.673	1.86116
101.426	6.75312	15.6383	94.673	1.86116
58.5914	22.0635	10.7272	36.5279	6.7723
58.5914	22.0635	10.7272	36.5279	6.7723
80.4294	10.4846	14.6512	69.9448	2.84827
80.4294	10.4846	14.6512	69.9448	2.84827
57.7695	33.9972	7.33186	23.7723	10.1676
57.7695	33.9972	7.33186	23.7723	10.1676
57.37	25.0037	9.77789	32.3664	7.7216
57.37	25.0037	9.77789	32.3664	7.7216
82.1267	10.0869	14.7696	72.0398	2.72985
82.1267	10.0869	14.7696	72.0398	2.72985
71.645	58.5766	3.67149	13.0683	13.828
71.645	58.5766	3.67149	13.0683	13.828
78.8505	67.9722	2.968	10.8783	14.5315
78.8505	67.9722	2.968	10.8783	14.5315
57.2352	25.5639	9.60463	31.6714	7.89485
57.2352	25.5639	9.60463	31.6714	7.89485
57.1425	31.1058	8.03904	26.0367	9.46045
57.1425	31.1058	8.03904	26.0367	9.46045
76.4503	11.5278	14.329	64.9225	3.17046
76.4503	11.5278	14.329	64.9225	3.17046
57.052	30.4222	8.21719	26.6298	9.2823
57.052	30.4222	8.21719	26.6298	9.2823
57.6173	24.19	10.0341	33.4273	7.4654
57.6173	24.19	10.0341	33.4273	7.4654
57.9362	34.5729	7.19981	23.3633	10.2997
57.9362	34.5729	7.19981	23.3633	10.2997
59.5959	39.0061	6.2748	20.5897	11.2247
59.5959	39.0061	6.2748	20.5897	11.2247
86.8591	77.7652	2.44643	9.09392	15.0531
86.8591	77.7652	2.44643	9.09392	15.0531
105.888	99.7094	1.73825	6.17844	15.7612
105.888	99.7094	1.73825	6.17844	15.7612
69.6955	13.8174	13.5761	55.8781	3.92342
69.6955	13.8174	13.5761	55.8781	3.92342
72.2122	59.3463	3.60424	12.8659	13.8953
72.2122	59.3463	3.60424	12.8659	13.8953
74.2618	12.1838	14.1189	62.078	3.38058
74.2618	12.1838	14.1189	62.078	3.38058
65.7248	15.686	12.9323	50.0388	4.56721
65.7248	15.686	12.9323	50.0388	4.56721
106.557	6.09638	15.778	100.461	1.72144
106.557	6.09638	15.778	100.461	1.72144
68.3738	14.3803	13.384	53.9935	4.11546
68.3738	14.3803	13.384	53.9935	4.11546
56.955	29.2324	8.53737	27.7226	8.96212
56.955	29.2324	8.53737	27.7226	8.96212
57.7083	33.7739	7.38384	23.9344	10.1156
57.7083	33.7739	7.38384	23.9344	10.1156
96.5236	89.0742	2.02169	7.44937	15.4778
96.5236	89.0742	2.02169	7.44937	15.4778
101.428	94.675	1.86111	6.75289	15.6384
101.428	94.675	1.86111	6.75289	15.6384
112.296	5.43142	15.9072	106.864	1.5923
112.296	5.43142	15.9072	106.864	1.5923
57.166	25.9072	9.49973	31.2588	7.99976
57.166	25.9072	9.49973	31.2588	7.99976
59.9429	20.1662	11.3698	39.7768	6.12969
59.9429	20.1662	11.3698	39.7768	6.12969
98.3736	7.17772	15.5419	91.1959	1.95759
98.3736	7.17772	15.5419	91.1959	1.95759
56.978	27.3543	9.06884	29.6237	8.43065
56.978	27.3543	9.06884	29.6237	8.43065
70.019	13.6868	13.6203	56.3321	3.8792
70.019	13.6868	13.6203	56.3321	3.8792
57.1584	25.9485	9.48719	31.2098	8.0123
57.1584	25.9485	9.48719	31.2098	8.0123
87.2824	78.2701	2.42396	9.01225	15.0755
87.2824	78.2701	2.42396	9.01225	15.0755
59.2875	20.9974	11.0859	38.2901	6.41362
59.2875	20.9974	11.0859	38.2901	6.41362
91.1589	8.30938	15.2632	82.8495	2.2363
91.1589	8.30938	15.2632	82.8495	2.2363
59.6603	39.1518	6.24702	20.5085	11.2525
59.6603	39.1518	6.24702	20.5085	11.2525
66.6076	15.2202	13.0943	51.3874	4.40524
66.6076	15.2202	13.0943	51.3874	4.40524
56.937	28.5592	8.72421	28.3777	8.77528
56.937	28.5592	8.72421	28.3777	8.77528
75.9994	64.3418	3.2116	11.6576	14.2879
75.9994	64.3418	3.2116	11.6576	14.2879
61.7387	43.3572	5.51074	18.3815	11.9887
61.7387	43.3572	5.51074	18.3815	11.9887
76.2089	64.612	3.19236	11.5969	14.3071
76.2089	64.612	3.19236	11.5969	14.3071
57.2347	31.6687	7.89554	25.5661	9.60395
57.2347	31.6687	7.89554	25.5661	9.60395
65.8139	50.1765	4.55027	15.6373	12.9492
65.8139	50.1765	4.55027	15.6373	12.9492
90.0936	8.49491	15.2147	81.5987	2.28481
90.0936	8.49491	15.2147	81.5987	2.28481
57.2095	25.686	9.5672	31.5235	7.93229
57.2095	25.686	9.5672	31.5235	7.93229
60.1928	19.8807	11.468	40.3122	6.03145
60.1928	19.8807	11.468	40.3122	6.03145
105.973	6.16799	15.7634	99.8047	1.7361
105.973	6.16799	15.7634	99.8047	1.7361
64.0937	16.6501	12.5952	47.4436	4.90424
64.0937	16.6501	12.5952	47.4436	4.90424
96.6321	7.4331	15.4817	89.199	2.0178
96.6321	7.4331	15.4817	89.199	2.0178
58.8876	37.3068	6.61074	21.5808	10.8888
58.8876	37.3068	6.61074	21.5808	10.8888
76.2741	64.6959	3.18642	11.5782	14.3131
76.2741	64.6959	3.18642	11.5782	14.3131
83.0038	73.113	2.67244	9.89076	14.827
83.0038	73.113	2.67244	9.89076	14.827
67.0794	14.9847	13.1758	52.0947	4.32366
67.0794	14.9847	13.1758	52.0947	4.32366
89.1032	80.4308	2.33191	8.6724	15.1676
89.1032	80.4308	2.33191	8.6724	15.1676
64.2793	16.5325	12.6364	47.7467	4.86307
64.2793	16.5325	12.6364	47.7467	4.86307
102.365	6.62796	15.6659	95.7368	1.83363
102.365	6.62796	15.6659	95.7368	1.83363
57.1457	31.1274	8.03349	26.0184	9.466
57.1457	31.1274	8.03349	26.0184	9.466
59.0094	21.3957	10.9511	37.6137	6.54841
59.0094	21.3957	10.9511	37.6137	6.54841
60.9878	19.0604	11.7521	41.9274	5.74738
60.9878	19.0604	11.7521	41.9274	5.74738
77.2602	11.3012	14.4003	65.959	3.09915
77.2602	11.3012	14.4003	65.959	3.09915
60.196	19.8772	11.4692	40.3187	6.03025
60.196	19.8772	11.4692	40.3187	6.03025
79.6347	68.955	2.90731	10.6797	14.5922
79.6347	68.955	2.90731	10.6797	14.5922
61.3324	18.7388	11.864	42.5936	5.63544
61.3324	18.7388	11.864	42.5936	5.63544
66.4844	51.2012	4.42709	15.2832	13.0724
66.4844	51.2012	4.42709	15.2832	13.0724
64.1927	16.5871	12.6173	47.6056	4.88217
64.1927	16.5871	12.6173	47.6056	4.88217
57.0793	26.4304	9.34185	30.6489	8.15764
57.0793	26.4304	9.34185	30.6489	8.15764
59.4574	20.7687	11.1636	38.6887	6.33586
59.4574	20.7687	11.1636	38.6887	6.33586
115.427	5.09418	15.9677	110.333	1.53176
115.427	5.09418	15.9677	110.333	1.53176
57.7575	23.8036	10.1576	33.9539	7.34192
57.7575	23.8036	10.1576	33.9539	7.34192
70.2382	13.5999	13.6497	56.6383	3.84981
70.2382	13.5999	13.6497	56.6383	3.84981
75.1229	11.9176	14.2048	63.2053	3.29468
75.1229	11.9176	14.2048	63.2053	3.29468
72.2364	59.3789	3.60143	12.8574	13.8981
72.2364	59.3789	3.60143	12.8574	13.8981
84.9169	9.48284	14.9442	75.4341	2.55524
84.9169	9.48284	14.9442	75.4341	2.55524
107.576	5.97347	15.8029	101.602	1.69662
107.576	5.97347	15.8029	101.602	1.69662
103.382	96.8871	1.80484	6.49497	15.6946
103.382	96.8871	1.80484	6.49497	15.6946
74.4914	12.1117	14.1422	62.3797	3.35724
74.4914	12.1117	14.1422	62.3797	3.35724
72.0022	12.9401	13.8706	59.0621	3.62884
72.0022	12.9401	13.8706	59.0621	3.62884
59.6339	20.5416	11.2411	39.0922	6.25837
59.6339	20.5416	11.2411	39.0922	6.25837
62.3423	44.4545	5.33806	17.8878	12.1614
62.3423	44.4545	5.33806	17.8878	12.1614
83.7897	9.72	14.8765	74.0697	2.62301
83.7897	9.72	14.8765	74.0697	2.62301
119.822	115.175	1.45673	4.64647	16.0428
119.822	115.175	1.45673	4.64647	16.0428
60.0341	20.0602	11.4062	39.974	6.09326
60.0341	20.0602	11.4062	39.974	6.09326
87.5905	8.95344	15.0916	78.6371	2.40786
87.5905	8.95344	15.0916	78.6371	2.40786
59.5364	20.6658	11.1987	38.8706	6.30077
59.5364	20.6658	11.1987	38.8706	6.30077
56.9904	29.7897	8.3858	27.2008	9.11368
56.9904	29.7897	8.3858	27.2008	9.11368
63.7048	16.904	12.5063	46.8009	4.99322
63.7048	16.904	12.5063	46.8009	4.99322
70.5773	13.4676	13.6943	57.1097	3.80523
70.5773	13.4676	13.6943	57.1097	3.80523
63.0061	45.6176	5.16308	17.3885	12.3364
63.0061	45.6176	5.16308	17.3885	12.3364
59.8704	20.2519	11.3404	39.6185	6.15914
59.8704	20.2519	11.3404	39.6185	6.15914
113.101	107.757	1.57613	5.34317	15.9234
113.101	107.757	1.57613	5.34317	15.9234
57.9218	23.3968	10.2888	34.525	7.21069
57.9218	23.3968	10.2888	34.525	7.21069
57.1359	31.0613	8.05052	26.0746	9.44897
57.1359	31.0613	8.05052	26.0746	9.44897
64.6825	48.398	4.77626	16.2845	12.7232
64.6825	48.398	4.77626	16.2845	12.7232
57.0183	30.1045	8.30142	26.9138	9.19807
57.0183	30.1045	8.30142	26.9138	9.19807
58.5594	36.4406	6.79072	22.1188	10.7088
58.5594	36.4406	6.79072	22.1188	10.7088
58.6182	36.6006	6.75703	22.0176	10.7425
58.6182	36.6006	6.75703	22.0176	10.7425
105.674	6.20491	15.7558	99.4687	1.74372
105.674	6.20491	15.7558	99.4687	1.74372
107.206	6.01782	15.794	101.188	1.70553
107.206	6.01782	15.794	101.188	1.70553
56.9964	29.862	8.36632	27.1343	9.13317
56.9964	29.862	8.36632	27.1343	9.13317
77.6221	11.2025	14.4312	66.4196	3.06831
77.6221	11.2025	14.4312	66.4196	3.06831
60.0889	40.0913	6.07172	19.9976	11.4278
60.0889	40.0913	6.07172	19.9976	11.4278
79.994	69.4032	2.88032	10.5908	14.6192
79.994	69.4032	2.88032	10.5908	14.6192
59.8209	39.5096	6.17949	20.3113	11.32
59.8209	39.5096	6.17949	20.3113	11.32
109.479	5.74959	15.847	103.73	1.6525
109.479	5.74959	15.847	103.73	1.6525
68.8471	54.6741	4.04449	14.173	13.455
68.8471	54.6741	4.04449	14.173	13.455
112.036	5.46021	15.9019	106.575	1.59762
112.036	5.46021	15.9019	106.575	1.59762
98.4821	7.16214	15.5455	91.32	1.95397
98.4821	7.16214	15.5455	91.32	1.95397
60.7262	41.4089	5.83659	19.3173	11.6629
60.7262	41.4089	5.83659	19.3173	11.6629
65.4452	15.841	12.8782	49.6042	4.62126
65.4452	15.841	12.8782	49.6042	4.62126
57.8165	34.1641	7.29328	23.6524	10.2062
57.8165	34.1641	7.29328	23.6524	10.2062
57.0415	26.7126	9.25767	30.3289	8.24182
57.0415	26.7126	9.25767	30.3289	8.24182
68.035	14.5331	13.3316	53.5019	4.1679
68.035	14.5331	13.3316	53.5019	4.1679
64.9078	48.7576	4.72927	16.1502	12.7702
64.9078	48.7576	4.72927	16.1502	12.7702
64.9329	48.7975	4.72409	16.1354	12.7754
64.9329	48.7975	4.72409	16.1354	12.7754
61.3254	42.5802	5.63766	18.7452	11.8618
61.3254	42.5802	5.63766	18.7452	11.8618
58.4994	36.2753	6.82576	22.2241	10.6737
58.4994	36.2753	6.82576	22.2241	10.6737
58.2073	22.7768	10.4911	35.4305	7.00836
58.2073	22.7768	10.4911	35.4305	7.00836
57.0534	30.4345	8.21393	26.6189	9.28555
57.0534	30.4345	8.21393	26.6189	9.28555
60.4975	40.9457	5.91785	19.5518	11.5816
60.4975	40.9457	5.91785	19.5518	11.5816
61.9049	18.2414	12.0377	43.6635	5.46178
61.9049	18.2414	12.0377	43.6635	5.46178
92.5197	84.4396	2.17738	8.08001	15.3221
92.5197	84.4396	2.17738	8.08001	15.3221
56.9431	28.0231	8.87593	28.92	8.62356
56.9431	28.0231	8.87593	28.92	8.62356
57.2008	25.7285	9.5542	31.4723	7.94529
57.2008	25.7285	9.5542	31.4723	7.94529
88.7558	80.0199	2.34892	8.73585	15.1506
88.7558	80.0199	2.34892	8.73585	15.1506
82.7595	72.8147	2.68819	9.94479	14.8113
82.7595	72.8147	2.68819	9.94479	14.8113
64.1579	16.6091	12.6096	47.5488	4.8899
64.1579	16.6091	12.6096	47.5488	4.8899
68.9022	54.753	4.03639	14.1493	13.4631
68.9022	54.753	4.03639	14.1493	13.4631
57.4145	24.8407	9.82878	32.5739	7.6707
57.4145	24.8407	9.82878	32.5739	7.6707
62.7291	45.1373	5.23435	17.5918	12.2651
62.7291	45.1373	5.23435	17.5918	12.2651
139.894	2.87882	16.2761	137.015	1.22337
139.894	2.87882	16.2761	137.015	1.22337
58.0292	23.1523	10.3683	34.8769	7.13123
58.0292	23.1523	10.3683	34.8769	7.13123
75.0214	11.9484	14.1949	63.073	3.30458
75.0214	11.9484	14.1949	63.073	3.30458
68.3659	53.982	4.11667	14.3839	13.3828
68.3659	53.982	4.11667	14.3839	13.3828
64.9408	48.8101	4.72246	16.1307	12.777
64.9408	48.8101	4.72246	16.1307	12.777
147.625	145.344	1.16826	2.28106	16.3312
147.625	145.344	1.16826	2.28106	16.3312
140.954	2.79475	16.2846	138.16	1.21487
140.954	2.79475	16.2846	138.16	1.21487
56.9767	27.3714	9.06388	29.6054	8.43561
56.9767	27.3714	9.06388	29.6054	8.43561
56.959	29.3142	8.51494	27.6449	8.98455
56.959	29.3142	8.51494	27.6449	8.98455
59.9398	39.7699	6.13095	20.1698	11.3685
59.9398	39.7699	6.13095	20.1698	11.3685
78.9136	68.0514	2.96302	10.8621	14.5365
78.9136	68.0514	2.96302	10.8621	14.5365
63.6609	16.9333	12.496	46.7276	5.0035
63.6609	16.9333	12.496	46.7276	5.0035
56.9891	29.7724	8.39046	27.2167	9.10903
56.9891	29.7724	8.39046	27.2167	9.10903
58.3233	35.7744	6.93331	22.5489	10.5662
58.3233	35.7744	6.93331	22.5489	10.5662
99.0621	91.9826	1.93487	7.07949	15.5646
99.0621	91.9826	1.93487	7.07949	15.5646
57.0167	30.0882	8.30577	26.9285	9.19372
57.0167	30.0882	8.30577	26.9285	9.19372
56.9367	28.4332	8.75964	28.5035	8.73985
56.9367	28.4332	8.75964	28.5035	8.73985
79.0719	10.8217	14.5489	68.2502	2.95061
79.0719	10.8217	14.5489	68.2502	2.95061
100.636	6.86032	15.6144	93.7762	1.88506
100.636	6.86032	15.6144	93.7762	1.88506
59.1581	21.1787	11.0244	37.9794	6.47509
59.1581	21.1787	11.0244	37.9794	6.47509
74.5672	62.4792	3.3496	12.0881	14.1499
74.5672	62.4792	3.3496	12.0881	14.1499
151.025	2.02796	16.3508	148.997	1.14869
151.025	2.02796	16.3508	148.997	1.14869
57.3522	32.2806	7.74273	25.0715	9.75676
57.3522	32.2806	7.74273	25.0715	9.75676
59.4499	38.6713	6.33922	20.7786	11.1603
59.4499	38.6713	6.33922	20.7786	11.1603
73.5125	12.4248	14.0404	61.0877	3.45905
73.5125	12.4248	14.0404	61.0877	3.45905
79.0904	10.8169	14.5503	68.2735	2.94917
79.0904	10.8169	14.5503	68.2735	2.94917
75.6235	63.8557	3.24672	11.7678	14.2528
75.6235	63.8557	3.24672	11.7678	14.2528
66.2609	50.8619	4.46733	15.399	13.0322
66.2609	50.8619	4.46733	15.399	13.0322
70.1937	56.5763	3.85573	13.6174	13.6438
70.1937	56.5763	3.85573	13.6174	13.6438
61.9849	18.1751	12.0609	43.8098	5.43858
61.9849	18.1751	12.0609	43.8098	5.43858
116.836	111.888	1.50652	4.9476	15.993
116.836	111.888	1.50652	4.9476	15.993
72.9306	12.6185	13.9769	60.3121	3.52255
72.9306	12.6185	13.9769	60.3121	3.52255
99.9108	6.96042	15.5918	92.9504	1.90765
99.9108	6.96042	15.5918	92.9504	1.90765
58.0331	23.1438	10.371	34.8893	7.12846
58.0331	23.1438	10.371	34.8893	7.12846
59.8117	39.4893	6.1833	20.3224	11.3162
59.8117	39.4893	6.1833	20.3224	11.3162
57.06	26.5687	9.3005	30.4913	8.19899
57.06	26.5687	9.3005	30.4913	8.19899
61.741	18.3795	11.9895	43.3615	5.51004
61.741	18.3795	11.9895	43.3615	5.51004
77.1976	11.3184	14.3949	65.8792	3.10455
77.1976	11.3184	14.3949	65.8792	3.10455
65.0296	48.9509	4.70429	16.0787	12.7952
65.0296	48.9509	4.70429	16.0787	12.7952
60.8012	19.2424	11.6889	41.5587	5.81062
60.8012	19.2424	11.6889	41.5587	5.81062
59.6337	39.0919	6.25842	20.5418	11.2411
59.6337	39.0919	6.25842	20.5418	11.2411
60.8363	41.6287	5.79856	19.2077	11.7009
60.8363	41.6287	5.79856	19.2077	11.7009
58.8237	37.1429	6.64433	21.6808	10.8552
58.8237	37.1429	6.64433	21.6808	10.8552
68.034	53.5005	4.16805	14.5335	13.3314
68.034	53.5005	4.16805	14.5335	13.3314
103.432	6.48855	15.696	96.9432	1.80346
103.432	6.48855	15.696	96.9432	1.80346
79.2788	10.7691	14.5649	68.5097	2.93454
79.2788	10.7691	14.5649	68.5097	2.93454
66.9518	15.0475	13.1541	51.9043	4.3454
66.9518	15.0475	13.1541	51.9043	4.3454
59.9745	20.1293	11.3825	39.8452	6.11702
59.9745	20.1293	11.3825	39.8452	6.11702
57.1903	25.7811	9.53816	31.4092	7.96133
57.1903	25.7811	9.53816	31.4092	7.96133
67.7583	14.6605	13.2877	53.0978	4.21175
67.7583	14.6605	13.2877	53.0978	4.21175
59.8712	39.6202	6.15881	20.251	11.3407
59.8712	39.6202	6.15881	20.251	11.3407
57.0977	26.3074	9.37875	30.7903	8.12074
57.0977	26.3074	9.37875	30.7903	8.12074
56.9425	28.045	8.8697	28.8975	8.62979
56.9425	28.045	8.8697	28.8975	8.62979
61.7991	43.4688	5.49282	18.3302	12.0067
61.7991	43.4688	5.49282	18.3302	12.0067
69.0901	14.0691	13.4905	55.021	4.00903
69.0901	14.0691	13.4905	55.021	4.00903
62.257	44.3019	5.36162	17.9551	12.1379
62.257	44.3019	5.36162	17.9551	12.1379
150.289	2.0823	16.3468	148.207	1.1527
150.289	2.0823	16.3468	148.207	1.1527
56.9368	28.4234	8.7624	28.5134	8.73709
56.9368	28.4234	8.7624	28.5134	8.73709
69.2363	14.0074	13.5115	55.229	3.988
69.2363	14.0074	13.5115	55.229	3.988
96.2314	88.738	2.03223	7.49334	15.4673
96.2314	88.738	2.03223	7.49334	15.4673
86.7633	77.6507	2.45158	9.11257	15.0479
86.7633	77.6507	2.45158	9.11257	15.0479
59.5889	38.9904	6.27781	20.5985	11.2217
59.5889	38.9904	6.27781	20.5985	11.2217
67.3333	14.8616	13.2184	52.4717	4.28108
67.3333	14.8616	13.2184	52.4717	4.28108
105.12	98.8466	1.75802	6.27379	15.7415
105.12	98.8466	1.75802	6.27379	15.7415
57.0561	30.4577	8.20784	26.5984	9.29165
57.0561	30.4577	8.20784	26.5984	9.29165
84.7676	75.2539	2.56402	9.51375	14.9355
84.7676	75.2539	2.56402	9.51375	14.9355
62.7364	17.5864	12.267	45.1501	5.23244
62.7364	17.5864	12.267	45.1501	5.23244
57.0923	26.3426	9.36819	30.7498	8.1313
57.0923	26.3426	9.36819	30.7498	8.1313
57.2919	25.314	9.68158	31.9779	7.81791
57.2919	25.314	9.68158	31.9779	7.81791
84.8623	75.3682	2.55844	9.49412	14.941
84.8623	75.3682	2.55844	9.49412	14.941
56.9486	29.0831	8.57844	27.8654	8.92105
56.9486	29.0831	8.57844	27.8654	8.92105
58.6064	22.0378	10.7357	36.5686	6.76375
58.6064	22.0378	10.7357	36.5686	6.76375
57.1592	25.944	9.48855	31.2152	8.01094
57.1592	25.944	9.48855	31.2152	8.01094
56.9515	29.1542	8.55887	27.7973	8.94062
56.9515	29.1542	8.55887	27.7973	8.94062
69.9478	13.7153	13.6107	56.2325	3.88883
69.9478	13.7153	13.6107	56.2325	3.88883
73.7202	61.3631	3.43693	12.3571	14.0626
73.7202	61.3631	3.43693	12.3571	14.0626
68.1381	14.4862	13.3477	53.6519	4.15178
68.1381	14.4862	13.3477	53.6519	4.15178
57.0076	29.9902	8.33195	27.0174	9.16754
57.0076	29.9902	8.33195	27.0174	9.16754
67.4768	52.6838	4.25741	14.793	13.2421
67.4768	52.6838	4.25741	14.793	13.2421
70.8963	57.5506	3.76425	13.3457	13.7352
70.8963	57.5506	3.76425	13.3457	13.7352
81.6818	71.493	2.75993	10.1888	14.7396
81.6818	71.493	2.75993	10.1888	14.7396
57.6094	33.3963	7.47274	24.2131	10.0267
57.6094	33.3963	7.47274	24.2131	10.0267
101.817	6.70067	15.6499	95.1166	1.84957
101.817	6.70067	15.6499	95.1166	1.84957
57.8711	34.3535	7.24981	23.5177	10.2497
57.8711	34.3535	7.24981	23.5177	10.2497
57.4009	24.8896	9.81349	32.5114	7.686
57.4009	24.8896	9.81349	32.5114	7.686
57.0841	26.3973	9.35177	30.6869	8.14772
57.0841	26.3973	9.35177	30.6869	8.14772
